idade,renda_mensal,tempo_emprego_anos,score_interno,valor_solicitado,num_parcelas,tipo_renda,possui_restricao,inadimplente
22,6509.46,2.6,451.0,10416.22,48,CLT,nao,1
58,2403.38,6.9,670.0,5798.57,36,autonomo,nao,0
52,806.95,8.2,563.0,11109.34,24,CLT,nao,0
40,1377.7,1.1,523.0,14172.99,24,CLT,nao,0
40,7957.7,3.2,700.0,5770.35,18,CLT,nao,0
62,2919.91,9.4,607.0,5141.15,12,CLT,nao,0
22,2409.32,10.2,506.0,13891.81,18,CLT,nao,0
54,8986.36,2.5,794.0,16901.48,48,autonomo,nao,0
28,7301.52,7.3,475.0,40028.31,6,CLT,nao,0
22,3690.24,6.5,612.0,15255.91,6,autonomo,nao,0
45,3098.36,6.1,450.0,4510.2,48,CLT,nao,0
68,3385.8,0.6,644.0,37266.84,36,servidor_publico,nao,0
56,4125.49,2.0,562.0,19648.21,24,CLT,nao,1
57,8778.19,2.9,694.0,2688.06,18,autonomo,nao,0
55,4593.31,2.8,618.0,5066.02,6,CLT,sim,0
58,5427.95,3.1,742.0,7190.29,36,CLT,sim,0
44,6926.42,11.0,581.0,17064.64,24,autonomo,nao,0
24,1913.48,2.5,476.0,2107.7,36,CLT,nao,0
61,5514.71,4.4,641.0,9159.78,18,CLT,nao,0
41,3096.37,4.2,597.0,16443.44,36,CLT,nao,0
44,912.46,3.2,456.0,1568.42,48,aposentado,sim,0
37,1129.47,1.2,525.0,16080.99,6,servidor_publico,sim,0
27,2079.82,3.5,554.0,17387.61,36,autonomo,nao,0
66,4876.45,0.4,760.0,5708.3,24,CLT,sim,0
58,3876.12,4.7,684.0,4676.77,18,CLT,nao,0
51,4029.52,0.3,589.0,5650.56,12,servidor_publico,nao,1
38,10646.85,4.4,662.0,1742.6,6,CLT,nao,0
60,1811.66,1.9,436.0,8006.24,6,CLT,nao,0
46,3586.43,1.4,569.0,11415.62,12,servidor_publico,nao,0
41,4304.6,5.6,656.0,4480.24,24,CLT,nao,0
41,2428.55,2.3,635.0,18617.03,24,servidor_publico,nao,0
29,3698.12,3.4,571.0,10579.45,48,autonomo,nao,0
22,1510.25,0.6,617.0,11719.53,36,servidor_publico,nao,0
46,7906.56,8.6,650.0,7621.3,48,autonomo,nao,0
64,2502.67,3.6,619.0,16042.21,36,CLT,nao,0
21,11128.56,3.6,697.0,22899.36,24,autonomo,nao,0
62,3576.5,4.7,649.0,7593.99,36,servidor_publico,nao,0
61,6408.81,0.1,666.0,16230.88,36,autonomo,nao,1
32,3535.76,9.2,774.0,16347.3,36,servidor_publico,nao,0
50,3579.9,2.5,694.0,12985.85,12,aposentado,nao,0
26,2640.66,8.8,777.0,29439.28,36,autonomo,nao,0
57,3887.49,2.4,560.0,6172.02,12,servidor_publico,sim,0
54,4336.83,2.0,477.0,7525.06,12,CLT,nao,0
36,2365.29,4.5,607.0,5972.83,36,aposentado,nao,0
21,3398.96,12.4,600.0,15855.38,24,servidor_publico,sim,1
68,2603.07,7.3,751.0,8290.65,36,CLT,nao,0
41,12897.84,4.9,518.0,6296.59,36,autonomo,nao,0
64,3465.62,4.5,613.0,29174.37,36,CLT,sim,0
53,8517.5,3.5,656.0,32086.12,6,servidor_publico,nao,0
58,3269.55,8.5,629.0,7993.23,6,CLT,nao,0
57,4199.03,5.7,605.0,4069.13,12,CLT,sim,0
28,1760.32,0.8,652.0,33232.59,18,CLT,nao,0
36,2847.25,1.4,717.0,13439.79,36,CLT,nao,0
42,4087.93,5.0,758.0,13009.95,6,aposentado,nao,0
43,8710.65,1.2,623.0,10596.2,24,CLT,nao,0
20,4113.75,3.6,547.0,5882.83,36,CLT,nao,0
46,7793.51,6.1,758.0,7565.58,18,servidor_publico,nao,0
26,5179.17,4.5,523.0,15375.31,12,CLT,nao,0
56,8911.26,1.0,781.0,7398.89,12,CLT,nao,0
53,3524.62,1.4,741.0,13114.05,18,CLT,nao,0
65,13556.51,4.6,754.0,9983.49,24,servidor_publico,nao,0
56,2787.87,11.5,682.0,4979.19,24,servidor_publico,sim,0
37,2388.56,3.0,430.0,28388.37,48,autonomo,nao,0
68,1871.45,6.2,526.0,14561.28,6,CLT,nao,0
39,13122.24,4.6,648.0,12270.1,12,CLT,nao,0
34,5714.12,1.9,559.0,14196.69,18,autonomo,nao,1
65,3029.74,6.3,592.0,3085.97,18,CLT,nao,0
37,7237.0,0.6,675.0,7182.72,36,CLT,sim,0
21,5314.69,5.9,605.0,3667.46,6,CLT,nao,0
42,10736.13,4.8,510.0,10732.65,12,servidor_publico,sim,1
59,1554.16,2.1,700.0,12232.39,6,autonomo,nao,0
27,3146.52,1.3,666.0,10849.46,24,CLT,nao,0
42,2823.16,2.2,598.0,21291.92,48,aposentado,sim,0
24,1229.64,1.8,684.0,3739.55,48,CLT,nao,0
53,6523.59,2.7,629.0,5886.91,6,autonomo,nao,1
42,3137.81,2.4,740.0,12956.15,6,CLT,nao,0
35,5468.71,2.1,634.0,11749.42,24,servidor_publico,nao,0
29,13331.36,0.6,739.0,4208.96,12,CLT,nao,0
47,2998.05,1.1,451.0,21541.67,12,aposentado,nao,0
52,2888.13,7.0,661.0,26986.56,36,autonomo,nao,0
66,3886.5,2.1,584.0,13051.15,12,CLT,sim,0
40,6266.58,2.7,543.0,3711.17,24,CLT,nao,0
26,2665.93,2.3,724.0,10979.9,6,servidor_publico,nao,0
61,2573.37,8.7,700.0,12347.67,48,CLT,nao,0
50,6512.34,1.7,439.0,8294.12,6,CLT,nao,0
54,4483.91,1.6,684.0,23758.82,6,autonomo,nao,0
23,1182.52,4.8,673.0,9178.69,18,CLT,nao,0
34,1855.73,3.8,555.0,38869.01,48,CLT,nao,0
57,8313.86,4.9,545.0,16465.56,24,autonomo,nao,0
61,4541.72,4.7,477.0,11842.52,18,CLT,nao,0
40,2394.17,6.4,590.0,18002.71,12,CLT,nao,0
59,3315.2,1.0,604.0,26771.03,12,CLT,nao,0
61,3667.55,4.5,692.0,17754.31,24,aposentado,nao,0
38,5456.99,1.6,644.0,9421.1,24,CLT,sim,0
64,1724.95,0.4,525.0,6444.95,24,autonomo,nao,0
32,2292.68,4.7,641.0,4772.52,18,autonomo,nao,0
30,4230.71,4.5,597.0,2025.42,12,autonomo,sim,0
53,3446.42,3.2,536.0,11083.93,12,CLT,nao,1
51,4986.66,6.4,477.0,7692.6,12,CLT,nao,0
25,1851.54,1.6,676.0,7965.03,12,CLT,nao,0
61,4431.18,5.3,660.0,19317.32,18,autonomo,sim,0
28,6636.71,2.9,670.0,9201.79,12,autonomo,sim,0
59,4758.8,3.1,554.0,33921.94,36,CLT,nao,0
18,3930.46,0.5,635.0,6819.12,24,autonomo,nao,0
59,3453.92,6.5,496.0,5265.24,12,CLT,sim,0
58,2300.39,4.4,531.0,4370.08,6,CLT,sim,0
58,3499.59,5.1,623.0,15832.0,6,autonomo,nao,0
52,7279.65,1.4,644.0,20920.1,6,CLT,sim,0
42,3410.23,4.0,473.0,6725.38,12,aposentado,nao,0
54,2231.9,2.9,525.0,4956.28,12,autonomo,nao,0
32,2777.38,4.5,587.0,26760.43,6,CLT,nao,0
58,4066.21,3.9,706.0,3855.43,36,CLT,nao,0
46,2964.81,9.8,547.0,19084.72,24,autonomo,nao,0
41,4754.83,7.9,633.0,6828.51,48,servidor_publico,nao,0
44,4854.03,2.6,642.0,12811.67,48,CLT,nao,0
47,5936.89,4.7,598.0,19930.35,6,CLT,nao,0
19,7966.16,2.5,644.0,13488.15,36,autonomo,nao,0
25,6296.33,6.3,499.0,8168.85,48,CLT,nao,0
30,2178.01,3.0,561.0,24525.37,36,CLT,nao,1
23,2215.11,2.2,749.0,11943.18,36,CLT,nao,0
40,3492.33,4.0,755.0,108405.18,6,CLT,nao,0
52,2840.84,7.5,696.0,3267.07,48,CLT,sim,0
52,1946.76,6.7,719.0,3235.85,36,CLT,nao,0
42,2855.69,2.3,456.0,18887.76,24,CLT,nao,0
62,2804.6,9.3,535.0,9694.96,48,CLT,nao,0
47,2516.15,1.5,592.0,16567.46,18,aposentado,nao,0
22,3060.45,2.0,837.0,4846.7,24,CLT,nao,0
57,6961.48,6.1,592.0,10251.57,36,CLT,nao,0
47,4062.61,0.4,687.0,13323.12,36,servidor_publico,nao,0
51,14178.68,3.4,654.0,6950.63,24,aposentado,nao,0
47,3998.92,2.6,652.0,11506.75,36,servidor_publico,nao,0
46,3104.05,9.6,618.0,4084.72,48,CLT,nao,0
22,3649.24,1.3,512.0,12792.76,24,autonomo,nao,0
47,4192.58,1.4,377.0,25324.85,48,autonomo,nao,0
59,4625.73,10.5,735.0,4427.43,18,autonomo,nao,0
33,11409.38,2.6,565.0,4257.04,24,CLT,nao,0
49,2287.18,7.3,452.0,21449.33,24,CLT,nao,1
19,5839.94,2.3,659.0,4208.39,24,CLT,nao,0
36,4081.68,1.9,658.0,17092.42,12,autonomo,nao,0
40,1534.4,7.5,689.0,10259.68,18,CLT,nao,0
69,5562.95,12.2,720.0,7543.31,6,CLT,nao,0
29,7311.42,7.9,537.0,25674.18,36,autonomo,nao,0
32,2272.31,2.2,541.0,18093.28,36,servidor_publico,nao,0
39,3623.1,3.2,591.0,11870.54,36,servidor_publico,nao,0
69,1409.59,1.5,694.0,2442.47,48,autonomo,nao,1
62,1821.94,1.7,431.0,15724.34,24,CLT,nao,0
19,6479.61,1.6,632.0,4934.18,18,servidor_publico,sim,0
30,2817.12,2.4,704.0,8570.67,6,CLT,sim,0
60,1978.63,3.7,700.0,9944.42,6,CLT,nao,0
21,4130.7,3.3,684.0,33969.9,48,CLT,sim,0
62,2731.68,5.5,716.0,8395.01,36,autonomo,nao,0
32,2810.3,3.8,373.0,3925.3,18,CLT,nao,0
65,5467.79,5.2,765.0,25726.28,48,CLT,sim,0
33,1921.86,5.8,650.0,15862.7,12,CLT,nao,0
40,2212.88,2.2,740.0,16251.4,36,autonomo,nao,0
52,3962.95,2.9,514.0,26042.15,12,autonomo,nao,0
24,6205.4,20.6,462.0,30335.86,36,CLT,sim,0
46,7193.9,2.1,781.0,5543.45,6,CLT,nao,0
44,2525.55,5.4,537.0,4007.23,36,servidor_publico,nao,0
58,6097.03,1.0,592.0,17113.19,18,CLT,nao,0
69,2365.45,5.9,667.0,8344.82,24,CLT,nao,0
52,9940.92,1.8,690.0,8851.52,6,autonomo,nao,0
39,1951.64,3.4,717.0,4773.88,18,autonomo,nao,0
39,7560.28,0.9,640.0,14465.66,6,autonomo,nao,0
39,2537.49,3.2,525.0,12853.68,24,CLT,nao,0
60,11018.0,3.2,684.0,8945.68,6,servidor_publico,nao,0
34,5040.33,2.9,685.0,4014.14,48,CLT,nao,0
26,2082.22,4.6,457.0,21719.1,12,servidor_publico,nao,0
35,2731.94,7.1,748.0,11686.71,24,CLT,nao,0
19,5595.12,1.4,396.0,20467.6,48,CLT,nao,1
23,6496.08,2.9,713.0,2522.59,18,CLT,nao,0
22,3502.06,0.5,563.0,10269.51,24,CLT,nao,0
58,3731.49,3.8,683.0,6210.62,48,CLT,sim,0
55,5525.31,1.3,666.0,10132.42,6,servidor_publico,nao,0
54,3914.68,3.3,617.0,18271.3,24,servidor_publico,nao,0
42,1787.5,3.9,661.0,12587.58,24,CLT,nao,1
55,2328.23,0.6,612.0,10014.4,36,servidor_publico,nao,0
26,4143.58,4.3,684.0,9979.69,24,servidor_publico,nao,0
64,7104.72,6.8,817.0,3590.88,18,servidor_publico,nao,0
44,8855.47,5.0,499.0,5490.26,24,CLT,nao,0
66,5590.04,1.4,333.0,20513.47,12,CLT,nao,0
25,4264.2,3.2,583.0,7125.26,18,servidor_publico,nao,0
43,5496.39,3.4,576.0,20770.15,48,autonomo,sim,0
54,2523.21,3.0,586.0,16935.06,24,CLT,nao,0
43,3346.68,1.0,537.0,17526.75,36,CLT,sim,0
41,2313.99,1.7,699.0,12288.2,6,CLT,sim,0
26,1832.05,2.7,496.0,7454.66,18,CLT,nao,0
37,4374.08,3.8,661.0,8970.99,12,CLT,nao,0
30,4032.06,2.1,677.0,15006.68,48,autonomo,sim,0
33,5314.58,0.5,648.0,2485.8,48,CLT,sim,0
53,4916.55,2.2,664.0,22213.48,18,CLT,nao,0
50,4160.77,9.8,705.0,7150.39,18,CLT,nao,0
49,4945.03,4.3,625.0,9357.33,36,CLT,sim,0
36,3556.47,3.8,589.0,9409.92,6,CLT,nao,0
67,4569.19,1.6,664.0,9644.17,24,CLT,nao,0
22,2442.12,2.3,674.0,4213.85,12,servidor_publico,nao,0
35,4461.94,0.4,700.0,10922.95,24,CLT,nao,0
24,5258.65,1.5,466.0,14564.42,36,CLT,nao,0
35,2519.15,4.2,603.0,2620.46,36,CLT,sim,0
68,3746.24,3.8,524.0,4249.21,6,autonomo,nao,0
37,2583.81,1.9,670.0,17717.58,12,CLT,sim,0
65,2725.54,2.9,685.0,15699.25,18,autonomo,nao,0
43,1961.15,3.4,595.0,12018.25,36,CLT,nao,0
54,7303.99,2.0,554.0,6352.5,12,CLT,nao,0
41,6542.84,4.5,674.0,15758.71,18,CLT,nao,0
31,4893.14,3.7,608.0,4528.36,12,autonomo,nao,0
57,10772.02,2.3,748.0,9051.91,18,autonomo,nao,0
68,3281.04,1.0,780.0,4233.48,18,servidor_publico,nao,0
31,19292.45,2.2,710.0,8907.94,12,CLT,nao,0
58,3212.67,2.1,641.0,5065.69,6,CLT,nao,1
31,4189.58,1.9,784.0,16175.89,6,autonomo,nao,0
55,2925.5,0.7,642.0,13115.74,18,CLT,nao,0
59,4468.37,8.1,577.0,6830.31,6,autonomo,nao,0
41,5765.16,7.8,559.0,20104.41,6,CLT,sim,0
56,3419.83,2.9,557.0,5315.57,48,CLT,sim,0
32,9673.99,3.8,619.0,9672.72,48,autonomo,nao,0
22,4152.78,4.5,662.0,6636.67,24,CLT,nao,0
23,4224.97,2.9,493.0,16035.2,24,servidor_publico,nao,0
41,2208.46,4.0,580.0,15036.53,6,autonomo,nao,0
64,4583.3,4.9,639.0,23069.62,6,CLT,nao,0
24,3382.21,3.6,678.0,10445.64,6,CLT,sim,0
41,2605.73,5.6,618.0,1445.57,12,CLT,nao,0
54,2375.44,1.8,642.0,7479.61,6,CLT,nao,0
28,15826.96,3.2,509.0,27375.91,36,CLT,nao,0
55,3149.78,16.1,538.0,8012.46,36,CLT,nao,0
33,1633.79,6.5,615.0,2845.81,36,autonomo,nao,0
60,2479.91,3.7,666.0,13254.15,12,CLT,nao,0
48,3539.14,1.4,641.0,13913.83,18,CLT,nao,0
46,4918.05,3.3,544.0,6169.18,18,CLT,nao,0
27,4940.09,6.2,599.0,8430.51,6,autonomo,nao,0
42,5282.41,5.3,756.0,5705.91,18,CLT,nao,0
62,2553.77,0.5,669.0,13900.36,24,servidor_publico,nao,0
19,4390.69,0.7,605.0,10268.02,12,servidor_publico,nao,0
57,2248.83,0.7,528.0,4638.96,12,servidor_publico,nao,1
43,2589.44,4.5,556.0,9835.92,18,autonomo,nao,0
55,2197.91,0.7,621.0,6145.86,6,servidor_publico,nao,0
52,1893.89,1.4,645.0,25583.16,24,CLT,nao,0
40,6537.53,2.8,671.0,17692.63,18,autonomo,nao,0
34,5317.38,6.9,655.0,9140.94,36,CLT,nao,0
50,6230.21,4.7,587.0,10432.61,36,CLT,nao,0
25,3720.53,2.6,574.0,19128.88,18,servidor_publico,nao,0
48,5581.68,5.7,804.0,8840.98,18,CLT,nao,0
22,1382.01,11.7,570.0,16203.06,24,CLT,nao,0
51,5852.93,3.3,504.0,25856.08,6,CLT,nao,0
50,4013.49,1.0,473.0,7193.45,12,CLT,sim,0
22,5140.52,1.4,588.0,28853.72,6,servidor_publico,nao,0
57,4487.33,1.4,705.0,23880.7,12,servidor_publico,nao,1
39,2115.65,1.7,568.0,11632.56,24,CLT,nao,0
58,1597.31,2.4,753.0,7416.46,12,CLT,nao,0
20,2461.12,3.9,619.0,11538.82,24,CLT,sim,0
27,4967.66,0.8,720.0,8442.84,36,autonomo,sim,0
43,5321.71,1.0,552.0,5911.76,36,CLT,nao,0
27,1715.79,4.9,553.0,13988.33,24,autonomo,nao,0
35,2122.6,2.1,628.0,5088.35,24,autonomo,nao,0
52,2446.03,1.5,663.0,7942.15,18,CLT,nao,0
25,2991.36,2.6,604.0,8010.34,18,CLT,nao,0
53,1721.36,7.7,646.0,4074.82,36,CLT,nao,0
23,1665.48,5.4,673.0,15184.14,18,autonomo,nao,0
27,2316.91,5.1,492.0,8532.01,18,autonomo,nao,0
48,3817.84,9.6,589.0,23022.98,48,servidor_publico,nao,0
59,1902.02,4.1,573.0,8442.01,48,CLT,sim,0
26,3416.28,10.1,578.0,7598.55,48,servidor_publico,nao,0
33,6517.23,10.7,657.0,5497.13,36,CLT,nao,0
66,1779.38,0.9,575.0,10151.42,18,CLT,nao,0
69,3250.14,0.6,440.0,10188.76,48,CLT,nao,0
48,6397.2,1.3,599.0,16028.9,24,CLT,nao,0
41,2892.72,7.2,524.0,10337.8,48,CLT,nao,0
36,2655.75,2.7,665.0,38601.5,6,CLT,nao,0
49,6904.46,2.4,693.0,13313.6,6,autonomo,sim,0
48,3076.63,5.8,424.0,5211.15,6,autonomo,nao,0
33,6684.0,2.0,550.0,4932.2,48,autonomo,nao,0
19,4609.76,3.7,652.0,14011.28,12,servidor_publico,nao,0
25,3015.24,4.9,493.0,5105.57,6,autonomo,sim,0
67,4740.18,1.4,690.0,14568.96,36,aposentado,sim,0
39,4342.68,1.1,714.0,17714.97,36,CLT,sim,0
43,6383.59,3.3,605.0,17994.7,48,aposentado,nao,0
42,2693.0,3.6,550.0,5625.29,24,CLT,nao,0
58,3724.41,5.5,412.0,18014.93,36,CLT,nao,0
21,3519.82,1.3,693.0,12206.0,24,autonomo,nao,0
22,5363.01,1.7,800.0,6666.72,36,CLT,nao,0
32,2071.76,10.6,782.0,8923.02,24,CLT,sim,0
43,6369.89,6.4,602.0,13444.59,6,CLT,nao,0
52,4705.47,2.9,522.0,6391.0,12,autonomo,nao,0
43,1764.62,7.1,695.0,12042.64,48,servidor_publico,nao,0
40,7076.57,1.3,609.0,25327.38,6,CLT,nao,0
66,12440.98,2.6,663.0,18520.56,6,CLT,nao,0
26,6317.06,3.6,647.0,10438.86,36,autonomo,nao,0
47,7981.18,2.4,628.0,11524.06,48,CLT,nao,0
46,3815.99,2.5,713.0,6976.2,18,CLT,nao,0
42,1459.97,5.3,716.0,7105.09,6,CLT,sim,0
59,1320.46,6.4,573.0,3643.95,24,autonomo,nao,0
31,4189.33,2.2,537.0,11651.86,6,CLT,nao,0
67,2629.14,0.9,395.0,15423.14,18,CLT,nao,0
35,2201.7,0.7,589.0,9451.72,24,CLT,nao,0
46,3517.44,0.4,522.0,5595.62,48,CLT,nao,1
45,5108.04,9.5,658.0,10331.82,6,CLT,nao,0
62,1637.59,5.3,590.0,23674.34,24,autonomo,nao,0
40,2844.43,4.5,600.0,17741.97,6,servidor_publico,sim,0
32,8353.44,2.0,693.0,9709.32,18,CLT,nao,0
19,2015.44,2.0,656.0,37452.54,36,CLT,nao,0
36,5874.46,6.6,609.0,57191.81,6,CLT,nao,0
60,2788.89,0.6,772.0,7243.84,36,aposentado,nao,0
18,4915.69,2.3,686.0,8435.25,48,CLT,nao,0
64,6657.71,7.2,583.0,15532.12,12,servidor_publico,nao,0
46,5473.67,2.3,587.0,5467.44,36,servidor_publico,nao,0
25,6003.14,5.1,691.0,17187.49,24,aposentado,nao,0
33,1932.6,3.0,638.0,10571.89,48,servidor_publico,nao,0
46,6717.78,0.1,519.0,12601.42,24,CLT,nao,0
34,2277.92,2.9,701.0,6808.76,36,autonomo,sim,1
23,4199.61,3.3,733.0,5931.27,6,aposentado,nao,0
52,4196.62,2.7,726.0,2722.89,12,autonomo,nao,0
52,4754.36,1.1,759.0,25980.66,18,autonomo,nao,0
24,4382.29,2.7,806.0,18250.36,48,servidor_publico,sim,0
32,2289.08,0.4,776.0,15331.78,24,autonomo,nao,0
30,1732.94,2.3,651.0,12411.91,12,autonomo,nao,0
52,5882.82,5.4,601.0,2213.33,48,autonomo,nao,0
55,4032.77,9.1,455.0,6074.07,24,CLT,nao,0
55,6851.05,8.1,621.0,8379.53,18,CLT,nao,0
66,3552.46,1.2,667.0,4900.66,18,autonomo,nao,0
57,1681.03,0.8,624.0,3291.87,36,aposentado,nao,0
34,6194.22,3.6,450.0,5243.34,48,servidor_publico,sim,0
23,2969.94,3.2,594.0,10218.38,24,CLT,nao,0
49,4394.47,4.8,678.0,10220.08,48,servidor_publico,nao,0
65,2550.12,1.8,528.0,17852.34,36,CLT,nao,0
68,8994.48,3.3,635.0,37837.91,6,autonomo,nao,0
29,2248.21,3.1,659.0,15455.88,36,servidor_publico,nao,0
30,3024.24,2.3,721.0,8829.84,24,aposentado,sim,0
19,3862.6,0.6,774.0,31895.25,24,autonomo,nao,0
25,1996.8,5.3,586.0,3539.5,24,autonomo,nao,0
46,4366.8,3.6,637.0,2562.53,6,CLT,sim,0
46,8835.66,5.6,639.0,5561.54,48,autonomo,nao,0
37,2780.11,6.6,678.0,16779.65,48,CLT,nao,0
34,4524.8,2.9,668.0,11043.13,48,CLT,nao,0
61,802.56,5.4,748.0,4753.28,24,servidor_publico,nao,0
41,3563.82,9.3,410.0,6169.6,12,CLT,nao,0
60,3065.07,11.3,658.0,4416.2,24,autonomo,nao,0
68,2321.17,4.0,664.0,4416.13,12,CLT,nao,0
34,6599.82,4.2,599.0,27124.36,24,CLT,nao,0
28,3042.9,3.9,416.0,9016.1,36,CLT,nao,0
67,3302.34,4.7,615.0,31264.18,12,CLT,sim,0
51,2958.81,6.4,556.0,5549.65,18,CLT,sim,0
33,1268.7,3.8,771.0,13619.14,18,autonomo,nao,0
50,1953.56,10.9,654.0,11471.3,48,autonomo,nao,0
44,6177.08,9.9,548.0,17532.17,24,CLT,nao,0
65,1140.85,3.3,435.0,11677.94,18,servidor_publico,nao,0
31,2388.75,3.3,673.0,18775.43,18,autonomo,sim,0
69,2922.38,2.2,683.0,14189.09,12,autonomo,nao,0
66,9499.48,4.9,601.0,4869.14,6,autonomo,nao,0
27,5556.55,2.5,674.0,15934.86,36,autonomo,nao,0
26,2679.96,2.1,589.0,9255.61,36,CLT,nao,0
45,7461.28,4.8,716.0,5973.76,12,CLT,sim,0
20,2422.89,1.2,709.0,15538.65,18,CLT,sim,0
33,6342.35,6.5,472.0,18015.96,36,autonomo,nao,0
40,1724.37,5.0,494.0,7227.75,36,CLT,nao,0
68,6570.15,9.5,803.0,7880.39,6,aposentado,nao,0
69,2912.09,4.0,704.0,4017.33,6,CLT,nao,0
25,2067.97,5.5,506.0,3062.32,6,CLT,nao,0
64,3231.08,6.0,479.0,8454.88,24,CLT,sim,1
22,4240.94,7.7,639.0,16561.49,48,servidor_publico,nao,0
56,2773.56,3.7,517.0,6818.38,6,CLT,nao,1
61,4937.8,2.2,591.0,25035.9,36,autonomo,nao,0
64,2642.16,4.1,616.0,8662.01,36,autonomo,nao,0
29,5121.51,6.4,612.0,8684.92,48,CLT,nao,0
64,4643.49,7.1,721.0,8201.65,24,autonomo,sim,0
24,3520.97,0.6,785.0,18732.87,48,servidor_publico,nao,0
44,2856.18,17.8,577.0,5306.61,18,autonomo,nao,0
42,3957.42,2.1,518.0,9101.33,12,CLT,nao,0
34,4927.76,5.6,655.0,6934.11,48,autonomo,nao,0
19,11316.19,8.3,767.0,6870.42,24,autonomo,nao,0
58,6103.89,3.1,584.0,10125.89,12,servidor_publico,nao,0
35,6227.9,7.2,697.0,9194.31,24,CLT,nao,0
52,19904.11,0.6,545.0,19605.91,18,servidor_publico,nao,0
39,4835.68,7.4,622.0,9828.06,36,servidor_publico,nao,0
37,4753.11,6.8,515.0,14196.54,36,CLT,nao,1
64,5362.62,4.5,621.0,11073.29,6,autonomo,nao,0
22,2090.31,6.5,610.0,24647.81,24,CLT,nao,0
56,2852.22,10.0,675.0,8131.09,48,CLT,nao,0
56,2756.2,8.4,780.0,8145.97,24,autonomo,nao,0
37,5198.82,3.3,585.0,16063.02,36,CLT,nao,0
31,3308.35,4.1,440.0,8059.43,48,CLT,nao,0
18,3928.54,2.8,602.0,13683.62,18,autonomo,nao,0
66,6621.65,2.5,647.0,45235.81,36,aposentado,nao,0
67,5853.14,6.0,638.0,5237.93,6,CLT,nao,0
30,3331.09,2.8,606.0,26784.69,6,CLT,nao,0
19,2518.71,6.0,754.0,7187.26,36,CLT,nao,0
24,6798.12,3.1,632.0,23611.55,12,CLT,nao,0
21,5572.73,3.5,611.0,15458.74,36,servidor_publico,nao,0
61,1505.02,1.6,550.0,14620.98,48,CLT,sim,1
64,3064.89,5.9,463.0,8972.09,48,autonomo,nao,0
25,3987.95,0.5,650.0,8409.97,6,CLT,nao,0
56,5587.89,7.6,642.0,6190.03,12,aposentado,sim,0
27,6006.25,13.7,525.0,9937.59,24,CLT,nao,1
37,4256.27,3.6,616.0,8781.98,6,servidor_publico,nao,0
49,5023.52,3.4,607.0,11205.52,48,autonomo,nao,0
55,3771.68,0.8,564.0,3956.34,48,servidor_publico,nao,0
63,2513.37,2.2,549.0,10043.89,36,CLT,sim,0
20,3153.61,6.5,656.0,22487.72,12,servidor_publico,nao,0
28,3679.18,7.2,600.0,18281.26,6,CLT,nao,0
32,3572.16,3.9,567.0,10046.21,36,autonomo,sim,0
34,1290.69,6.2,542.0,52342.91,36,autonomo,nao,1
69,2925.98,1.7,608.0,6800.29,48,CLT,nao,0
58,3755.26,4.6,703.0,9354.97,18,CLT,nao,0
34,3118.93,9.0,639.0,3855.15,12,CLT,nao,0
68,3178.76,5.3,599.0,7613.19,48,servidor_publico,sim,0
43,4761.87,9.9,648.0,31636.89,6,CLT,nao,0
44,2011.37,10.1,743.0,7804.36,24,CLT,nao,0
40,1487.09,4.8,664.0,3666.2,18,autonomo,nao,0
25,3006.42,0.0,643.0,17444.84,24,autonomo,nao,0
66,5542.84,7.1,677.0,12746.18,18,CLT,sim,0
18,9211.0,1.1,606.0,16982.18,6,CLT,nao,0
27,5598.03,0.1,637.0,8159.33,24,autonomo,nao,0
29,1623.69,0.5,576.0,5142.89,12,servidor_publico,nao,0
32,3204.14,7.4,480.0,8783.63,6,CLT,nao,0
24,4192.9,4.9,651.0,14195.06,18,CLT,nao,0
18,4014.53,4.0,651.0,9442.61,12,autonomo,nao,0
53,4898.17,5.2,594.0,12735.78,36,CLT,sim,0
68,2198.7,0.5,713.0,6981.84,18,servidor_publico,nao,0
24,3773.35,2.8,555.0,13046.99,24,autonomo,sim,0
33,4587.9,1.9,461.0,9877.76,18,servidor_publico,nao,0
44,5733.72,3.8,557.0,6255.28,48,CLT,sim,0
66,2337.54,3.9,481.0,10839.67,6,CLT,nao,0
54,3011.41,5.1,650.0,7697.49,6,autonomo,nao,0
57,822.95,5.6,552.0,14781.87,48,CLT,nao,1
48,2586.85,0.5,709.0,17457.98,12,CLT,nao,1
39,2728.68,2.8,707.0,13711.63,36,CLT,nao,0
28,2078.14,3.4,537.0,3419.53,24,CLT,sim,0
62,3988.17,1.0,547.0,5286.43,36,CLT,nao,0
59,3530.62,0.9,668.0,6543.48,24,CLT,nao,0
19,1050.93,0.8,708.0,5898.16,12,CLT,sim,0
55,4099.13,6.2,439.0,6954.54,24,autonomo,nao,1
22,2185.11,0.6,645.0,18059.22,12,CLT,nao,0
56,4755.84,0.8,422.0,15585.95,18,autonomo,nao,0
60,1798.99,3.6,571.0,7513.8,24,autonomo,nao,0
24,3701.54,4.6,718.0,14540.1,6,autonomo,nao,0
40,3115.86,3.3,891.0,12255.71,6,servidor_publico,nao,0
24,4301.44,1.3,599.0,9687.99,36,aposentado,nao,0
47,3899.42,1.0,508.0,20875.8,6,CLT,nao,0
66,3164.21,3.6,574.0,6439.19,48,CLT,nao,0
22,1564.08,3.0,626.0,10242.43,24,autonomo,nao,0
38,1615.72,2.4,560.0,4998.74,36,autonomo,nao,0
68,2640.87,6.0,537.0,5156.93,18,CLT,nao,0
33,3624.41,2.9,582.0,4086.74,36,aposentado,nao,0
24,2605.72,0.9,656.0,5214.47,12,servidor_publico,nao,0
43,5135.16,2.4,605.0,10446.43,24,servidor_publico,nao,0
44,3122.62,5.0,541.0,8130.56,12,CLT,nao,0
52,2141.46,2.7,560.0,8304.76,36,CLT,sim,0
34,3124.55,4.9,583.0,8148.13,18,CLT,sim,0
67,4122.53,5.7,530.0,31328.47,36,CLT,nao,0
45,4353.29,2.9,556.0,4725.99,48,CLT,nao,0
32,10230.29,3.3,678.0,4408.72,6,CLT,nao,0
67,2520.22,2.6,599.0,5712.86,6,servidor_publico,nao,0
66,3496.74,5.0,462.0,9445.26,18,CLT,nao,0
43,4602.56,2.5,712.0,13830.08,24,autonomo,sim,0
19,3594.35,4.7,658.0,14795.55,48,CLT,nao,0
49,2764.62,3.9,496.0,18288.27,18,servidor_publico,nao,0
46,1552.95,0.4,587.0,9224.74,48,servidor_publico,nao,0
25,2749.13,4.8,549.0,7649.47,36,autonomo,nao,0
50,2017.2,3.6,681.0,28616.81,36,CLT,nao,0
61,1408.62,7.8,587.0,1620.13,48,CLT,nao,0
23,2350.48,1.1,613.0,10309.21,12,autonomo,nao,0
55,2046.94,4.0,603.0,13088.7,36,servidor_publico,nao,0
25,5019.48,2.2,487.0,33452.93,36,aposentado,nao,0
56,5067.49,0.5,746.0,3363.15,48,CLT,nao,0
39,2214.69,0.3,680.0,7531.96,12,CLT,nao,0
18,3155.41,8.9,553.0,4095.13,36,CLT,nao,1
68,1310.24,4.0,637.0,3075.19,12,CLT,nao,0
26,2774.19,2.8,708.0,8665.1,48,autonomo,nao,0
48,4534.36,0.7,625.0,17009.22,24,CLT,nao,0
27,5731.4,8.6,760.0,21674.25,48,servidor_publico,nao,0
66,2459.77,1.7,883.0,7004.32,24,CLT,nao,0
56,6493.26,4.1,609.0,15263.84,6,CLT,nao,0
59,1581.88,3.5,568.0,8703.52,18,CLT,nao,0
40,1833.17,11.4,531.0,14211.02,24,servidor_publico,sim,0
42,5379.3,3.2,421.0,20960.79,24,servidor_publico,nao,1
50,9128.13,2.1,732.0,8723.28,24,servidor_publico,nao,0
58,4776.14,4.0,588.0,19931.04,36,CLT,nao,0
62,3561.05,4.4,699.0,4498.65,24,CLT,nao,0
18,1088.6,16.8,717.0,15164.79,12,autonomo,nao,0
52,1197.1,3.2,523.0,19377.88,6,aposentado,nao,1
23,3909.54,1.1,536.0,18117.54,12,CLT,nao,0
32,2990.11,2.4,777.0,4581.29,6,CLT,nao,0
61,1981.86,4.0,614.0,8657.86,36,CLT,nao,0
31,3774.57,4.6,561.0,12045.11,48,autonomo,nao,0
59,3878.96,0.6,526.0,13200.16,48,CLT,nao,0
42,6120.68,2.2,607.0,10671.37,24,CLT,nao,0
30,3925.04,11.0,756.0,25058.57,48,CLT,nao,0
35,7155.36,1.4,682.0,4263.43,24,autonomo,nao,0
45,3656.99,6.1,636.0,8466.2,6,CLT,nao,0
57,3417.16,2.5,763.0,3304.19,24,CLT,nao,0
49,6537.9,3.3,746.0,14821.17,24,autonomo,sim,0
66,2125.7,0.7,650.0,14192.98,24,CLT,nao,0
63,17119.03,2.7,870.0,87255.18,36,CLT,sim,0
57,4475.58,4.0,598.0,19285.98,48,CLT,nao,0
49,4489.32,3.2,719.0,12275.83,12,CLT,nao,0
33,4860.04,2.8,585.0,11680.57,6,CLT,nao,0
39,10223.3,5.0,701.0,8056.25,24,CLT,nao,0
24,5630.08,0.9,598.0,10773.2,6,CLT,nao,0
37,1506.01,4.1,662.0,11843.82,18,autonomo,nao,0
66,7878.63,0.3,835.0,2759.78,48,servidor_publico,nao,0
40,3018.47,7.4,706.0,11248.54,24,CLT,nao,0
23,3861.98,2.9,663.0,10568.74,48,autonomo,nao,0
51,1801.56,5.8,550.0,30949.39,6,CLT,nao,0
68,4863.0,0.1,637.0,9085.3,36,servidor_publico,nao,0
63,2544.64,5.3,529.0,6017.31,12,CLT,nao,0
32,3847.17,1.7,700.0,11784.56,6,CLT,nao,0
41,3114.26,3.4,698.0,10387.17,12,CLT,nao,0
45,10496.08,5.3,604.0,9091.63,48,CLT,nao,0
30,10831.82,3.1,770.0,4309.85,18,CLT,sim,0
31,3735.3,4.9,757.0,8942.65,48,CLT,nao,0
30,3771.35,2.5,633.0,6792.17,6,autonomo,nao,1
69,2964.92,7.8,671.0,8598.02,24,CLT,nao,0
56,6689.56,2.9,567.0,15929.05,18,CLT,nao,0
61,3038.42,3.0,596.0,6384.1,12,servidor_publico,nao,0
60,2887.84,3.0,523.0,8571.51,24,CLT,sim,0
67,6236.82,3.3,577.0,14069.76,24,CLT,sim,0
23,2707.92,1.0,611.0,8307.29,6,CLT,nao,0
63,3566.12,1.4,471.0,53958.52,24,CLT,nao,0
21,1525.81,6.5,672.0,11634.89,12,servidor_publico,nao,0
42,5363.14,5.8,712.0,4415.02,36,CLT,nao,0
48,10588.0,5.6,619.0,5735.63,12,CLT,nao,0
36,5413.62,4.6,377.0,5372.47,12,servidor_publico,nao,0
25,8135.48,2.1,597.0,5789.1,48,servidor_publico,nao,0
27,2286.19,2.0,495.0,14031.16,12,autonomo,nao,0
60,4146.33,3.2,565.0,4821.16,6,CLT,nao,0
34,2167.35,7.2,751.0,7980.18,24,CLT,nao,0
34,3212.26,3.8,401.0,20801.61,24,aposentado,nao,1
66,5567.58,1.3,547.0,7059.63,24,CLT,nao,0
25,3850.67,0.8,695.0,15313.14,18,servidor_publico,nao,0
65,1674.13,6.0,557.0,3314.52,6,autonomo,nao,0
65,1766.46,8.7,550.0,7778.36,12,servidor_publico,nao,1
49,1703.36,0.6,803.0,5564.35,6,CLT,nao,0
26,4770.94,6.1,654.0,12026.3,48,servidor_publico,nao,0
26,11329.24,4.5,704.0,5051.27,12,servidor_publico,sim,0
32,7702.9,1.6,665.0,37997.55,24,autonomo,sim,0
48,1283.32,3.8,635.0,3409.77,12,servidor_publico,nao,0
25,7955.28,1.1,734.0,20707.63,24,autonomo,nao,0
41,6093.76,2.7,791.0,17516.18,6,autonomo,nao,0
24,1556.33,3.3,468.0,12105.43,6,autonomo,nao,0
46,3081.71,7.7,617.0,10253.57,12,servidor_publico,nao,0
19,6651.1,2.6,616.0,33048.22,12,autonomo,nao,0
54,4928.25,1.8,581.0,49322.05,12,autonomo,nao,0
20,1772.24,4.2,708.0,8649.67,12,autonomo,sim,0
28,5094.46,5.0,643.0,10965.95,36,servidor_publico,nao,0
27,1123.69,1.8,793.0,6911.49,18,CLT,nao,0
61,3221.0,1.3,719.0,4628.38,6,autonomo,sim,0
20,6808.15,1.4,743.0,13373.4,48,autonomo,nao,0
40,3677.97,7.7,512.0,11640.6,24,servidor_publico,nao,0
48,2767.18,4.8,547.0,3475.02,18,CLT,nao,0
44,5938.08,2.5,555.0,13311.74,24,CLT,nao,0
53,6223.66,6.9,739.0,11896.99,12,CLT,sim,0
59,7483.99,1.7,533.0,6695.5,18,autonomo,nao,0
38,5889.28,3.1,536.0,6417.35,6,autonomo,nao,0
61,6599.55,1.1,519.0,13035.83,36,autonomo,nao,0
34,5448.52,6.7,868.0,28163.25,18,autonomo,sim,0
69,4213.47,1.6,607.0,12822.51,36,CLT,nao,0
44,3824.68,1.6,668.0,16437.4,6,autonomo,nao,0
56,3195.53,4.3,517.0,5762.19,6,servidor_publico,nao,0
63,1869.07,0.3,706.0,7560.73,18,autonomo,nao,0
59,2152.92,0.9,460.0,14694.24,6,CLT,nao,0
62,3117.83,5.4,532.0,4093.17,48,CLT,nao,0
45,4158.04,1.4,554.0,11324.02,6,autonomo,nao,1
20,8042.11,13.9,640.0,13639.5,24,CLT,nao,0
43,3558.21,3.7,549.0,9652.31,18,autonomo,sim,0
27,6322.77,0.5,757.0,12180.5,12,servidor_publico,nao,0
64,6592.08,9.0,665.0,10276.17,6,servidor_publico,sim,0
30,3205.76,3.7,558.0,6605.08,12,CLT,nao,0
29,5049.68,2.8,710.0,4601.93,6,CLT,nao,0
30,3184.53,3.7,585.0,9332.86,24,autonomo,sim,0
51,7533.95,0.5,567.0,23107.88,12,servidor_publico,nao,0
47,5165.28,3.2,701.0,19261.19,6,CLT,nao,0
67,1891.71,1.5,399.0,7907.24,6,CLT,nao,0
39,3979.21,3.0,686.0,7801.19,48,autonomo,nao,0
32,9013.35,2.2,556.0,7436.73,12,CLT,nao,0
20,3295.53,3.5,556.0,7437.35,24,CLT,nao,0
18,4657.54,2.5,796.0,11932.69,18,servidor_publico,nao,0
37,4915.92,2.1,572.0,19680.09,18,CLT,nao,0
66,2058.76,1.3,706.0,43080.51,48,CLT,nao,0
45,4821.74,0.6,645.0,5770.99,36,CLT,sim,0
64,1691.53,0.4,654.0,15112.34,24,CLT,nao,0
23,2580.93,0.9,597.0,14080.09,12,CLT,nao,0
22,6579.06,5.2,593.0,7987.75,48,CLT,nao,0
61,4430.27,1.3,758.0,5080.14,6,CLT,sim,0
23,3079.55,1.8,704.0,11837.08,24,autonomo,nao,0
20,4654.33,1.8,575.0,39258.45,24,CLT,nao,0
39,3522.58,2.2,526.0,11788.51,48,autonomo,nao,0
66,3666.23,4.5,567.0,5933.08,6,aposentado,sim,0
53,5225.21,2.5,708.0,8935.41,12,aposentado,nao,0
23,2440.47,5.9,726.0,4716.8,6,CLT,nao,0
61,3722.63,0.9,670.0,10016.93,12,CLT,nao,0
61,3066.38,5.4,474.0,15432.26,48,autonomo,nao,0
59,1522.21,8.3,688.0,6309.49,6,CLT,sim,0
64,2194.59,3.1,737.0,1192.56,36,autonomo,nao,0
30,8625.8,1.2,636.0,11848.69,48,autonomo,nao,0
68,4498.94,4.6,798.0,7143.73,6,CLT,nao,0
34,1758.17,3.2,501.0,6075.77,18,CLT,nao,0
59,1560.57,4.0,682.0,6041.78,48,servidor_publico,nao,0
48,3423.13,6.0,528.0,12837.99,36,autonomo,nao,0
58,8592.57,2.3,715.0,7592.08,6,autonomo,nao,0
50,3285.53,2.0,675.0,18120.33,48,autonomo,nao,0
51,7471.49,15.7,782.0,18381.38,36,CLT,nao,0
50,4418.53,4.6,665.0,8300.65,12,CLT,nao,0
58,4718.22,6.7,584.0,7054.61,18,autonomo,nao,0
56,1746.47,5.7,576.0,10753.76,12,CLT,nao,0
24,6097.52,6.8,597.0,9004.63,24,autonomo,nao,0
60,3028.39,4.1,574.0,3168.03,36,CLT,nao,0
45,5852.95,6.2,741.0,34343.48,36,servidor_publico,nao,0
34,2326.7,1.8,735.0,15745.63,48,autonomo,nao,0
44,4013.33,0.6,485.0,7322.7,6,CLT,nao,0
68,4418.7,1.4,623.0,2847.94,48,autonomo,nao,0
62,3345.2,2.8,626.0,8801.87,48,autonomo,nao,0
61,4548.26,2.5,550.0,6753.49,18,autonomo,nao,0
42,3144.72,3.2,659.0,9515.03,6,CLT,sim,0
58,2547.88,1.7,751.0,2424.75,12,CLT,sim,0
38,8804.48,0.3,700.0,7281.12,48,autonomo,nao,0
53,6482.91,2.3,741.0,7575.24,6,CLT,nao,0
51,2395.92,0.8,555.0,8734.37,6,autonomo,nao,0
30,4977.31,3.1,623.0,8488.48,6,CLT,sim,0
31,2420.01,4.3,551.0,10239.04,12,servidor_publico,nao,0
21,1897.75,2.2,642.0,26602.63,36,aposentado,nao,0
25,6429.13,1.1,650.0,7081.5,6,CLT,nao,0
40,1426.17,3.3,706.0,5473.9,48,CLT,nao,0
42,6061.85,16.3,738.0,3220.32,18,CLT,nao,0
26,3168.47,4.6,682.0,7099.49,24,servidor_publico,nao,0
39,3241.04,4.9,543.0,3980.6,24,CLT,nao,0
49,4561.3,2.0,498.0,18472.95,36,autonomo,sim,0
30,5012.35,1.5,667.0,9297.78,24,servidor_publico,nao,0
35,2311.17,6.8,755.0,18226.87,6,CLT,nao,0
37,5403.21,0.2,618.0,25660.37,36,autonomo,nao,0
44,3875.2,1.7,483.0,5640.41,6,CLT,sim,0
37,1824.7,9.6,808.0,7896.83,24,CLT,nao,0
56,3316.18,2.9,664.0,23519.77,48,servidor_publico,nao,0
35,7783.05,0.6,635.0,11192.41,24,CLT,nao,0
40,9155.66,4.4,515.0,13890.79,18,CLT,nao,0
37,5402.09,2.2,621.0,19369.12,12,autonomo,sim,0
27,1891.85,0.5,682.0,17725.06,36,autonomo,nao,0
53,4768.72,3.8,665.0,12922.61,24,autonomo,sim,1
30,5813.71,3.4,559.0,24529.58,36,CLT,nao,0
33,5426.99,3.2,615.0,9467.64,48,autonomo,nao,0
59,5606.74,4.6,565.0,13871.88,24,CLT,sim,0
67,4446.15,1.0,770.0,8822.91,18,CLT,nao,0
52,3498.79,4.1,701.0,19213.31,24,CLT,nao,0
65,2605.55,3.5,573.0,6276.09,18,autonomo,nao,0
62,1281.95,6.7,515.0,3314.77,12,servidor_publico,nao,0
43,4388.76,1.6,645.0,15149.17,18,CLT,nao,0
58,4033.26,7.5,576.0,5099.56,18,CLT,nao,0
35,4947.64,5.7,582.0,4781.42,12,autonomo,nao,0
41,1744.72,2.8,518.0,22521.02,12,CLT,nao,1
45,5191.4,3.2,529.0,18547.34,24,CLT,nao,1
67,11271.13,0.2,635.0,7921.81,6,autonomo,nao,0
62,3801.49,3.1,596.0,1367.1,6,CLT,nao,0
43,3519.53,5.4,845.0,13997.11,36,CLT,nao,0
51,4315.43,2.5,673.0,15224.0,48,autonomo,nao,0
28,11134.3,6.7,516.0,13848.43,12,CLT,nao,0
59,2073.5,4.4,482.0,13440.86,6,servidor_publico,nao,0
46,4071.49,11.6,656.0,8796.39,18,autonomo,nao,0
45,2345.35,1.7,584.0,7579.44,12,CLT,nao,0
57,2694.98,5.0,740.0,4822.24,48,autonomo,nao,0
50,3542.99,0.8,645.0,6289.85,6,autonomo,nao,0
21,7639.04,2.7,442.0,12197.24,24,aposentado,nao,0
32,9803.99,4.6,528.0,12328.3,18,autonomo,nao,0
27,4658.64,5.2,559.0,16537.5,18,CLT,nao,0
56,2959.79,2.3,660.0,3967.22,36,autonomo,sim,0
19,14342.84,7.2,525.0,3366.08,12,autonomo,sim,0
28,2877.98,8.3,634.0,7732.53,48,autonomo,nao,0
49,2659.45,1.8,500.0,5100.19,48,CLT,nao,0
54,1371.67,2.8,621.0,11168.94,18,servidor_publico,sim,0
44,7846.72,2.5,653.0,4224.18,18,CLT,nao,0
62,6201.43,2.0,752.0,21314.67,12,aposentado,nao,0
65,13763.74,7.9,642.0,5800.28,36,CLT,nao,0
24,1695.55,7.9,546.0,27868.11,36,CLT,sim,0
67,8119.26,2.6,754.0,13916.02,18,CLT,nao,0
49,3784.14,5.0,604.0,4984.55,36,servidor_publico,nao,0
51,5672.33,6.6,690.0,38622.27,18,autonomo,nao,0
22,1471.04,3.8,565.0,11761.0,36,CLT,nao,0
50,8163.64,2.4,628.0,11025.63,36,servidor_publico,nao,0
55,5611.56,1.7,548.0,9486.38,18,CLT,sim,0
48,3563.86,5.4,649.0,13403.35,24,CLT,nao,0
22,5191.68,0.9,692.0,13926.15,24,CLT,nao,0
45,2389.83,2.5,575.0,5640.72,6,CLT,nao,0
66,2647.33,2.1,570.0,8614.41,6,CLT,nao,0
55,2821.73,0.9,652.0,10670.15,12,CLT,nao,0
25,1314.22,2.9,546.0,14454.79,12,CLT,nao,0
67,5848.66,2.7,483.0,14614.92,12,CLT,nao,0
67,7011.99,1.4,652.0,11014.33,48,CLT,nao,0
26,2475.66,7.7,610.0,6920.82,24,autonomo,sim,0
59,4409.48,5.4,608.0,6693.99,6,CLT,nao,1
39,3146.21,3.2,667.0,4562.07,48,CLT,sim,0
48,4361.41,6.0,679.0,14547.74,12,CLT,nao,0
41,2578.16,7.0,606.0,6631.69,48,autonomo,nao,0
58,2239.74,8.0,519.0,8737.33,12,autonomo,nao,0
69,6494.05,1.7,563.0,11551.07,6,CLT,nao,0
59,3515.27,6.0,673.0,9922.47,6,autonomo,nao,0
66,11071.84,2.7,632.0,9861.1,18,aposentado,nao,0
67,3734.88,3.7,571.0,5495.99,48,autonomo,nao,0
22,2187.81,1.8,549.0,11787.1,24,CLT,nao,0
31,7149.64,3.1,676.0,8076.08,6,servidor_publico,nao,1
55,5150.97,6.0,600.0,9356.62,12,CLT,nao,1
48,5430.47,9.4,688.0,21008.44,18,CLT,nao,0
20,7008.16,2.9,699.0,13745.36,24,autonomo,sim,0
22,2542.65,1.4,592.0,6829.29,48,CLT,nao,0
45,3394.84,10.3,705.0,8984.05,6,servidor_publico,nao,0
50,3313.31,1.7,632.0,27990.88,6,CLT,nao,0
26,1790.21,0.6,644.0,8104.72,36,CLT,sim,0
26,3149.58,2.0,423.0,10157.04,6,CLT,nao,1
24,7593.2,6.8,533.0,15240.24,36,autonomo,nao,0
47,4148.64,1.6,537.0,11382.98,18,CLT,nao,0
18,1736.57,1.1,591.0,7767.22,18,CLT,sim,0
47,1547.33,3.4,630.0,6104.47,6,servidor_publico,nao,0
42,9096.33,9.4,634.0,9832.37,36,CLT,nao,0
42,3464.5,4.5,646.0,15179.67,12,CLT,nao,0
53,2550.19,0.9,558.0,23355.44,6,autonomo,nao,0
45,3131.62,12.8,682.0,3818.14,24,CLT,nao,0
55,1615.63,4.1,783.0,31126.34,6,CLT,nao,0
57,7964.12,6.3,588.0,8205.29,12,CLT,nao,0
65,2933.12,0.7,560.0,18054.27,12,CLT,nao,0
59,7723.87,11.4,558.0,6127.87,24,CLT,nao,0
44,3745.87,2.3,628.0,3473.63,36,autonomo,nao,0
43,7992.37,0.6,573.0,4215.76,48,CLT,nao,0
30,4193.04,3.8,464.0,7981.47,48,CLT,nao,0
49,5821.29,6.3,489.0,13914.14,12,CLT,nao,1
25,5407.28,5.0,712.0,10099.84,12,aposentado,sim,0
66,5129.74,4.9,735.0,8411.44,12,autonomo,nao,0
61,4408.83,4.7,764.0,20469.99,12,CLT,nao,0
24,3203.28,3.5,640.0,9909.91,6,autonomo,nao,0
58,10440.93,0.7,531.0,11871.07,24,CLT,nao,0
24,2210.97,2.7,581.0,74769.68,6,CLT,nao,0
55,3649.59,2.4,486.0,9845.55,6,CLT,nao,0
22,3670.88,8.0,482.0,6296.19,18,autonomo,nao,0
43,4543.0,6.8,643.0,13529.45,36,CLT,nao,0
52,2874.95,2.1,669.0,15949.1,18,CLT,nao,0
55,4329.08,5.6,796.0,12035.78,18,autonomo,nao,0
39,3318.06,3.0,613.0,10959.84,12,servidor_publico,sim,0
65,1525.27,0.6,498.0,25937.63,36,servidor_publico,nao,0
58,3660.13,0.2,609.0,23913.79,12,autonomo,nao,0
28,1987.61,5.1,595.0,9171.76,48,autonomo,nao,0
52,1402.61,1.2,576.0,6514.13,6,CLT,sim,0
55,3925.62,1.2,651.0,13081.86,36,CLT,nao,0
35,4761.58,1.7,511.0,6489.87,36,autonomo,nao,0
56,4864.33,5.2,632.0,17594.74,18,CLT,nao,0
64,4973.82,6.8,679.0,13038.17,18,servidor_publico,nao,0
60,1257.75,6.7,748.0,56135.3,48,CLT,nao,0
57,1722.34,0.5,648.0,25787.44,36,CLT,nao,1
50,10779.88,1.7,714.0,4908.97,6,CLT,nao,0
32,2046.8,1.4,580.0,7064.15,24,servidor_publico,nao,0
59,5094.73,5.2,593.0,2852.45,36,CLT,sim,0
36,2495.35,1.7,741.0,2466.28,18,autonomo,nao,0
45,3804.04,2.8,497.0,10657.16,36,CLT,nao,0
34,2570.13,5.5,584.0,4559.42,24,autonomo,nao,0
34,4958.45,3.3,722.0,28760.86,12,autonomo,nao,0
26,3925.41,4.1,601.0,21007.72,6,aposentado,nao,0
67,2845.35,2.7,594.0,8296.0,6,CLT,nao,0
25,2043.47,6.3,596.0,7995.2,36,CLT,nao,0
22,4218.67,6.8,631.0,25990.66,36,CLT,sim,0
66,1868.71,4.7,718.0,30166.72,18,CLT,nao,0
46,4606.0,6.8,703.0,5398.15,18,servidor_publico,nao,0
40,15437.68,15.6,621.0,4965.31,24,CLT,sim,0
56,7651.01,5.5,718.0,8137.93,48,aposentado,nao,0
37,5405.06,3.1,651.0,13098.78,24,CLT,nao,0
24,3473.49,4.2,697.0,7087.68,24,servidor_publico,nao,0
55,1253.49,7.3,527.0,13279.0,24,autonomo,nao,0
27,1759.43,2.3,776.0,35161.05,6,servidor_publico,nao,0
46,7372.68,2.1,640.0,3968.25,36,CLT,sim,0
67,2358.15,4.1,373.0,7407.96,48,autonomo,nao,0
66,2478.51,3.0,769.0,4017.66,6,CLT,sim,0
36,3323.89,1.4,620.0,5745.77,6,CLT,nao,0
58,2030.17,3.6,584.0,8171.93,18,autonomo,nao,0
49,1854.33,8.3,565.0,6169.13,36,CLT,sim,0
42,3541.26,4.6,660.0,13876.96,6,autonomo,nao,0
25,2229.78,1.1,540.0,10917.49,36,CLT,nao,0
37,2422.22,5.1,568.0,12020.42,12,CLT,nao,0
51,2369.29,2.6,570.0,8108.32,12,autonomo,nao,0
69,4852.74,12.3,594.0,8608.5,12,CLT,nao,0
18,3204.56,4.8,574.0,7879.75,24,autonomo,nao,0
55,3300.36,1.9,697.0,8420.06,24,servidor_publico,nao,0
62,5055.95,5.4,644.0,12995.47,18,CLT,nao,0
67,3367.34,3.8,655.0,2834.81,24,CLT,nao,0
40,3124.28,7.8,675.0,11934.18,36,CLT,nao,0
24,4716.15,2.1,612.0,5626.96,36,CLT,nao,0
32,5258.01,4.8,528.0,7940.59,36,autonomo,sim,0
62,3358.03,0.7,782.0,3586.76,24,servidor_publico,nao,0
63,3806.0,3.5,703.0,7838.98,12,CLT,nao,0
51,2368.51,1.1,765.0,11856.42,36,CLT,sim,0
24,2267.93,3.7,713.0,13321.1,36,CLT,nao,0
24,5558.21,4.4,579.0,4577.39,48,CLT,nao,0
42,4650.44,4.7,409.0,12909.84,36,CLT,nao,0
48,4677.01,2.1,509.0,20761.48,6,servidor_publico,nao,0
19,4249.13,3.6,677.0,7180.34,24,CLT,nao,0
53,3734.66,7.1,611.0,9903.0,36,autonomo,sim,0
46,5340.24,10.1,582.0,2579.74,48,CLT,nao,0
18,6089.43,3.7,395.0,5524.39,12,servidor_publico,nao,1
22,6009.97,7.3,619.0,11799.8,48,servidor_publico,nao,0
41,3444.63,1.5,523.0,18417.45,12,servidor_publico,nao,0
55,7807.55,2.4,555.0,6704.07,18,CLT,nao,0
60,4128.43,4.0,697.0,56111.77,48,CLT,nao,0
40,5155.44,3.1,527.0,12137.17,6,CLT,nao,0
33,4252.02,2.8,536.0,4325.65,12,CLT,nao,0
68,4170.76,6.8,637.0,22849.14,48,autonomo,nao,0
41,2429.25,1.3,699.0,4383.43,48,aposentado,nao,0
34,5354.77,1.4,584.0,12252.41,6,autonomo,nao,0
41,17411.95,0.9,752.0,5409.94,36,CLT,nao,0
18,2962.72,4.1,505.0,4095.6,24,CLT,nao,0
33,3785.93,2.6,489.0,18497.65,48,autonomo,nao,0
44,2848.61,6.3,481.0,8359.43,18,CLT,nao,0
65,2783.85,3.8,471.0,30384.47,24,CLT,nao,0
56,8513.83,2.1,650.0,5106.88,12,CLT,nao,0
58,2514.59,1.8,532.0,3591.17,24,servidor_publico,nao,0
46,2805.27,2.9,493.0,7246.09,18,CLT,nao,1
23,1520.63,1.1,654.0,64785.09,18,servidor_publico,nao,0
38,2400.21,6.9,694.0,17018.31,12,CLT,nao,1
69,1422.8,2.5,715.0,14186.28,18,autonomo,nao,1
20,5153.82,0.8,699.0,14494.3,12,servidor_publico,nao,0
63,16980.71,7.8,537.0,7221.74,48,servidor_publico,nao,0
53,2975.97,2.9,645.0,58342.01,18,CLT,nao,0
32,1455.76,5.1,665.0,13329.77,18,CLT,nao,0
58,5972.97,2.1,577.0,12541.59,48,CLT,sim,0
61,2441.07,8.0,635.0,18772.74,18,CLT,nao,0
20,7440.11,1.6,507.0,4325.97,36,CLT,nao,0
23,3117.8,2.6,564.0,5588.27,48,autonomo,nao,0
52,2572.16,0.5,653.0,8437.29,48,CLT,nao,0
69,3301.47,7.9,756.0,18851.79,18,aposentado,nao,0
19,5523.56,1.9,724.0,4256.77,24,servidor_publico,nao,0
52,3212.87,4.2,679.0,9473.18,36,autonomo,nao,0
25,2770.55,4.6,627.0,8640.78,24,autonomo,nao,0
51,3263.78,7.0,613.0,3556.92,12,CLT,nao,0
50,1808.91,3.9,490.0,7109.55,24,CLT,nao,0
22,4529.5,3.1,545.0,14079.34,6,CLT,sim,1
53,1362.81,6.5,548.0,3773.94,48,servidor_publico,nao,0
64,2851.88,4.6,672.0,24769.48,24,CLT,nao,0
62,5528.45,2.7,705.0,13416.35,12,CLT,sim,0
19,4301.32,8.1,686.0,12393.21,18,autonomo,nao,0
30,5037.56,4.8,726.0,9949.94,6,CLT,nao,0
30,3513.0,1.0,627.0,4865.82,36,servidor_publico,nao,0
41,6928.24,9.1,532.0,6487.92,24,servidor_publico,nao,0
25,6054.67,2.0,616.0,12521.54,6,CLT,nao,0
62,4653.51,7.0,555.0,6479.67,18,autonomo,nao,0
58,6064.15,0.8,679.0,11189.01,6,CLT,nao,0
60,5501.26,6.5,588.0,5517.76,18,CLT,sim,0
28,2859.19,1.1,611.0,13272.23,48,servidor_publico,nao,0
18,1738.63,3.9,682.0,13932.12,24,CLT,nao,0
65,4588.0,4.7,553.0,3435.79,18,servidor_publico,nao,0
33,4916.48,2.8,707.0,10339.75,24,aposentado,nao,0
52,6632.65,3.4,499.0,3680.91,24,autonomo,nao,0
65,2175.52,1.3,648.0,2952.25,6,CLT,sim,0
19,2211.58,6.0,612.0,6727.58,12,CLT,nao,0
18,4688.86,4.0,694.0,60961.42,36,CLT,nao,0
18,3501.19,1.6,496.0,16383.04,48,CLT,sim,0
26,1290.56,4.1,482.0,24461.79,6,CLT,nao,1
20,4475.21,4.2,688.0,14698.06,48,CLT,nao,0
60,1314.44,3.5,585.0,11311.08,6,autonomo,nao,0
49,2164.86,0.2,612.0,17712.12,24,CLT,sim,0
68,7657.38,2.5,561.0,6530.76,36,CLT,nao,0
59,9933.65,6.0,702.0,13437.9,12,autonomo,nao,0
68,1865.7,4.9,647.0,21271.29,48,CLT,nao,0
30,3037.64,4.8,642.0,15593.73,48,CLT,nao,0
32,3727.31,4.0,515.0,22199.1,18,CLT,nao,0
62,9698.0,6.5,665.0,11144.37,48,CLT,nao,0
30,2776.43,2.0,531.0,29728.23,6,CLT,nao,0
20,2800.95,1.7,561.0,8644.25,24,CLT,nao,0
52,8533.88,10.7,497.0,39202.67,12,CLT,nao,0
59,2962.73,1.9,606.0,14369.24,24,CLT,nao,0
68,5416.53,1.0,716.0,7711.25,12,CLT,nao,0
66,1615.78,2.7,640.0,4598.87,18,autonomo,nao,0
24,3313.7,3.6,580.0,5853.56,36,autonomo,nao,0
58,1461.5,6.5,630.0,5305.05,12,CLT,sim,0
61,2037.57,2.5,629.0,9342.53,48,servidor_publico,nao,0
54,5776.54,2.4,626.0,4323.96,36,autonomo,nao,0
60,3542.37,3.4,636.0,22932.1,12,autonomo,sim,0
61,3054.87,2.1,526.0,10635.68,36,CLT,nao,0
41,2411.94,0.8,630.0,10358.86,12,CLT,sim,0
20,3224.84,1.1,462.0,4640.13,24,CLT,nao,0
41,4296.74,7.7,672.0,6003.67,24,CLT,nao,0
28,6251.67,5.6,521.0,2337.32,36,aposentado,nao,0
23,859.34,3.3,726.0,28327.08,18,aposentado,nao,1
24,2304.3,4.9,400.0,3938.22,18,CLT,nao,0
54,3973.9,5.7,771.0,4137.15,18,aposentado,nao,0
44,3448.26,1.9,472.0,24799.1,48,autonomo,nao,0
46,4545.34,1.3,512.0,12732.55,48,autonomo,nao,0
56,4218.13,7.2,647.0,10705.14,12,servidor_publico,nao,0
46,3078.88,0.3,676.0,12347.08,6,CLT,nao,0
50,2725.02,5.0,594.0,18398.7,48,CLT,sim,0
22,3181.07,3.8,700.0,10560.95,12,servidor_publico,nao,0
62,6848.66,6.7,548.0,3628.96,12,CLT,nao,0
41,2434.25,5.1,584.0,15939.78,6,autonomo,nao,0
26,3517.33,4.9,593.0,13023.67,6,servidor_publico,nao,0
60,4027.25,1.5,572.0,21194.77,6,servidor_publico,nao,0
56,8588.62,5.8,446.0,4394.4,24,CLT,sim,0
20,3086.62,4.5,618.0,6160.59,24,autonomo,nao,0
28,6169.32,1.6,610.0,12770.05,6,CLT,nao,0
18,7169.48,3.8,717.0,5356.51,24,servidor_publico,nao,0
32,3515.49,1.2,504.0,2144.48,12,CLT,nao,0
23,3242.52,2.9,562.0,11251.59,24,autonomo,nao,0
54,3038.2,13.6,728.0,17707.7,36,servidor_publico,nao,0
45,3163.07,1.4,646.0,9101.5,18,CLT,sim,0
68,5824.52,0.8,669.0,14133.28,12,CLT,nao,0
56,4134.23,1.1,661.0,12864.01,48,CLT,nao,0
49,4143.97,2.9,661.0,9964.88,36,autonomo,nao,0
44,1960.84,5.4,784.0,10811.61,48,autonomo,nao,0
20,2138.54,3.4,628.0,23788.08,6,servidor_publico,nao,1
21,11835.94,0.9,529.0,5288.22,12,CLT,nao,0
50,3301.71,5.3,677.0,16358.11,18,CLT,nao,0
18,2377.67,0.5,569.0,4593.65,12,CLT,sim,0
20,7999.26,1.0,610.0,5904.04,18,CLT,nao,0
29,4251.36,2.1,653.0,21533.09,12,autonomo,nao,0
63,5003.96,7.0,546.0,4508.0,18,CLT,sim,0
41,3374.74,3.5,574.0,8458.83,36,CLT,nao,0
54,3055.6,3.6,663.0,45930.08,18,autonomo,nao,0
39,3316.71,0.9,571.0,19275.84,36,CLT,nao,0
27,1701.89,2.2,708.0,6129.31,18,autonomo,sim,0
37,3469.06,6.3,531.0,6851.44,18,CLT,nao,0
22,4284.75,4.3,531.0,8861.09,12,CLT,nao,0
58,10074.42,5.4,792.0,23219.87,6,CLT,nao,0
27,3817.3,3.2,482.0,5161.23,6,CLT,nao,0
37,1008.48,6.4,618.0,4962.13,12,autonomo,sim,0
68,3457.52,0.9,787.0,15735.58,24,autonomo,nao,0
48,16427.75,2.8,617.0,3318.48,6,CLT,nao,0
41,5863.5,4.8,741.0,5474.19,18,autonomo,sim,0
46,2330.9,0.6,679.0,9364.6,6,CLT,nao,0
58,5039.73,0.1,619.0,9681.93,18,autonomo,nao,0
31,2420.9,10.7,608.0,4076.51,12,CLT,nao,0
51,1729.19,3.6,429.0,12455.67,12,autonomo,nao,0
63,3006.09,0.6,591.0,14185.1,24,autonomo,nao,0
47,3828.93,3.5,641.0,6434.19,48,autonomo,nao,0
41,1300.25,1.1,641.0,29129.08,24,CLT,nao,0
25,1935.19,1.5,842.0,12341.76,12,CLT,nao,0
30,3661.71,7.2,645.0,5150.46,48,CLT,nao,0
67,2908.83,2.1,677.0,28381.91,48,servidor_publico,nao,0
46,4523.97,2.1,725.0,7043.35,36,autonomo,nao,0
33,1866.71,1.0,669.0,11117.41,12,autonomo,nao,0
39,5392.49,2.5,612.0,7212.65,12,CLT,nao,0
48,1898.71,3.7,613.0,14849.17,48,CLT,nao,0
45,8986.73,2.1,588.0,7237.32,48,CLT,nao,0
54,1417.05,12.6,660.0,7528.44,18,autonomo,nao,0
31,1996.39,1.3,605.0,8919.67,18,CLT,sim,0
51,4580.46,1.3,676.0,7141.89,24,servidor_publico,nao,0
41,9093.62,2.4,529.0,19864.3,48,CLT,nao,0
66,4329.79,11.6,633.0,4369.63,12,autonomo,sim,0
26,4962.04,5.5,760.0,9661.02,36,CLT,sim,0
25,3676.24,2.0,600.0,10489.73,48,servidor_publico,nao,0
42,2070.37,2.0,786.0,9126.96,12,servidor_publico,nao,0
44,2780.61,1.2,635.0,18571.7,12,CLT,nao,0
53,1869.54,2.3,615.0,3723.55,6,CLT,nao,0
39,1802.1,2.8,630.0,14316.19,36,aposentado,nao,0
65,4541.27,5.3,592.0,4406.26,12,autonomo,nao,0
42,1963.04,4.5,442.0,7110.27,6,CLT,sim,0
24,4340.54,2.3,699.0,4121.62,24,autonomo,nao,0
24,1779.34,8.8,817.0,7975.59,24,CLT,nao,0
68,4285.58,1.8,663.0,6796.5,6,CLT,nao,0
24,2782.83,0.8,669.0,28706.44,36,servidor_publico,nao,0
67,7892.27,3.9,604.0,11578.3,24,aposentado,nao,0
32,4350.5,6.8,724.0,13172.16,18,CLT,nao,0
22,7184.5,3.1,616.0,4818.04,18,CLT,sim,0
33,2402.81,1.0,644.0,16011.3,24,CLT,nao,0
49,3755.13,3.6,479.0,28705.58,36,servidor_publico,nao,0
40,2122.61,4.0,572.0,17421.16,36,servidor_publico,nao,0
58,2900.15,4.3,653.0,4218.32,18,servidor_publico,nao,0
49,3152.16,3.7,702.0,7319.58,24,CLT,sim,0
38,2442.5,7.4,704.0,10620.26,12,CLT,nao,0
51,1865.85,1.2,478.0,6801.13,12,autonomo,nao,1
68,1673.32,0.1,487.0,51351.22,48,CLT,nao,1
39,1005.4,0.5,673.0,7233.8,18,CLT,nao,0
25,2036.54,1.0,553.0,9622.14,12,CLT,nao,0
39,5141.61,6.0,701.0,6699.93,36,autonomo,nao,0
61,1511.45,2.5,473.0,11505.66,36,autonomo,nao,0
29,1715.62,9.3,611.0,24307.19,12,autonomo,nao,0
67,9749.72,1.1,617.0,10664.29,12,CLT,nao,0
48,2565.55,9.2,663.0,8583.88,24,autonomo,nao,0
49,4344.11,1.5,527.0,4924.4,48,CLT,nao,0
34,5183.7,2.8,443.0,21714.68,6,CLT,sim,0
65,5241.64,0.6,635.0,9014.58,12,autonomo,nao,1
19,1576.13,8.4,667.0,8766.1,48,autonomo,nao,0
33,3206.44,3.1,711.0,2163.95,36,CLT,nao,0
39,1495.14,13.0,588.0,9111.65,24,servidor_publico,nao,0
42,13981.28,7.0,690.0,7625.72,18,autonomo,nao,1
42,1514.47,2.7,664.0,3020.26,18,autonomo,nao,0
25,2046.09,1.7,739.0,18830.77,12,servidor_publico,sim,0
29,2054.26,6.2,615.0,6989.0,36,autonomo,nao,0
22,1598.53,3.3,464.0,33932.2,24,autonomo,nao,1
47,7661.22,1.6,614.0,24819.55,36,CLT,sim,0
36,13798.93,3.5,628.0,6198.5,48,CLT,nao,0
47,2802.7,0.4,667.0,24102.09,6,servidor_publico,nao,0
48,1761.23,4.4,482.0,28193.66,48,aposentado,nao,0
54,1063.89,5.0,592.0,6881.74,12,autonomo,nao,0
46,3183.51,1.1,698.0,5058.23,12,autonomo,nao,0
51,3059.48,7.6,611.0,2438.21,18,autonomo,sim,0
48,2544.75,6.5,592.0,12673.74,12,autonomo,nao,0
51,4112.38,4.1,792.0,5257.12,18,CLT,nao,0
50,4524.87,1.4,524.0,12923.73,36,CLT,nao,0
34,4348.98,5.2,731.0,6842.42,12,autonomo,sim,0
30,3059.88,2.4,712.0,5962.08,24,CLT,sim,0
58,1986.46,3.8,600.0,6870.76,18,autonomo,sim,0
35,5251.18,5.6,617.0,4251.89,12,aposentado,nao,0
46,3666.1,0.8,617.0,6868.7,6,servidor_publico,nao,0
28,5934.85,0.6,636.0,6131.54,48,servidor_publico,nao,0
40,5622.56,2.2,566.0,9806.48,6,servidor_publico,nao,0
45,1665.75,11.5,581.0,10591.08,24,autonomo,nao,0
50,1654.37,13.3,588.0,4933.17,12,autonomo,nao,0
45,2402.95,4.3,591.0,20242.17,48,CLT,nao,0
36,2036.63,6.6,592.0,8922.04,6,servidor_publico,nao,0
68,5515.89,3.2,418.0,26280.58,18,CLT,nao,1
44,4417.02,3.5,629.0,11576.16,24,autonomo,nao,0
60,6664.51,2.8,573.0,10351.82,48,CLT,nao,0
56,4528.15,7.2,452.0,7193.0,6,CLT,nao,0
47,4083.69,9.4,588.0,14759.55,36,CLT,nao,0
64,7043.44,3.5,586.0,10115.44,6,autonomo,nao,0
24,4714.27,3.5,735.0,17292.06,12,servidor_publico,nao,0
65,3779.91,2.9,571.0,28086.11,48,CLT,nao,0
62,8219.37,9.5,680.0,6170.56,18,CLT,nao,0
44,3879.07,6.1,744.0,14746.36,24,servidor_publico,nao,0
56,3079.78,1.3,563.0,14477.13,18,CLT,nao,0
45,2296.63,11.3,616.0,13330.0,48,autonomo,nao,0
31,5359.7,0.2,776.0,7468.28,6,servidor_publico,nao,0
59,7189.51,8.9,641.0,7567.15,48,autonomo,nao,0
30,3541.04,6.8,654.0,6771.49,12,CLT,nao,0
34,7475.26,3.5,583.0,6684.75,24,autonomo,nao,0
45,1232.12,3.4,682.0,5732.57,12,aposentado,nao,0
61,3531.58,3.0,616.0,9247.21,36,CLT,nao,0
37,3561.54,1.4,455.0,6047.61,36,autonomo,nao,0
43,2440.98,10.7,588.0,13136.74,6,CLT,nao,0
20,13509.16,3.3,514.0,10270.39,12,aposentado,nao,0
24,3510.78,1.4,630.0,11047.17,36,CLT,sim,0
20,2909.53,10.3,537.0,8285.25,24,CLT,nao,0
21,3693.31,4.7,663.0,10350.44,24,CLT,nao,0
63,1210.09,4.9,624.0,8427.37,18,aposentado,nao,0
61,2397.24,11.8,508.0,16427.35,36,autonomo,nao,0
60,6252.78,5.4,576.0,7423.8,48,CLT,nao,0
20,2576.22,2.0,676.0,12633.29,6,CLT,nao,0
22,2307.96,5.4,723.0,4233.82,36,servidor_publico,nao,0
32,7481.88,1.5,539.0,15722.51,48,CLT,nao,0
47,7609.4,2.3,521.0,6880.73,12,autonomo,nao,0
35,4838.43,4.2,796.0,5469.94,18,autonomo,sim,0
43,2834.68,6.6,619.0,4721.02,24,autonomo,sim,0
26,3191.64,2.1,628.0,4484.36,36,autonomo,nao,0
56,2339.56,2.9,553.0,7237.59,36,servidor_publico,sim,0
34,2106.69,2.9,639.0,26215.55,48,CLT,nao,0
21,2049.95,7.4,774.0,6514.85,24,CLT,sim,0
56,2591.7,3.4,643.0,2354.39,48,CLT,nao,0
64,2060.91,11.2,716.0,12550.97,24,CLT,sim,0
18,1540.65,2.3,623.0,4796.94,12,autonomo,nao,0
40,4107.92,2.1,528.0,16808.25,36,autonomo,nao,0
61,4142.39,8.8,559.0,7527.36,18,servidor_publico,nao,0
54,9278.32,5.1,519.0,8282.46,24,servidor_publico,nao,0
62,2521.01,8.6,640.0,21552.61,24,CLT,nao,0
39,4284.91,1.0,730.0,14787.3,6,autonomo,nao,0
37,4324.24,3.3,634.0,4402.18,24,autonomo,nao,0
54,3166.52,4.2,592.0,4843.93,6,aposentado,nao,0
25,5482.87,4.0,549.0,3104.8,18,CLT,nao,0
30,5576.83,3.0,652.0,53749.71,24,autonomo,nao,0
49,4359.34,3.9,509.0,5649.04,24,CLT,nao,0
52,3163.39,4.1,518.0,21170.81,6,CLT,nao,0
24,2990.99,2.1,701.0,7002.49,48,autonomo,nao,0
44,1715.97,7.2,595.0,4905.41,36,CLT,nao,0
36,2337.28,10.3,593.0,10036.81,12,CLT,nao,0
44,2586.07,5.7,605.0,8003.77,18,autonomo,nao,0
67,1962.19,4.6,685.0,16667.54,6,CLT,nao,0
21,4637.63,3.2,635.0,16803.62,18,CLT,nao,1
69,7031.43,4.2,553.0,6744.0,36,autonomo,nao,0
41,2209.6,4.5,556.0,3881.7,48,autonomo,nao,0
58,4255.18,1.4,602.0,4545.27,24,autonomo,nao,0
40,2061.6,6.9,647.0,2244.87,12,aposentado,nao,0
34,3078.79,2.4,617.0,8280.02,48,CLT,nao,0
58,2490.7,9.1,609.0,9821.51,24,CLT,nao,0
53,5069.73,3.8,624.0,4708.68,36,CLT,nao,0
25,2506.56,7.0,617.0,4353.03,36,CLT,nao,0
54,6351.29,5.7,550.0,9794.2,18,CLT,sim,0
57,3180.69,1.1,720.0,6563.17,6,servidor_publico,nao,0
38,2547.12,8.6,577.0,8617.9,24,CLT,nao,0
66,1827.46,1.8,632.0,7795.52,48,CLT,nao,0
51,4185.0,2.3,435.0,11633.85,48,servidor_publico,nao,0
35,5957.29,2.5,601.0,6853.87,48,autonomo,sim,0
18,4231.56,0.7,521.0,7203.46,18,autonomo,nao,0
53,12473.45,4.0,532.0,2912.69,48,CLT,nao,0
28,7993.49,7.3,838.0,9578.57,6,CLT,nao,0
57,3074.38,9.0,642.0,10484.46,12,autonomo,sim,0
45,3056.68,3.0,730.0,8817.51,24,CLT,sim,0
42,4714.19,3.4,697.0,34292.85,12,CLT,nao,0
26,2296.38,5.9,708.0,11001.71,6,servidor_publico,nao,0
54,6915.07,3.0,602.0,8939.99,12,CLT,nao,0
26,4442.09,7.8,765.0,13690.32,48,CLT,nao,0
39,4192.5,3.3,696.0,39079.81,18,CLT,nao,0
61,5312.54,1.6,624.0,11664.09,12,servidor_publico,nao,0
65,9391.46,4.0,644.0,2332.59,24,CLT,nao,0
69,3999.9,0.9,608.0,13106.17,18,CLT,nao,0
67,3421.48,4.0,625.0,5588.67,18,autonomo,nao,0
46,8348.15,4.6,616.0,2836.68,48,CLT,nao,0
28,6199.06,1.8,654.0,29834.32,24,autonomo,nao,0
61,3051.72,4.5,777.0,25924.41,6,CLT,nao,0
59,3651.35,2.7,512.0,5495.22,48,autonomo,nao,0
69,4054.0,1.7,723.0,5518.66,6,CLT,nao,0
51,4442.61,0.7,587.0,10983.05,36,CLT,nao,0
25,1726.53,1.0,734.0,5567.12,6,CLT,sim,0
44,1558.74,9.7,590.0,9065.24,12,servidor_publico,nao,0
41,2234.86,2.7,657.0,6225.64,48,CLT,nao,0
61,2141.78,4.5,606.0,7629.2,12,servidor_publico,nao,0
38,2555.23,2.9,464.0,3972.57,48,autonomo,nao,0
35,5162.06,9.9,777.0,16940.86,12,servidor_publico,sim,0
22,3317.91,1.7,535.0,21643.55,18,autonomo,sim,0
61,4056.26,3.6,628.0,9273.05,48,CLT,nao,0
57,1856.84,2.3,525.0,9666.7,36,autonomo,nao,0
20,2824.53,6.9,500.0,14897.55,12,CLT,nao,0
40,5029.08,4.5,602.0,9909.37,36,servidor_publico,nao,0
42,5050.41,3.5,567.0,30461.43,18,servidor_publico,nao,0
42,2444.23,1.1,515.0,4206.41,6,CLT,nao,0
65,3979.51,12.9,617.0,17319.91,12,servidor_publico,nao,0
25,12202.14,3.0,487.0,9189.06,12,CLT,nao,0
33,3605.88,1.5,631.0,4775.3,18,autonomo,sim,0
27,2486.79,0.7,609.0,42642.54,48,servidor_publico,nao,0
30,3309.1,0.9,397.0,46647.76,24,CLT,nao,0
65,3830.3,3.5,573.0,8646.28,6,CLT,nao,0
66,3350.47,7.0,662.0,13214.52,24,autonomo,nao,0
20,3578.7,4.3,524.0,7286.14,24,CLT,nao,0
50,1646.0,0.8,666.0,8089.39,18,CLT,nao,0
30,2144.27,3.5,659.0,4740.39,12,autonomo,nao,1
28,3353.85,8.5,528.0,4306.28,36,CLT,nao,0
33,3324.59,2.6,619.0,32816.85,24,CLT,nao,1
28,2666.7,4.3,694.0,9650.85,18,aposentado,nao,0
43,3303.19,2.7,541.0,10227.96,12,autonomo,nao,0
69,3765.21,5.0,601.0,5843.96,6,autonomo,nao,1
48,5938.3,1.7,724.0,11197.89,12,CLT,nao,0
55,3447.6,0.0,543.0,3723.93,24,aposentado,nao,0
43,4534.67,1.2,661.0,5985.35,6,CLT,nao,0
18,2703.01,2.3,523.0,4537.57,6,CLT,nao,0
22,4987.31,3.2,606.0,22933.97,48,CLT,nao,0
31,4476.75,2.4,660.0,3382.15,12,autonomo,sim,0
30,5861.73,2.4,404.0,4598.61,6,CLT,nao,0
61,5390.55,7.1,572.0,2615.12,48,CLT,nao,0
61,5033.17,1.3,659.0,5549.66,18,CLT,nao,0
62,3449.11,3.5,640.0,7341.59,6,autonomo,nao,0
51,4166.02,0.8,573.0,18686.51,18,CLT,nao,0
46,6535.01,5.7,521.0,8567.24,6,autonomo,nao,0
51,2543.66,4.2,677.0,7578.86,12,CLT,nao,0
39,2576.99,12.8,591.0,12027.37,48,CLT,nao,0
52,4023.02,1.3,669.0,7421.33,36,CLT,nao,0
59,4575.19,10.2,654.0,47402.97,18,aposentado,nao,0
57,2314.02,1.5,580.0,6740.22,18,autonomo,nao,0
49,3494.27,2.6,717.0,12950.8,24,CLT,nao,0
21,3457.5,1.0,567.0,16935.99,24,CLT,nao,0
55,1076.64,12.6,727.0,6615.6,36,CLT,nao,0
37,3226.73,4.6,739.0,11020.27,24,CLT,sim,0
56,3339.16,4.7,715.0,7147.02,6,autonomo,nao,0
46,3333.7,1.6,604.0,11826.68,48,CLT,nao,0
63,7932.73,0.2,849.0,10568.16,18,servidor_publico,nao,0
35,1865.55,2.5,634.0,9034.59,36,CLT,nao,0
66,2313.36,2.1,642.0,4669.86,36,CLT,nao,0
61,865.49,0.5,618.0,33236.42,12,CLT,nao,1
35,2794.74,2.6,518.0,14489.21,24,CLT,nao,0
43,2928.94,3.5,737.0,3524.12,36,servidor_publico,nao,0
45,2750.43,4.9,568.0,7530.82,18,CLT,nao,0
57,6695.71,0.3,703.0,3568.47,36,autonomo,nao,0
53,5844.99,1.1,724.0,16241.95,24,CLT,sim,0
62,3800.25,1.7,674.0,9757.99,48,CLT,nao,0
37,2969.54,7.3,558.0,9923.4,48,CLT,nao,1
44,6402.25,7.2,589.0,5724.22,48,CLT,nao,0
40,3601.6,4.5,379.0,8061.73,12,CLT,nao,1
65,2321.46,2.6,610.0,16509.14,36,CLT,nao,0
33,1416.67,7.6,692.0,19659.01,36,aposentado,nao,0
48,2856.28,4.1,599.0,17157.21,18,autonomo,nao,1
24,5514.05,7.3,567.0,3608.66,12,CLT,sim,1
62,12734.83,4.6,593.0,8769.41,12,autonomo,nao,0
37,3766.44,0.6,729.0,11668.56,24,CLT,nao,0
35,2390.01,0.2,615.0,6138.87,48,autonomo,nao,0
48,1897.46,2.4,787.0,3366.54,48,servidor_publico,nao,0
43,4932.37,6.2,569.0,4288.49,48,CLT,nao,0
62,1379.48,2.1,640.0,26235.1,48,aposentado,nao,0
45,4928.01,8.6,581.0,4562.15,6,CLT,sim,0
44,5708.67,5.8,807.0,10207.87,48,CLT,nao,0
23,4628.34,8.1,636.0,8940.82,24,autonomo,nao,0
19,3226.61,2.4,812.0,8955.67,6,autonomo,nao,0
38,4967.73,1.4,582.0,8039.24,6,CLT,sim,0
69,3999.87,1.2,757.0,16530.11,12,CLT,nao,0
65,2373.29,4.9,631.0,10128.9,12,CLT,nao,0
50,10074.14,0.6,695.0,6590.1,6,CLT,sim,0
50,3000.63,0.7,510.0,10233.0,18,CLT,nao,0
38,5578.44,2.0,651.0,4313.89,24,CLT,nao,0
27,962.72,4.0,524.0,13485.41,12,aposentado,nao,0
18,7347.09,1.7,643.0,6357.38,36,autonomo,nao,0
35,8166.7,7.2,483.0,6599.89,36,aposentado,nao,0
34,3701.19,8.2,612.0,13814.59,18,CLT,nao,0
27,4950.9,0.1,719.0,7594.99,6,CLT,sim,0
31,4950.2,4.7,669.0,7878.08,12,CLT,nao,0
19,2556.69,2.1,509.0,21140.79,24,autonomo,nao,1
49,4919.28,6.4,449.0,5257.59,18,autonomo,nao,0
66,2333.8,4.8,665.0,13683.56,24,CLT,nao,0
53,2604.99,3.8,762.0,18346.44,48,servidor_publico,nao,0
41,6767.04,3.0,533.0,21130.72,36,CLT,nao,0
39,6223.34,0.7,809.0,40730.73,24,CLT,nao,0
33,2468.81,14.0,619.0,6519.86,6,CLT,nao,0
25,2432.16,1.0,444.0,5629.87,36,CLT,nao,0
49,2552.74,10.3,480.0,16834.57,12,CLT,nao,0
47,5447.72,5.5,689.0,18236.07,18,aposentado,nao,0
18,2100.66,2.2,632.0,5919.59,36,autonomo,nao,0
39,4430.16,1.9,753.0,13563.3,36,CLT,nao,0
32,5490.45,0.7,512.0,58147.28,36,CLT,nao,0
26,3468.46,3.4,631.0,10593.88,12,CLT,nao,0
54,6345.71,0.6,621.0,18038.69,18,servidor_publico,nao,0
45,3079.83,7.5,607.0,27580.91,18,servidor_publico,nao,0
50,3236.93,4.1,586.0,50384.31,18,CLT,nao,0
55,2127.1,3.3,587.0,11610.96,36,aposentado,sim,0
69,6370.59,3.6,636.0,22347.55,48,CLT,sim,1
59,2388.48,4.2,647.0,5928.22,18,servidor_publico,nao,0
50,4413.28,2.5,643.0,10058.49,12,CLT,nao,0
63,3500.9,2.8,729.0,7404.22,48,servidor_publico,nao,0
42,2040.54,11.1,512.0,2905.99,6,servidor_publico,nao,0
69,2604.49,7.0,457.0,3491.3,18,CLT,nao,0
57,7789.87,5.3,712.0,13088.92,48,CLT,nao,0
51,4068.02,2.2,535.0,13257.22,48,CLT,nao,0
64,2090.1,0.4,586.0,5028.82,36,CLT,nao,0
44,4306.71,4.9,565.0,27236.15,48,CLT,nao,0
55,3359.8,3.6,563.0,4810.29,12,CLT,nao,0
32,24336.33,2.8,489.0,11698.6,6,CLT,nao,0
68,4259.12,3.1,569.0,7555.98,48,CLT,nao,0
50,2953.23,1.1,678.0,10609.62,18,servidor_publico,nao,0
58,7950.7,1.5,620.0,17748.33,12,CLT,nao,0
41,1322.7,7.0,665.0,16192.0,18,CLT,sim,0
63,3834.81,0.3,575.0,15679.31,36,CLT,nao,0
21,10904.55,6.3,701.0,14430.53,18,aposentado,nao,0
23,3415.54,8.9,574.0,4327.37,24,CLT,sim,0
44,1403.44,4.8,430.0,20690.8,24,CLT,nao,0
56,2928.5,4.6,648.0,4968.2,18,CLT,nao,0
60,8102.96,1.4,689.0,9237.97,48,CLT,nao,0
40,4477.58,1.7,570.0,7876.49,48,aposentado,nao,1
51,2295.32,2.3,728.0,12426.42,18,CLT,nao,0
46,2497.68,0.9,543.0,7222.35,36,CLT,nao,0
67,2676.23,1.5,680.0,8928.18,36,CLT,nao,0
52,4441.11,3.6,777.0,28346.65,6,CLT,nao,0
39,7600.79,2.2,623.0,4264.52,48,CLT,nao,0
68,6495.29,3.8,600.0,9881.27,36,CLT,nao,0
23,4678.85,7.0,610.0,4797.34,48,autonomo,nao,0
69,1750.39,3.8,767.0,15341.66,36,CLT,nao,0
26,1753.97,4.7,656.0,6171.06,48,CLT,sim,0
32,4881.89,0.6,813.0,10148.17,24,autonomo,nao,0
60,1737.13,6.9,645.0,4183.77,6,autonomo,nao,0
56,3216.14,0.6,561.0,22913.94,12,CLT,sim,0
68,4303.93,2.1,567.0,10376.65,6,autonomo,nao,0
56,1947.54,1.2,626.0,10824.29,12,servidor_publico,nao,0
51,2072.8,0.4,436.0,16964.7,24,servidor_publico,nao,0
36,3457.27,3.7,577.0,4387.81,48,CLT,nao,0
18,4803.06,5.0,579.0,6635.81,36,servidor_publico,nao,0
24,6527.87,9.0,642.0,11053.86,18,autonomo,nao,0
33,5084.13,4.1,795.0,3148.58,18,autonomo,nao,0
20,3791.48,1.5,625.0,3376.15,24,autonomo,nao,0
44,2415.33,2.2,447.0,5803.29,18,CLT,sim,0
58,2020.3,0.5,538.0,4714.28,24,autonomo,nao,1
68,2749.07,2.4,644.0,7914.79,48,autonomo,nao,0
43,4561.76,3.2,628.0,13899.12,6,aposentado,sim,0
63,4381.49,4.8,766.0,16113.65,18,CLT,sim,0
69,1147.17,5.8,706.0,32084.13,6,aposentado,nao,0
62,2363.45,4.7,704.0,9752.65,48,CLT,nao,0
42,7061.97,1.4,600.0,10941.66,12,aposentado,nao,0
34,3803.09,1.0,719.0,9738.36,24,autonomo,nao,0
68,1670.11,5.5,539.0,12187.6,6,autonomo,nao,0
30,13302.43,0.4,707.0,12822.27,18,autonomo,sim,0
39,3583.45,12.1,595.0,18022.51,48,aposentado,nao,0
21,4497.98,1.7,490.0,17976.76,48,CLT,nao,0
59,4535.72,7.6,673.0,13871.42,6,CLT,nao,0
51,2974.47,2.0,746.0,26413.02,24,servidor_publico,nao,0
22,2440.2,5.1,583.0,10070.77,12,CLT,nao,0
29,11695.05,1.1,761.0,6650.72,36,autonomo,nao,0
46,6321.83,3.4,471.0,7396.56,24,CLT,nao,0
46,5721.95,0.5,512.0,9239.17,36,servidor_publico,nao,0
59,4998.83,4.2,607.0,4893.37,48,servidor_publico,nao,1
31,2096.82,1.0,587.0,6642.95,18,CLT,nao,0
66,7351.37,1.2,560.0,4717.84,6,autonomo,sim,0
41,2289.93,2.3,632.0,12376.74,12,CLT,sim,1
60,4254.82,2.7,572.0,12456.32,12,autonomo,nao,0
30,1477.84,4.8,588.0,3134.44,6,CLT,nao,0
19,1185.04,4.5,645.0,6469.45,36,CLT,nao,0
20,4337.53,3.7,560.0,32414.88,48,CLT,nao,0
37,2333.2,6.3,610.0,14903.58,24,CLT,nao,0
67,1219.21,4.4,562.0,13297.33,24,autonomo,nao,0
20,4901.69,4.6,511.0,6426.82,24,CLT,nao,0
37,11684.8,1.2,689.0,11929.07,48,servidor_publico,nao,0
23,7818.58,6.6,774.0,9804.22,6,servidor_publico,nao,0
66,3160.47,6.1,716.0,5896.5,24,autonomo,nao,0
53,3658.71,3.8,650.0,7179.87,48,servidor_publico,nao,0
57,5932.72,5.9,562.0,7285.82,6,aposentado,nao,0
55,6749.14,3.2,594.0,3760.71,24,autonomo,nao,0
52,3014.1,9.4,715.0,4186.76,6,autonomo,nao,0
58,3710.04,3.5,415.0,8693.63,48,CLT,nao,0
18,4295.56,3.1,587.0,5703.31,24,servidor_publico,sim,1
63,4937.59,4.4,686.0,8138.84,48,autonomo,sim,0
56,3383.98,10.7,518.0,3485.36,12,CLT,nao,0
56,3408.25,2.0,658.0,16661.6,36,CLT,nao,0
38,7776.86,4.2,654.0,38265.79,36,CLT,nao,0
59,7081.47,2.2,489.0,19298.97,6,autonomo,nao,0
37,4734.24,3.1,628.0,20637.14,36,servidor_publico,nao,0
20,9372.26,1.5,564.0,14868.19,36,CLT,nao,0
65,2943.79,4.5,657.0,11762.02,24,CLT,nao,0
30,8889.58,3.3,680.0,10469.69,24,aposentado,nao,0
23,4906.83,5.8,656.0,5461.93,36,CLT,nao,0
50,22005.87,7.0,627.0,15499.08,6,autonomo,nao,0
30,1889.63,7.7,646.0,14912.58,18,CLT,sim,0
62,2492.05,2.2,514.0,7324.97,12,CLT,nao,0
41,4584.05,4.4,617.0,13931.43,48,CLT,nao,0
18,4530.01,8.1,548.0,6303.97,12,CLT,nao,0
67,10642.14,1.5,713.0,6570.43,6,autonomo,nao,0
44,2520.96,3.6,681.0,16380.03,48,CLT,sim,0
31,5989.15,1.6,681.0,13093.13,18,autonomo,nao,0
53,6900.54,10.6,774.0,8512.03,36,aposentado,sim,0
45,5364.49,8.0,590.0,7895.25,12,servidor_publico,nao,0
19,2146.2,5.0,571.0,11087.82,36,CLT,nao,0
57,7897.23,4.9,588.0,3001.87,48,CLT,nao,0
38,7159.02,1.8,476.0,6047.8,36,CLT,nao,0
54,5063.29,8.7,483.0,4348.9,12,autonomo,nao,0
64,4074.04,2.6,676.0,9973.68,24,CLT,nao,0
49,4123.1,1.9,494.0,20082.46,36,servidor_publico,nao,0
52,3486.65,7.3,523.0,13496.06,48,autonomo,nao,0
31,5179.33,2.4,611.0,7097.7,12,CLT,nao,0
30,3703.84,2.0,583.0,6252.35,12,CLT,nao,0
39,2283.15,6.1,700.0,6063.16,18,autonomo,nao,0
62,2045.25,1.1,625.0,36306.47,12,servidor_publico,nao,0
45,2407.59,5.0,548.0,10344.81,36,CLT,sim,0
36,4114.09,3.6,707.0,11269.31,24,autonomo,nao,0
58,3587.37,5.7,686.0,2509.32,18,CLT,nao,0
62,4098.76,4.6,493.0,4593.46,36,servidor_publico,nao,0
64,4795.57,15.2,643.0,9616.97,12,autonomo,nao,0
33,2578.53,3.9,556.0,7159.49,48,autonomo,nao,0
54,8152.77,2.4,553.0,10791.22,24,CLT,nao,0
48,3142.45,3.3,788.0,10699.17,48,servidor_publico,nao,0
41,2868.7,4.6,631.0,14622.17,24,autonomo,nao,0
38,4747.21,10.2,600.0,2936.71,36,CLT,sim,0
23,1326.0,5.3,628.0,4825.17,12,autonomo,nao,0
32,2357.14,1.7,699.0,9276.61,12,CLT,nao,0
46,6245.33,29.6,557.0,6497.6,24,servidor_publico,nao,0
64,1400.27,6.8,572.0,8089.48,12,autonomo,nao,0
63,6732.26,1.6,679.0,10623.97,6,CLT,nao,0
27,8359.26,1.2,484.0,6098.47,18,CLT,sim,0
53,2971.43,1.0,709.0,11214.64,12,servidor_publico,nao,0
22,4274.82,3.2,476.0,14095.2,24,servidor_publico,nao,0
53,6737.86,3.3,598.0,10324.77,24,CLT,sim,0
35,2816.54,1.9,476.0,15811.19,24,autonomo,nao,0
41,5868.04,0.9,525.0,2410.5,36,CLT,nao,1
55,2517.11,1.2,737.0,6762.02,6,CLT,nao,0
40,2799.84,5.3,714.0,17676.92,36,servidor_publico,sim,0
59,2345.76,2.6,724.0,5643.0,18,autonomo,sim,0
45,4396.02,1.4,490.0,5166.56,36,CLT,nao,0
69,6883.5,3.6,525.0,9117.27,36,CLT,nao,0
51,3290.31,4.2,651.0,9786.34,12,CLT,nao,0
33,1809.51,4.5,684.0,6991.48,12,CLT,nao,0
58,2007.23,3.5,548.0,32804.57,36,aposentado,sim,0
39,4523.45,3.1,568.0,11922.93,24,CLT,nao,0
45,10039.31,7.7,518.0,5503.43,12,CLT,nao,0
25,4521.27,1.3,769.0,3882.83,12,servidor_publico,nao,0
24,2943.07,2.8,577.0,12882.5,48,CLT,nao,0
47,5549.16,0.5,623.0,5419.31,24,CLT,nao,0
27,3191.59,2.5,628.0,40102.84,48,autonomo,nao,0
69,2957.04,3.8,720.0,13071.15,36,CLT,nao,0
62,2149.19,6.0,534.0,14242.44,12,CLT,nao,0
54,7900.23,0.5,725.0,11633.53,12,autonomo,nao,0
56,900.94,3.7,505.0,20517.23,48,aposentado,sim,0
48,5646.68,11.2,725.0,2086.04,36,servidor_publico,nao,0
21,2821.26,4.8,466.0,4527.27,24,CLT,nao,0
38,2905.36,1.1,611.0,19383.74,36,autonomo,nao,0
43,9235.16,2.5,766.0,26248.84,18,autonomo,sim,0
65,2458.31,4.9,683.0,4434.04,12,CLT,nao,0
29,2504.79,2.0,658.0,3034.77,36,CLT,nao,0
43,3388.98,4.1,526.0,11035.68,48,autonomo,nao,0
35,4571.59,3.9,554.0,13568.66,48,CLT,sim,0
24,2855.43,3.2,741.0,10892.16,36,servidor_publico,nao,0
23,1532.07,1.0,663.0,9520.87,48,CLT,nao,0
36,2261.69,1.8,700.0,2969.93,24,CLT,nao,0
22,7366.76,12.0,627.0,7756.17,12,servidor_publico,sim,0
21,3793.81,2.4,595.0,8545.54,6,servidor_publico,nao,0
36,4666.19,2.6,689.0,6930.2,12,CLT,nao,0
28,3153.34,2.6,643.0,2843.58,18,autonomo,nao,0
46,2533.3,5.9,605.0,14473.56,6,servidor_publico,nao,0
18,9160.57,2.7,493.0,17374.27,12,CLT,nao,0
33,3282.94,3.2,706.0,5904.56,48,autonomo,nao,0
41,2853.06,3.7,660.0,8770.23,12,autonomo,sim,0
68,6653.37,6.4,565.0,7165.32,18,CLT,nao,0
50,2447.2,3.2,726.0,7210.73,24,servidor_publico,nao,0
63,2625.17,3.5,642.0,13637.22,48,aposentado,nao,0
35,3661.53,2.0,644.0,13853.0,48,CLT,nao,0
41,3641.49,4.1,700.0,19902.51,36,CLT,nao,0
39,4199.78,5.0,680.0,19634.7,6,servidor_publico,nao,0
64,11503.63,5.3,646.0,8851.36,6,CLT,sim,0
67,4380.58,10.8,603.0,62778.5,36,CLT,nao,0
68,984.44,1.7,799.0,27104.87,48,autonomo,nao,0
57,4356.67,3.3,554.0,6452.41,24,autonomo,nao,0
44,3717.6,2.7,687.0,10746.0,48,CLT,nao,0
46,3729.01,9.5,612.0,2722.27,36,CLT,nao,0
68,4168.33,5.4,661.0,10074.04,18,servidor_publico,nao,0
32,3583.97,0.7,731.0,29375.07,48,aposentado,nao,0
36,3537.1,1.9,592.0,60345.88,36,CLT,nao,0
64,5100.91,2.5,674.0,9146.89,18,CLT,nao,0
38,2702.29,0.8,644.0,12303.92,24,CLT,nao,0
30,2161.96,3.5,562.0,14668.43,24,CLT,nao,0
47,19207.96,2.1,733.0,35839.55,6,CLT,sim,0
34,2455.97,11.1,684.0,5224.25,12,autonomo,nao,0
64,3847.11,4.1,581.0,55608.06,12,CLT,nao,1
65,1599.4,2.4,719.0,8053.83,12,servidor_publico,nao,0
33,3881.81,1.4,545.0,4625.78,24,servidor_publico,sim,0
45,2179.23,3.1,617.0,8063.32,24,autonomo,sim,0
69,2854.47,9.0,581.0,5847.43,48,CLT,nao,0
56,6469.06,2.8,688.0,12997.55,6,autonomo,nao,0
29,4720.19,3.1,577.0,3381.06,36,CLT,nao,0
48,4977.21,7.0,688.0,10851.58,12,CLT,nao,0
50,1374.49,4.0,674.0,15238.49,18,autonomo,nao,0
51,9999.52,5.8,586.0,25947.8,6,servidor_publico,nao,0
19,1890.25,4.3,785.0,15404.18,6,servidor_publico,nao,0
33,8439.75,4.1,553.0,24930.03,6,CLT,nao,0
62,6385.91,0.7,493.0,6676.28,12,autonomo,nao,0
30,5001.7,1.2,697.0,12787.5,18,CLT,nao,0
33,2275.05,3.7,427.0,2323.9,12,autonomo,nao,0
34,3957.53,1.5,754.0,9190.34,6,CLT,nao,0
27,2810.15,3.1,629.0,12725.82,18,autonomo,sim,0
26,3699.57,1.1,492.0,13496.71,6,servidor_publico,nao,1
36,3173.44,7.0,535.0,3557.63,36,CLT,nao,0
63,1186.5,1.7,473.0,7680.13,36,servidor_publico,nao,0
18,6747.86,1.4,654.0,8408.56,6,autonomo,nao,0
32,3482.1,0.9,501.0,7488.33,24,autonomo,nao,0
21,2788.78,5.2,665.0,15855.22,48,CLT,nao,0
47,2675.31,3.1,593.0,8596.09,48,CLT,nao,0
31,4434.42,6.9,577.0,10557.19,6,CLT,nao,0
59,2227.05,2.1,666.0,7199.36,48,CLT,sim,0
48,1053.27,1.2,676.0,19774.25,18,autonomo,nao,0
58,4554.73,3.0,723.0,20754.16,48,CLT,nao,0
51,4844.05,7.8,563.0,8099.66,12,CLT,nao,0
40,3262.35,0.6,617.0,63125.68,36,servidor_publico,nao,1
62,1936.53,4.0,563.0,6013.66,36,autonomo,nao,0
42,3823.47,4.3,635.0,19047.25,12,CLT,nao,0
67,1627.02,8.7,550.0,5333.96,36,autonomo,nao,0
69,2069.42,1.6,582.0,16357.89,12,CLT,nao,0
48,2409.36,0.6,582.0,15549.02,36,autonomo,sim,1
53,5791.62,2.2,646.0,5127.48,48,CLT,nao,0
31,2982.64,5.8,620.0,9091.62,12,CLT,sim,0
60,2846.01,3.3,666.0,33323.92,48,servidor_publico,sim,0
52,10668.82,4.6,610.0,5829.6,36,CLT,nao,0
64,4419.82,1.2,568.0,12851.46,24,CLT,sim,0
31,4387.2,2.6,637.0,12308.74,12,CLT,nao,0
58,2971.03,3.4,537.0,9628.82,24,CLT,nao,0
42,2622.79,0.7,671.0,3212.37,48,servidor_publico,nao,0
27,1093.87,3.3,594.0,16959.89,6,CLT,nao,0
26,6203.12,2.4,638.0,9972.14,48,CLT,nao,0
47,4659.07,17.3,640.0,20282.22,6,servidor_publico,nao,0
34,3299.28,3.2,764.0,11506.22,48,CLT,nao,0
23,3376.26,9.0,654.0,10320.68,24,CLT,nao,0
40,5458.23,4.6,627.0,12608.82,48,CLT,sim,0
51,1548.29,2.9,558.0,5208.8,12,servidor_publico,nao,0
34,2632.17,8.1,692.0,27248.92,6,CLT,nao,0
67,1948.93,1.1,596.0,7754.13,18,autonomo,sim,0
58,9646.3,2.2,483.0,7819.18,36,autonomo,nao,0
44,5893.53,6.0,602.0,22925.21,36,CLT,nao,0
66,1084.11,0.3,637.0,11623.36,36,autonomo,nao,0
40,1583.56,3.1,546.0,8487.14,36,servidor_publico,nao,0
25,3385.34,3.1,609.0,12951.71,36,autonomo,nao,0
19,2807.8,3.9,614.0,14866.86,48,servidor_publico,nao,0
66,1757.4,2.6,615.0,9164.38,12,CLT,nao,0
67,10610.71,5.8,731.0,18024.99,12,CLT,nao,0
56,4323.83,1.6,502.0,4333.54,6,autonomo,nao,0
23,4727.49,6.4,803.0,11733.18,18,CLT,nao,0
33,2488.39,1.2,617.0,16650.16,12,CLT,nao,0
20,5416.75,4.1,672.0,14826.43,24,CLT,nao,0
20,2953.55,7.5,632.0,2306.11,24,CLT,nao,0
30,3115.55,1.5,465.0,9115.35,24,servidor_publico,nao,1
47,5095.18,1.9,525.0,4495.7,24,CLT,nao,0
21,1486.31,6.6,573.0,22828.19,48,autonomo,nao,1
69,8763.63,3.7,709.0,7677.6,6,CLT,nao,0
41,4025.14,0.6,495.0,21238.22,12,autonomo,nao,0
31,7365.18,3.8,543.0,4486.92,18,CLT,nao,0
44,2015.29,5.2,635.0,12758.05,6,CLT,nao,0
59,2191.32,6.8,663.0,9948.34,36,CLT,sim,0
34,1921.68,4.0,660.0,59673.6,18,CLT,nao,0
20,4178.32,4.7,531.0,21282.77,12,CLT,nao,0
20,3775.51,9.7,476.0,20414.99,24,autonomo,nao,1
62,2820.23,6.1,669.0,36977.87,12,servidor_publico,nao,0
23,2084.45,2.6,749.0,11901.85,18,autonomo,nao,0
51,1814.15,2.8,589.0,9277.25,24,CLT,sim,0
37,3545.14,7.3,517.0,8614.56,12,autonomo,nao,0
58,2818.41,4.0,581.0,12247.55,36,CLT,nao,0
21,2497.18,3.5,655.0,1635.04,12,autonomo,nao,0
64,8526.2,2.5,599.0,9912.11,6,autonomo,nao,0
54,3479.77,7.1,747.0,11469.13,18,CLT,nao,0
41,7321.16,1.6,703.0,8943.63,12,autonomo,nao,0
28,2715.45,2.2,637.0,3658.87,36,CLT,nao,0
68,4165.65,7.1,444.0,8978.66,24,CLT,nao,0
33,3531.54,7.0,558.0,3652.24,6,autonomo,nao,0
43,1431.26,13.7,571.0,31349.15,18,autonomo,nao,1
38,7987.12,3.1,553.0,8372.62,48,autonomo,nao,0
29,3380.12,2.5,637.0,2589.56,36,CLT,nao,0
39,5489.16,2.8,639.0,8653.92,24,autonomo,nao,0
25,2407.6,0.7,469.0,17712.2,48,aposentado,nao,0
18,3325.37,0.3,692.0,11097.23,6,CLT,nao,0
33,2260.25,4.0,621.0,5464.31,36,CLT,nao,0
23,7185.35,2.4,652.0,6368.62,6,CLT,nao,0
39,4321.14,1.7,687.0,8213.62,24,autonomo,nao,0
62,4455.43,3.5,551.0,7436.97,6,CLT,nao,0
26,7684.81,4.1,733.0,4364.6,18,autonomo,nao,0
18,6877.34,2.9,607.0,9471.68,6,CLT,nao,0
23,5546.59,3.0,756.0,4159.18,12,CLT,nao,0
44,1665.78,2.4,540.0,18340.72,24,CLT,sim,0
32,2483.38,5.4,749.0,19855.15,36,CLT,nao,0
43,2096.16,2.1,539.0,5156.06,48,servidor_publico,nao,0
19,5432.44,1.4,849.0,6211.65,48,CLT,sim,0
35,3999.24,2.3,534.0,7517.96,6,CLT,nao,0
39,1694.63,3.9,715.0,9696.43,48,servidor_publico,nao,1
40,3281.94,5.7,587.0,11695.4,12,CLT,nao,0
46,1600.77,10.9,684.0,13372.88,48,autonomo,nao,0
58,3536.04,3.5,616.0,13171.61,48,CLT,nao,0
42,1464.9,9.1,522.0,27173.91,48,servidor_publico,nao,0
61,4870.03,1.9,368.0,10293.18,24,CLT,nao,0
45,4482.25,1.6,846.0,4244.53,36,CLT,nao,0
31,10398.03,4.5,627.0,3477.37,18,autonomo,sim,0
29,5804.16,5.0,355.0,28660.11,6,CLT,nao,1
34,2885.34,3.8,647.0,13784.17,18,CLT,nao,0
49,5709.8,17.5,682.0,11318.5,12,CLT,nao,0
30,1687.98,2.0,556.0,13251.39,6,CLT,nao,1
65,2144.45,8.0,556.0,10983.78,6,autonomo,nao,0
42,4373.1,1.7,618.0,13115.8,12,CLT,nao,0
62,1110.94,5.3,728.0,7768.38,36,autonomo,nao,0
53,3567.29,3.4,629.0,19650.89,48,CLT,nao,0
35,2077.36,4.0,752.0,7036.3,48,autonomo,nao,0
29,3849.58,4.6,722.0,5501.98,24,CLT,nao,0
56,2012.73,3.5,599.0,3297.6,48,CLT,nao,0
35,4597.82,3.0,479.0,8480.11,12,autonomo,nao,0
30,3679.86,0.5,600.0,22558.71,48,autonomo,nao,0
66,7865.18,6.3,667.0,7351.96,48,autonomo,nao,0
43,3654.46,1.0,625.0,4039.77,6,CLT,nao,0
20,2385.7,2.4,677.0,11910.05,18,servidor_publico,nao,0
43,3178.65,4.2,698.0,6482.14,12,aposentado,nao,0
41,1738.31,1.2,668.0,27075.2,6,aposentado,nao,0
62,4552.24,3.0,595.0,19900.27,12,CLT,nao,0
55,5036.25,5.8,667.0,4332.58,48,CLT,sim,0
27,14158.32,2.4,821.0,8839.35,12,autonomo,nao,0
25,2586.32,3.0,486.0,6057.63,24,CLT,nao,1
49,3142.31,1.5,664.0,4654.88,48,autonomo,sim,0
20,2652.7,2.6,785.0,9543.76,36,CLT,nao,0
34,4091.48,1.0,514.0,16845.71,18,autonomo,nao,0
25,4491.45,3.8,710.0,9385.21,6,CLT,nao,0
19,3535.62,0.8,722.0,7076.27,18,servidor_publico,nao,0
65,6617.54,2.0,487.0,2358.89,12,autonomo,nao,0
22,2593.23,3.4,684.0,6420.3,48,CLT,nao,0
18,6262.88,2.8,596.0,14167.04,48,CLT,nao,0
66,4896.0,4.4,615.0,4137.05,12,CLT,sim,0
27,3616.94,3.0,591.0,22780.62,6,servidor_publico,sim,0
60,3061.88,0.5,738.0,6772.58,36,CLT,sim,0
19,13830.99,1.2,610.0,11225.22,48,autonomo,nao,0
25,2323.07,3.3,578.0,7635.47,48,CLT,nao,0
23,4289.23,6.9,580.0,4607.29,36,autonomo,sim,0
54,2409.99,6.1,589.0,13176.53,18,CLT,nao,0
50,9721.46,17.2,523.0,6709.58,18,aposentado,nao,0
42,5929.85,2.1,578.0,5759.06,6,autonomo,sim,0
30,2507.16,5.7,631.0,2112.24,48,servidor_publico,nao,0
22,4826.74,5.4,656.0,23080.57,48,autonomo,nao,0
47,4195.35,9.4,728.0,9936.76,48,CLT,nao,0
29,2740.39,7.7,642.0,20318.16,24,CLT,nao,0
48,5524.73,4.0,577.0,14810.99,48,CLT,nao,0
53,4510.3,5.0,529.0,20316.35,6,CLT,nao,0
62,4099.56,4.4,647.0,6858.92,18,CLT,nao,0
43,3557.97,3.2,609.0,4055.8,6,servidor_publico,nao,0
18,4615.06,4.8,612.0,16248.41,24,CLT,nao,0
32,4130.54,3.7,644.0,10771.18,6,autonomo,nao,0
62,3761.23,3.6,667.0,7309.0,12,CLT,sim,0
45,2559.18,9.6,644.0,16038.76,18,CLT,nao,0
50,9242.53,4.1,605.0,12091.83,6,CLT,nao,0
41,2043.19,3.5,548.0,14992.57,6,CLT,nao,1
26,4606.39,2.9,565.0,5092.09,48,servidor_publico,nao,0
64,3052.96,2.7,696.0,18684.52,12,autonomo,nao,0
58,9583.05,1.2,582.0,9867.38,48,CLT,nao,0
69,2215.17,3.2,499.0,20033.59,18,autonomo,nao,0
62,2429.9,7.2,724.0,18571.15,6,CLT,nao,0
33,2135.81,2.1,535.0,15461.27,6,CLT,nao,0
31,4349.89,0.3,623.0,9207.45,36,CLT,nao,0
30,1710.98,4.7,664.0,15696.92,6,CLT,nao,0
65,2798.42,3.8,620.0,20373.91,48,servidor_publico,nao,0
46,1114.54,9.5,397.0,14681.98,12,servidor_publico,nao,0
41,4155.68,1.9,655.0,11290.18,24,autonomo,nao,0
68,2765.24,1.0,739.0,15720.2,18,CLT,nao,0
49,1606.11,2.8,691.0,7032.46,6,CLT,nao,0
65,6614.93,2.4,429.0,26478.63,36,CLT,nao,0
69,1773.63,0.7,811.0,3316.99,6,CLT,nao,0
22,5643.83,3.5,501.0,10120.94,36,autonomo,sim,0
36,2476.07,2.3,523.0,7601.7,24,CLT,nao,0
56,8785.56,8.4,690.0,6525.16,12,CLT,nao,0
60,5498.62,3.6,661.0,12068.78,48,autonomo,nao,0
25,2091.37,1.7,627.0,4762.08,12,CLT,nao,0
34,2198.66,3.2,569.0,40084.94,12,autonomo,nao,0
46,5079.86,3.8,740.0,4109.81,24,autonomo,nao,0
59,3151.68,5.0,616.0,5333.04,18,autonomo,nao,0
23,3317.15,3.4,479.0,5015.59,18,aposentado,sim,0
49,7330.0,12.1,731.0,11260.13,36,autonomo,nao,0
33,2412.02,1.1,640.0,19138.43,48,autonomo,nao,0
29,3828.44,2.2,720.0,13931.45,36,autonomo,nao,0
44,6155.16,1.7,672.0,25771.48,6,servidor_publico,nao,0
39,5681.75,2.5,835.0,5780.68,48,CLT,nao,0
51,3334.95,4.1,592.0,15186.6,18,CLT,nao,0
34,3106.03,3.9,621.0,8125.0,48,CLT,sim,0
60,1399.19,4.9,685.0,11478.7,12,autonomo,nao,0
22,2036.66,3.6,593.0,20346.06,24,CLT,nao,0
62,4337.69,3.7,692.0,3294.55,48,aposentado,nao,0
19,3375.05,3.6,355.0,36103.88,48,autonomo,sim,1
56,3794.13,2.3,613.0,9005.51,24,CLT,nao,0
36,6448.41,2.2,611.0,3483.15,24,CLT,nao,0
37,1895.0,1.7,607.0,6308.47,6,autonomo,nao,0
18,3197.42,5.1,541.0,10577.65,24,servidor_publico,nao,0
54,4039.16,0.4,702.0,6307.54,18,autonomo,nao,0
26,2471.83,3.7,575.0,2614.61,6,CLT,nao,0
52,8000.92,5.8,638.0,10539.86,48,servidor_publico,nao,0
55,6001.25,6.8,617.0,6191.07,18,servidor_publico,sim,0
61,4270.87,0.2,665.0,15111.95,36,servidor_publico,nao,1
54,9767.61,2.4,749.0,4942.11,6,autonomo,nao,0
33,1596.56,1.8,638.0,43044.69,12,CLT,nao,0
56,3625.51,2.2,696.0,13819.82,48,aposentado,nao,0
60,4453.68,7.8,633.0,11247.67,48,CLT,nao,0
34,2201.72,1.8,574.0,14839.24,6,CLT,nao,0
24,4295.8,5.7,607.0,3029.09,48,autonomo,nao,0
64,1981.04,3.7,594.0,7165.1,12,CLT,nao,0
25,5323.08,2.2,671.0,31538.47,12,autonomo,nao,0
48,6514.65,2.0,630.0,8037.82,48,autonomo,nao,0
30,4229.26,4.0,549.0,9501.1,24,CLT,nao,0
24,1314.17,3.1,600.0,7308.37,36,autonomo,nao,0
58,2139.36,0.6,483.0,25640.55,6,servidor_publico,nao,0
25,4967.1,1.4,603.0,8442.11,36,servidor_publico,sim,0
52,3683.65,4.1,620.0,4386.59,18,CLT,nao,0
54,827.41,1.1,783.0,52903.77,36,CLT,nao,0
21,7212.4,6.3,741.0,4049.04,24,CLT,sim,0
26,3925.15,0.8,527.0,9290.08,6,autonomo,sim,0
59,2320.43,2.7,638.0,5726.35,48,autonomo,nao,0
44,6293.2,5.2,640.0,6272.68,12,CLT,nao,0
24,2508.28,1.3,599.0,4969.67,18,CLT,nao,0
69,2493.27,1.0,605.0,6967.45,36,autonomo,nao,0
31,4434.16,4.5,588.0,18762.62,48,autonomo,nao,0
18,9696.99,5.9,789.0,2874.72,48,CLT,nao,0
66,8892.58,2.8,583.0,22460.76,18,CLT,nao,0
18,4437.48,2.3,651.0,20079.58,18,CLT,nao,0
46,4695.28,0.8,392.0,13778.83,36,servidor_publico,nao,0
69,5626.96,3.4,694.0,10743.01,12,autonomo,nao,0
48,1823.77,0.5,727.0,11846.83,24,autonomo,sim,0
48,5188.92,7.9,525.0,24964.7,12,CLT,sim,1
38,2431.49,2.9,574.0,3181.92,12,CLT,nao,0
24,4337.98,1.5,661.0,15878.77,24,CLT,nao,0
47,3212.78,2.0,622.0,6093.56,48,CLT,nao,0
64,4796.61,3.6,662.0,16928.2,12,CLT,nao,0
22,3885.31,2.2,594.0,6641.94,36,CLT,nao,0
63,671.71,3.2,788.0,15669.41,6,CLT,sim,0
39,4017.4,1.3,560.0,3617.3,36,servidor_publico,nao,0
45,5183.23,6.9,862.0,3293.9,18,CLT,nao,0
26,4652.97,2.0,732.0,9195.86,6,CLT,nao,1
50,3441.21,0.3,695.0,25162.11,24,CLT,nao,0
27,8983.9,2.4,526.0,14024.83,12,CLT,nao,0
32,4321.06,1.7,702.0,13959.62,24,autonomo,nao,0
55,4631.89,6.6,674.0,17311.49,6,autonomo,nao,0
20,6467.02,1.5,429.0,7646.21,18,autonomo,nao,0
41,4444.52,2.2,494.0,14720.36,12,servidor_publico,nao,0
48,2221.84,3.7,652.0,6790.04,12,CLT,sim,0
24,952.33,4.9,608.0,8069.85,6,CLT,nao,0
33,2800.58,8.2,574.0,8748.15,12,CLT,nao,0
35,5533.19,1.6,717.0,6942.43,6,CLT,nao,0
52,2998.29,7.6,540.0,9481.21,24,CLT,sim,0
68,5656.99,6.4,579.0,8387.83,18,autonomo,sim,0
61,3951.3,1.7,562.0,6248.01,12,servidor_publico,sim,0
27,7394.09,1.5,666.0,9032.72,24,CLT,nao,0
18,3095.27,4.3,465.0,10948.12,48,CLT,nao,0
20,4708.8,3.2,575.0,4842.02,24,servidor_publico,sim,0
48,4808.96,4.3,465.0,12982.36,12,autonomo,nao,0
26,8315.54,2.5,592.0,7180.38,18,autonomo,nao,0
30,1424.18,3.4,685.0,11257.98,36,CLT,sim,0
62,2829.56,2.9,687.0,6422.46,6,CLT,nao,0
63,5806.21,4.3,555.0,19590.93,12,autonomo,nao,0
61,8520.61,1.5,668.0,18425.21,18,CLT,nao,0
31,4154.88,3.6,603.0,5003.52,24,CLT,nao,0
50,3099.55,8.1,742.0,13922.33,24,CLT,nao,0
49,5521.56,7.8,608.0,25338.41,36,autonomo,nao,0
27,5871.04,3.9,352.0,5343.75,48,autonomo,sim,0
46,2987.48,1.5,701.0,5626.14,12,CLT,nao,0
45,4366.29,10.8,579.0,15959.17,18,CLT,nao,0
38,6969.44,4.3,595.0,4231.59,18,CLT,sim,0
57,10298.49,10.1,650.0,5970.68,6,autonomo,nao,0
53,5477.66,4.4,492.0,5117.74,6,servidor_publico,nao,0
45,3730.42,0.2,627.0,16088.58,24,CLT,nao,0
55,3534.26,10.7,668.0,6310.19,24,CLT,nao,0
57,4947.16,5.8,653.0,8225.61,12,servidor_publico,nao,0
47,3416.53,3.3,566.0,6085.04,48,servidor_publico,sim,0
31,4041.22,0.6,709.0,20879.72,12,autonomo,sim,0
57,2034.83,6.3,530.0,5661.24,24,CLT,sim,0
55,7430.75,4.4,564.0,3964.2,48,CLT,nao,0
69,1944.77,12.8,608.0,3864.49,36,aposentado,nao,0
25,2870.78,9.4,647.0,15535.43,36,CLT,nao,0
39,3841.72,9.9,591.0,16281.95,12,CLT,sim,0
66,10883.93,3.8,731.0,22282.58,48,autonomo,sim,0
44,2885.7,3.7,647.0,4360.61,18,autonomo,nao,0
67,2524.23,4.4,627.0,8516.09,12,CLT,nao,0
18,2689.34,1.9,643.0,47941.87,36,aposentado,nao,0
19,9066.97,3.4,686.0,8131.45,24,autonomo,nao,0
59,775.27,2.9,642.0,6862.21,6,CLT,nao,0
36,2097.48,7.5,457.0,9762.89,6,CLT,nao,0
45,16353.69,8.5,718.0,13967.21,6,autonomo,nao,0
40,5039.11,5.3,631.0,13816.26,6,autonomo,nao,0
39,1981.7,1.6,682.0,6638.36,12,CLT,nao,0
66,3557.97,11.2,583.0,6766.42,18,CLT,sim,0
22,3778.57,6.2,456.0,8162.46,12,CLT,nao,0
58,5798.58,4.2,415.0,6157.61,48,CLT,nao,0
64,10013.87,5.0,535.0,4435.54,48,aposentado,sim,0
52,4508.43,0.9,667.0,32053.72,48,CLT,nao,0
38,2705.7,2.9,737.0,7596.93,6,servidor_publico,nao,0
26,5613.31,7.9,647.0,7882.04,24,CLT,nao,0
53,2479.87,0.9,525.0,8043.29,6,CLT,sim,0
42,2062.48,0.8,549.0,9392.52,36,CLT,nao,0
25,1383.06,6.3,742.0,13129.2,6,servidor_publico,nao,0
36,1539.45,4.7,502.0,7314.58,12,CLT,nao,0
68,2223.76,0.9,809.0,20755.77,12,CLT,nao,0
31,1904.96,2.7,789.0,14597.13,18,CLT,nao,0
27,4325.49,4.2,812.0,8742.19,18,autonomo,nao,0
53,1882.45,3.8,654.0,6418.55,24,CLT,nao,0
28,646.12,4.4,589.0,20034.32,12,CLT,nao,0
65,2050.52,2.5,652.0,8907.71,24,CLT,nao,0
62,2808.7,4.0,702.0,4412.57,6,servidor_publico,nao,0
69,2609.73,5.3,561.0,19219.72,6,servidor_publico,nao,0
65,8397.91,5.0,521.0,6172.67,6,aposentado,nao,0
30,2598.14,2.6,594.0,17405.22,12,CLT,nao,0
29,5910.63,5.6,550.0,1930.87,36,CLT,nao,0
35,3603.13,1.5,732.0,7788.23,12,CLT,nao,0
42,3557.21,2.0,565.0,21035.77,24,servidor_publico,nao,0
63,2299.72,6.3,629.0,9930.19,36,autonomo,nao,0
56,3525.12,5.6,708.0,14600.16,36,autonomo,nao,0
51,2390.35,2.8,735.0,5506.83,24,CLT,nao,0
63,3997.86,1.9,639.0,12406.9,12,CLT,nao,0
51,3197.3,2.1,655.0,9921.3,24,CLT,nao,0
37,2165.6,5.1,528.0,11593.12,12,CLT,nao,0
39,6282.62,4.5,712.0,37254.65,24,CLT,sim,0
44,4604.38,1.8,734.0,23109.13,48,CLT,nao,0
22,2845.7,5.5,452.0,16560.83,6,CLT,sim,0
56,3944.28,2.7,779.0,16697.3,6,CLT,nao,0
51,3476.9,1.5,557.0,5481.03,12,aposentado,nao,0
56,2259.33,2.3,674.0,7285.94,18,aposentado,nao,0
45,3784.89,3.6,627.0,3654.89,18,autonomo,nao,0
58,2587.49,5.4,615.0,4336.27,12,servidor_publico,nao,0
67,2165.24,5.2,601.0,5562.22,48,CLT,sim,0
47,1491.41,3.1,531.0,9711.53,6,CLT,nao,0
41,2989.21,3.9,667.0,4463.75,24,CLT,nao,0
23,4973.28,2.9,594.0,9648.32,24,CLT,nao,0
58,2484.77,1.8,502.0,8954.23,36,autonomo,nao,0
65,14565.19,3.2,527.0,4735.07,24,CLT,sim,0
54,5926.13,0.6,504.0,26678.99,6,servidor_publico,nao,0
63,7460.53,8.6,573.0,4184.15,12,autonomo,nao,0
62,5638.56,3.8,664.0,20460.7,12,CLT,nao,0
59,10087.74,4.6,556.0,2286.37,18,servidor_publico,nao,0
44,2361.73,1.9,708.0,9023.15,48,servidor_publico,nao,0
23,890.33,3.8,609.0,4543.91,18,autonomo,nao,0
18,2848.74,4.3,594.0,6467.88,18,CLT,nao,0
28,4949.39,2.8,622.0,32099.65,18,CLT,nao,0
40,3957.37,2.9,746.0,7898.84,6,CLT,nao,0
56,4236.57,1.1,497.0,4827.3,48,autonomo,nao,0
41,7528.87,10.5,769.0,13588.29,24,CLT,nao,0
19,4492.35,1.9,706.0,7853.89,36,servidor_publico,nao,0
28,5649.95,2.1,618.0,10915.77,18,CLT,nao,0
68,2171.65,9.0,726.0,5462.19,12,aposentado,sim,0
69,1993.27,4.8,591.0,5639.83,18,CLT,nao,0
37,8846.37,5.4,646.0,5931.35,12,servidor_publico,nao,0
59,3848.72,1.0,571.0,16630.3,6,CLT,nao,0
55,2584.34,3.8,707.0,8540.38,36,autonomo,nao,0
66,2586.95,1.0,556.0,5007.19,48,servidor_publico,nao,0
64,2547.79,1.6,615.0,10994.85,12,CLT,nao,0
50,2465.31,11.5,681.0,10421.87,24,CLT,nao,0
38,1797.71,1.4,714.0,14369.19,48,aposentado,nao,0
50,1595.22,5.3,546.0,7236.04,36,aposentado,nao,0
34,3270.66,1.5,688.0,9410.47,36,autonomo,nao,0
36,2627.77,1.7,532.0,13018.04,48,CLT,nao,1
49,6693.8,16.2,426.0,5135.44,12,CLT,nao,0
47,4277.79,3.1,553.0,17606.88,6,CLT,nao,0
48,4212.98,0.9,695.0,10003.48,36,autonomo,sim,0
38,2419.42,5.4,619.0,4838.41,36,CLT,nao,0
39,3406.48,7.6,572.0,4815.16,12,CLT,nao,0
18,4440.63,5.8,625.0,9277.9,48,servidor_publico,nao,0
49,5398.67,2.9,622.0,6921.26,6,autonomo,nao,0
47,3457.7,3.0,676.0,16163.23,18,autonomo,nao,0
66,6591.38,2.2,475.0,8214.13,48,servidor_publico,nao,0
44,3656.98,1.2,611.0,12051.93,18,CLT,nao,0
42,5631.13,4.2,631.0,5701.0,36,CLT,nao,0
21,2781.04,2.8,497.0,9750.29,6,servidor_publico,nao,0
28,1343.56,1.0,496.0,23274.14,18,aposentado,sim,0
35,4220.03,3.2,587.0,8988.64,36,CLT,nao,0
37,5425.84,1.9,621.0,6908.95,48,CLT,nao,0
36,4996.24,4.1,621.0,5645.01,18,CLT,nao,0
38,4592.6,3.8,570.0,9777.11,6,CLT,nao,0
57,3005.73,2.5,566.0,24736.98,24,CLT,sim,0
24,2336.22,3.3,584.0,4079.23,36,CLT,nao,0
35,4931.76,3.5,647.0,9581.16,18,autonomo,nao,0
26,4603.38,6.3,732.0,3248.61,48,CLT,nao,0
34,2674.47,3.2,420.0,7579.67,12,servidor_publico,nao,0
53,6702.15,2.2,676.0,11740.5,36,autonomo,sim,0
20,2240.43,2.7,610.0,3543.1,36,CLT,nao,0
35,2641.39,10.0,667.0,7412.13,18,servidor_publico,nao,0
19,8955.6,1.6,727.0,11954.2,6,autonomo,nao,0
67,5870.65,2.8,552.0,10777.76,18,autonomo,nao,0
55,2990.2,2.8,705.0,12336.56,36,servidor_publico,nao,0
30,4264.41,2.9,507.0,5252.78,48,servidor_publico,nao,0
28,3964.5,1.2,631.0,11951.0,18,autonomo,sim,0
23,804.25,2.7,598.0,6700.88,12,autonomo,nao,0
42,2211.53,2.1,624.0,15742.5,36,CLT,nao,0
57,3540.54,4.0,531.0,2204.1,48,autonomo,nao,0
48,2992.5,6.9,659.0,8198.89,6,autonomo,nao,0
63,4170.98,4.3,763.0,10554.1,12,aposentado,nao,0
35,6776.49,3.6,533.0,23792.62,36,CLT,nao,0
32,3050.79,4.6,637.0,10471.56,6,CLT,nao,0
42,2035.08,3.8,697.0,11185.64,48,CLT,sim,0
28,4353.21,3.3,593.0,12633.01,12,CLT,nao,0
68,3042.26,6.1,742.0,22348.33,18,CLT,nao,0
27,3341.47,2.6,581.0,7721.54,24,autonomo,nao,0
42,3101.14,1.2,610.0,3975.81,18,servidor_publico,nao,0
45,12494.09,2.1,531.0,3510.61,6,CLT,nao,0
20,1061.69,1.9,631.0,15240.73,6,aposentado,nao,0
42,2940.74,11.8,620.0,11442.44,18,autonomo,nao,0
41,3633.57,7.2,677.0,8378.11,12,CLT,nao,0
31,2369.35,3.6,563.0,6761.76,48,CLT,sim,0
24,5972.4,1.9,559.0,11131.58,24,servidor_publico,nao,0
20,5694.7,6.1,662.0,11342.59,6,servidor_publico,nao,0
18,3546.57,3.5,746.0,13519.51,36,CLT,nao,0
43,3137.34,2.6,677.0,4814.4,24,autonomo,sim,0
22,3423.52,3.5,786.0,3143.84,6,CLT,nao,0
67,3437.04,2.7,670.0,5465.48,18,autonomo,nao,0
30,3487.34,4.5,667.0,4112.42,36,CLT,nao,0
51,3283.29,1.1,681.0,3976.26,24,CLT,nao,0
53,4183.26,4.5,754.0,27455.69,24,CLT,nao,0
43,5509.71,2.7,731.0,2267.54,18,CLT,nao,0
63,1850.77,6.2,522.0,13430.83,36,CLT,nao,0
23,2042.92,7.3,692.0,17846.25,48,autonomo,nao,0
30,1391.75,8.3,644.0,18804.51,12,servidor_publico,nao,0
31,5863.6,12.4,603.0,11851.39,18,autonomo,nao,0
25,4178.38,8.1,460.0,23340.41,48,servidor_publico,nao,0
33,4807.33,6.0,481.0,31546.24,24,autonomo,nao,0
34,1658.68,1.2,587.0,8131.9,12,CLT,nao,0
57,9717.87,0.3,488.0,13238.13,6,CLT,nao,0
33,2604.85,6.6,589.0,22680.62,36,autonomo,nao,0
63,3993.86,1.6,684.0,5651.78,18,autonomo,nao,0
58,5824.98,18.0,568.0,8440.61,36,aposentado,nao,0
64,2115.74,0.8,628.0,6589.39,6,CLT,nao,0
23,2695.99,5.9,524.0,13354.86,24,CLT,nao,0
69,4018.02,3.8,647.0,2881.99,24,servidor_publico,nao,1
49,17528.97,0.9,666.0,25180.06,18,servidor_publico,nao,0
69,4296.77,3.8,492.0,14002.17,18,CLT,nao,0
36,8808.73,1.8,552.0,14522.61,12,CLT,nao,0
67,7066.5,3.1,506.0,2129.93,36,servidor_publico,nao,0
48,4457.78,3.1,666.0,5033.7,12,CLT,nao,0
21,2113.17,1.8,635.0,26076.9,18,autonomo,nao,0
39,6521.53,2.5,616.0,8819.2,48,servidor_publico,nao,0
25,1597.25,1.7,608.0,3227.16,24,CLT,nao,0
66,8782.19,0.6,649.0,11430.66,6,CLT,nao,0
33,4064.32,3.6,651.0,15389.69,6,servidor_publico,nao,0
29,847.57,8.1,575.0,13981.22,24,CLT,nao,0
46,3019.12,1.8,563.0,8975.34,36,CLT,nao,0
40,5216.97,10.9,615.0,20704.71,18,CLT,nao,0
23,3195.94,12.3,603.0,6271.01,48,autonomo,nao,0
60,5395.14,2.3,805.0,14059.56,48,CLT,sim,0
61,2281.27,2.8,585.0,10804.97,18,autonomo,sim,0
56,1775.27,2.4,646.0,9076.95,12,CLT,nao,0
50,3500.65,1.3,662.0,7736.09,6,CLT,nao,0
38,3704.71,2.8,746.0,7916.19,6,CLT,nao,0
46,3006.07,2.6,547.0,10106.81,24,CLT,nao,0
45,7151.02,3.5,741.0,8182.32,18,servidor_publico,nao,0
26,2281.04,3.7,607.0,15938.54,6,CLT,nao,0
22,4325.32,1.2,845.0,6985.62,6,servidor_publico,nao,0
31,3779.64,5.1,653.0,27429.91,18,CLT,nao,0
41,1546.59,2.8,509.0,6785.65,24,CLT,sim,0
26,1762.58,1.4,602.0,17998.66,6,CLT,nao,0
23,3664.88,2.7,740.0,18510.45,18,servidor_publico,nao,0
62,10825.5,3.8,627.0,11023.78,18,autonomo,nao,0
37,5007.03,9.1,615.0,10403.46,6,autonomo,nao,0
48,1409.37,8.2,685.0,6162.09,48,CLT,sim,0
45,658.02,2.2,589.0,7072.04,12,servidor_publico,nao,0
56,5448.96,2.9,601.0,11417.01,6,servidor_publico,nao,0
56,3453.29,1.7,535.0,9610.98,6,servidor_publico,nao,0
33,6820.56,4.2,776.0,21354.22,18,CLT,nao,0
62,2243.08,2.3,510.0,7365.16,36,CLT,nao,0
37,4414.35,2.8,635.0,7660.7,12,autonomo,nao,0
61,5798.74,6.7,663.0,3354.05,36,CLT,nao,0
39,2846.64,1.2,619.0,15037.36,12,autonomo,nao,0
23,2880.31,8.2,507.0,14180.06,12,CLT,nao,1
57,3691.89,4.5,530.0,18678.03,24,autonomo,nao,0
19,4907.26,7.9,667.0,19374.9,36,CLT,nao,0
58,3612.36,5.6,550.0,16528.07,36,CLT,nao,0
20,6221.07,6.3,434.0,16987.37,24,CLT,nao,0
28,2824.07,3.4,655.0,14713.85,48,servidor_publico,nao,0
49,1753.52,1.4,541.0,16263.21,48,CLT,nao,0
66,10800.38,2.0,677.0,2989.09,12,autonomo,nao,0
39,2610.9,1.7,602.0,4842.26,24,CLT,nao,0
24,2663.39,0.5,598.0,4354.32,6,CLT,nao,0
30,3511.53,6.7,625.0,22597.9,6,CLT,nao,0
64,3778.0,3.1,518.0,5949.58,18,CLT,nao,0
55,2943.41,1.6,546.0,6602.08,36,CLT,nao,0
23,3606.21,12.0,597.0,9940.05,24,CLT,nao,0
38,3562.19,15.5,517.0,4409.9,6,autonomo,nao,0
31,4008.41,1.0,684.0,12674.59,36,servidor_publico,nao,0
27,995.64,2.8,592.0,2478.1,24,autonomo,nao,0
62,10244.35,2.7,490.0,4603.77,36,CLT,nao,0
50,3357.63,1.5,570.0,11262.46,24,CLT,nao,0
27,5010.76,6.6,629.0,4415.77,48,CLT,nao,0
51,1706.23,0.5,580.0,23027.02,18,CLT,nao,0
39,2810.03,10.0,656.0,10199.37,6,servidor_publico,nao,1
21,2515.5,3.5,672.0,20657.74,24,CLT,nao,0
41,8171.01,11.4,836.0,12489.53,48,CLT,sim,0
27,2638.07,3.3,724.0,9820.68,6,servidor_publico,nao,0
30,5524.48,2.7,473.0,5178.31,48,CLT,nao,0
63,2545.97,7.0,588.0,18105.03,36,CLT,nao,0
54,2838.58,11.3,596.0,13184.74,6,servidor_publico,nao,0
24,3180.99,10.1,672.0,38369.61,24,CLT,nao,1
62,7376.94,0.7,536.0,16957.41,12,autonomo,nao,0
47,1287.66,8.4,572.0,7644.09,24,CLT,nao,0
63,1765.85,2.5,508.0,11945.67,36,aposentado,nao,0
56,1247.61,3.0,566.0,13021.92,18,autonomo,nao,0
35,2001.94,2.5,569.0,21076.69,18,CLT,nao,0
45,2329.99,2.0,592.0,23370.16,6,aposentado,nao,0
45,1498.22,2.8,513.0,8908.1,6,CLT,nao,0
55,2431.39,1.5,708.0,4491.36,36,servidor_publico,nao,0
30,1202.2,8.5,662.0,2966.1,18,autonomo,nao,0
35,2079.96,5.6,490.0,4718.72,48,CLT,nao,0
30,7046.11,4.0,622.0,6736.83,24,CLT,nao,0
33,4545.87,2.5,479.0,26312.99,18,CLT,nao,0
26,4036.39,2.2,741.0,26573.73,48,autonomo,nao,0
19,2097.44,4.7,765.0,18473.71,6,autonomo,nao,1
66,1564.24,4.1,615.0,22021.16,36,CLT,nao,0
21,1945.87,7.3,543.0,6249.11,6,servidor_publico,nao,1
64,3555.44,2.2,560.0,3696.14,48,servidor_publico,nao,0
18,5869.34,2.0,579.0,5144.88,24,CLT,nao,0
58,5980.75,5.4,610.0,2636.92,18,autonomo,sim,0
35,5150.44,6.2,743.0,4797.88,24,CLT,nao,0
44,2426.84,14.7,706.0,7123.36,36,aposentado,nao,0
32,3690.45,0.7,707.0,11029.82,12,servidor_publico,nao,1
43,3051.11,8.8,635.0,10808.06,6,servidor_publico,nao,0
41,3259.55,3.8,516.0,6321.65,48,autonomo,nao,0
45,11163.67,2.3,551.0,14325.78,24,CLT,nao,0
38,1381.47,4.7,625.0,6401.03,12,CLT,nao,0
45,3200.07,4.6,512.0,9961.96,48,CLT,nao,0
60,7090.15,2.4,647.0,4810.28,6,CLT,nao,0
40,1625.81,0.7,692.0,20083.1,48,autonomo,sim,0
36,2555.34,8.8,669.0,10032.07,6,CLT,nao,0
24,2721.75,1.9,665.0,15386.35,24,autonomo,nao,0
36,3220.17,1.6,452.0,4489.4,6,autonomo,sim,0
24,1513.57,2.0,740.0,11085.31,6,CLT,sim,0
27,5051.33,6.0,479.0,14357.34,12,autonomo,nao,0
67,5252.49,2.6,606.0,2621.46,12,CLT,nao,0
22,4815.55,2.1,676.0,21147.21,6,CLT,nao,0
43,2255.88,4.5,652.0,4393.47,36,CLT,sim,0
61,3818.38,4.0,505.0,11351.27,36,CLT,sim,1
67,2220.1,2.1,521.0,31634.61,12,CLT,nao,1
25,3032.29,0.7,646.0,18410.69,36,CLT,nao,0
26,11901.35,5.9,666.0,3757.62,12,CLT,nao,0
37,3837.72,4.1,520.0,8815.59,12,CLT,nao,0
46,1894.78,0.5,655.0,22064.59,48,CLT,nao,0
67,4020.59,9.6,484.0,5820.24,24,servidor_publico,nao,0
28,1731.1,0.5,676.0,7832.82,6,CLT,nao,1
26,1882.85,1.8,540.0,7691.54,36,CLT,nao,0
31,2053.67,1.9,627.0,14335.95,18,CLT,nao,0
63,2851.58,2.1,612.0,3644.43,6,CLT,nao,0
19,6095.66,2.1,724.0,14868.08,12,CLT,nao,0
37,5004.63,1.1,642.0,6602.35,12,CLT,nao,0
24,4854.43,3.8,566.0,9824.46,6,autonomo,nao,0
26,1989.41,6.6,652.0,8551.26,36,autonomo,sim,0
65,2703.43,3.8,813.0,14615.65,12,servidor_publico,nao,0
18,4228.49,4.3,687.0,9762.7,6,servidor_publico,nao,0
34,2577.11,2.6,615.0,25242.45,12,CLT,nao,0
65,3124.09,3.7,545.0,18828.54,36,CLT,nao,0
49,4641.29,4.5,565.0,5901.96,24,CLT,nao,0
21,3005.43,5.6,681.0,24039.26,36,autonomo,nao,0
42,4122.99,1.9,540.0,12180.77,18,autonomo,nao,0
68,8742.93,1.7,620.0,11052.64,36,CLT,nao,0
38,3312.56,0.3,749.0,17177.16,18,aposentado,nao,0
45,6964.88,11.5,634.0,5030.39,24,CLT,nao,0
45,4952.53,11.1,523.0,4037.44,48,servidor_publico,nao,0
52,1624.6,3.2,816.0,10058.89,24,aposentado,nao,0
27,1985.89,3.3,779.0,6673.53,18,CLT,nao,0
61,2301.97,9.2,665.0,38098.0,48,CLT,nao,0
69,2275.24,1.2,735.0,6022.09,24,CLT,sim,0
25,3464.56,1.6,596.0,10159.46,48,CLT,nao,0
60,5105.4,9.6,685.0,11212.41,24,servidor_publico,sim,0
60,7261.47,2.6,582.0,22033.7,36,aposentado,sim,0
56,4313.46,1.4,498.0,5185.05,24,CLT,nao,0
37,2849.44,4.7,853.0,3470.86,48,CLT,nao,0
42,1158.37,1.9,493.0,24498.88,12,servidor_publico,nao,0
61,3785.09,8.5,647.0,10428.91,24,autonomo,sim,0
25,3692.92,3.6,646.0,16753.0,48,autonomo,nao,0
61,4026.33,2.0,666.0,17272.19,12,CLT,nao,0
65,11596.19,2.1,612.0,19331.78,18,CLT,nao,0
53,7203.54,4.5,613.0,7741.79,6,CLT,nao,0
35,5607.07,2.9,632.0,6491.13,24,CLT,nao,0
47,2144.92,2.6,663.0,2703.85,18,CLT,nao,0
20,2745.87,5.7,620.0,5183.91,24,CLT,nao,0
66,3455.89,9.3,614.0,10305.14,12,CLT,nao,0
35,2376.84,5.2,501.0,6273.52,36,autonomo,nao,0
20,4794.65,1.8,801.0,4714.58,48,CLT,nao,0
59,4430.64,1.3,668.0,10226.87,24,servidor_publico,nao,0
52,2001.06,5.5,639.0,23692.46,24,CLT,nao,0
50,7032.16,5.2,564.0,9543.25,18,autonomo,nao,0
20,3851.7,2.4,530.0,4739.41,12,CLT,nao,0
57,1406.71,2.9,697.0,22631.0,18,servidor_publico,nao,0
51,3539.57,1.9,606.0,5983.88,18,CLT,nao,0
59,4249.95,1.3,676.0,25889.47,36,CLT,nao,0
61,6216.96,2.0,498.0,8341.21,36,aposentado,nao,0
29,3024.16,0.2,759.0,10583.32,12,CLT,nao,0
28,5740.87,7.4,701.0,27298.32,24,autonomo,nao,0
66,4035.67,1.0,613.0,4111.43,48,autonomo,nao,0
45,1766.44,3.3,662.0,5001.19,18,CLT,nao,0
40,1671.8,0.4,687.0,8004.38,48,CLT,nao,0
32,6750.74,5.0,500.0,9036.44,18,servidor_publico,sim,0
51,7028.94,6.1,771.0,55124.27,6,servidor_publico,nao,0
57,4348.56,3.5,663.0,5556.7,12,CLT,nao,0
18,8288.62,3.1,557.0,4239.66,12,servidor_publico,nao,0
46,6510.26,1.9,521.0,5386.8,24,servidor_publico,sim,0
69,5302.83,7.3,709.0,11509.02,48,autonomo,sim,0
32,2205.65,0.8,639.0,13627.2,18,autonomo,sim,0
32,9435.98,2.3,663.0,6250.35,12,CLT,nao,0
63,4890.09,1.7,622.0,10033.39,24,CLT,nao,0
21,2944.78,1.7,530.0,35044.76,12,aposentado,nao,0
38,2521.1,7.2,666.0,10125.98,18,autonomo,sim,0
41,4193.25,3.0,602.0,12193.32,12,CLT,sim,0
59,1452.32,1.9,618.0,33787.37,12,autonomo,nao,1
24,5349.83,4.2,834.0,6287.28,6,CLT,nao,0
40,2154.98,3.9,698.0,6025.67,24,CLT,nao,0
25,4464.15,6.1,703.0,7293.27,18,CLT,nao,0
58,2732.87,4.5,865.0,7022.38,12,CLT,nao,0
50,3148.15,3.1,655.0,3030.07,36,CLT,nao,0
43,2401.14,3.2,631.0,10825.89,12,CLT,nao,0
38,3331.99,4.4,559.0,11395.93,24,autonomo,nao,0
25,10292.38,1.5,579.0,8770.88,6,servidor_publico,nao,0
65,7799.25,3.9,436.0,11624.34,6,CLT,nao,0
51,4424.73,9.1,691.0,11704.99,6,CLT,nao,0
34,3590.65,3.5,506.0,4206.98,24,aposentado,nao,0
39,5792.45,2.5,701.0,11939.6,12,CLT,nao,0
55,6778.31,2.5,616.0,14228.94,12,CLT,nao,0
55,2306.76,4.3,632.0,3504.78,24,CLT,nao,0
41,3489.13,3.7,616.0,25617.36,24,servidor_publico,nao,0
33,1336.65,5.2,745.0,4432.56,36,CLT,nao,0
52,6752.76,2.0,729.0,4722.74,18,aposentado,nao,0
52,11336.28,2.8,617.0,11285.47,6,aposentado,nao,0
49,3804.9,5.8,539.0,14010.39,48,servidor_publico,nao,0
21,1131.44,6.1,703.0,16407.38,36,autonomo,nao,0
42,5089.27,6.2,532.0,14251.89,36,autonomo,nao,0
49,2214.43,5.4,480.0,7059.95,48,aposentado,nao,0
67,2527.93,5.5,665.0,10620.75,36,CLT,nao,0
45,5139.02,3.9,730.0,8055.93,48,servidor_publico,nao,0
35,4188.11,0.9,584.0,11084.12,24,CLT,nao,1
46,2783.71,1.0,656.0,10347.46,24,CLT,nao,0
27,2547.12,3.4,583.0,7128.17,24,CLT,nao,0
22,3901.86,3.6,685.0,7897.55,24,aposentado,nao,0
53,2906.76,1.6,719.0,2969.26,18,CLT,nao,0
69,1978.15,1.7,596.0,16976.49,12,autonomo,sim,0
61,3032.34,3.1,528.0,12009.01,36,autonomo,sim,0
48,4388.65,12.7,489.0,2209.8,12,autonomo,nao,0
20,3301.21,1.4,703.0,16573.4,48,CLT,sim,0
69,1673.33,2.4,518.0,9561.81,36,autonomo,nao,0
41,6272.85,6.1,653.0,5383.35,48,autonomo,nao,0
33,807.27,5.3,690.0,5082.07,24,servidor_publico,nao,0
64,2848.36,4.1,575.0,6327.47,24,aposentado,nao,0
56,2588.65,0.6,605.0,5401.91,18,CLT,nao,0
56,3950.11,2.7,710.0,5894.81,36,CLT,nao,0
32,4958.77,10.5,547.0,29893.98,24,autonomo,nao,0
69,6766.37,1.7,538.0,12597.23,18,CLT,nao,0
41,2460.64,1.6,599.0,37175.56,6,autonomo,nao,0
45,5027.21,8.9,735.0,11461.28,6,servidor_publico,nao,0
57,4054.98,3.1,765.0,14422.18,12,CLT,nao,0
52,1420.34,0.6,611.0,5583.34,36,servidor_publico,nao,0
26,10355.75,1.2,556.0,8873.12,48,CLT,nao,0
33,1650.24,2.0,716.0,9385.37,48,aposentado,nao,1
36,4585.82,4.0,470.0,14810.03,24,CLT,nao,0
67,4511.92,2.8,642.0,9583.86,48,servidor_publico,nao,0
55,4236.96,1.6,616.0,12436.15,6,CLT,nao,0
37,2773.83,2.8,736.0,12150.11,48,CLT,nao,0
56,5738.71,1.7,746.0,8128.59,48,CLT,nao,0
56,1543.48,10.9,535.0,7603.02,18,autonomo,nao,1
38,3511.48,1.2,635.0,6407.05,6,servidor_publico,sim,0
38,2670.09,2.3,569.0,20000.2,36,servidor_publico,nao,0
64,2508.62,2.0,594.0,8130.84,6,autonomo,nao,0
47,4609.21,2.0,676.0,12256.15,24,CLT,nao,0
25,6585.42,1.3,590.0,8939.54,12,aposentado,nao,0
55,3014.56,8.4,637.0,19745.9,24,CLT,nao,0
48,5593.58,13.3,706.0,2718.25,48,autonomo,nao,0
44,3741.93,4.3,756.0,12051.33,6,CLT,nao,0
55,2228.31,4.0,646.0,4377.83,6,servidor_publico,nao,0
65,3159.37,0.8,631.0,12758.54,24,CLT,sim,0
35,3088.01,8.3,520.0,8997.88,36,CLT,nao,0
39,2482.04,1.7,763.0,3786.0,12,CLT,nao,0
27,4608.54,0.7,665.0,12326.0,6,autonomo,sim,0
51,4142.5,4.9,632.0,11449.69,36,CLT,nao,0
38,1517.99,6.8,628.0,8516.04,36,servidor_publico,nao,0
35,1468.01,8.2,652.0,9246.8,48,autonomo,nao,0
54,4598.92,2.3,689.0,10992.65,48,aposentado,nao,0
39,2325.27,2.1,701.0,21286.81,36,CLT,nao,0
42,4298.94,3.8,765.0,8068.21,6,autonomo,nao,0
40,5594.35,2.8,642.0,19119.63,12,CLT,nao,0
31,1809.81,5.0,778.0,9659.12,24,servidor_publico,nao,0
24,1675.14,3.8,715.0,22976.51,18,CLT,nao,0
61,9144.77,1.6,615.0,8494.36,6,CLT,sim,0
22,4417.65,8.4,470.0,6418.18,24,CLT,nao,0
34,2891.17,5.0,628.0,4848.92,36,CLT,nao,0
52,2178.37,6.7,760.0,9681.96,36,servidor_publico,sim,0
24,2749.73,1.6,550.0,5910.22,48,CLT,nao,0
52,1891.61,4.9,627.0,24659.5,6,autonomo,nao,0
56,5918.73,5.9,635.0,5617.89,48,CLT,nao,0
52,2375.08,3.7,705.0,6320.07,24,CLT,nao,0
33,6643.83,1.3,585.0,14439.23,12,aposentado,nao,0
19,2920.92,3.5,542.0,21391.84,48,autonomo,nao,0
64,2051.15,5.5,671.0,15917.58,6,aposentado,nao,0
34,2879.97,7.0,553.0,19695.49,6,CLT,nao,0
59,859.81,0.8,455.0,9394.31,36,autonomo,nao,1
28,3406.97,3.7,786.0,9480.75,36,autonomo,sim,0
26,3315.73,1.0,703.0,36594.11,6,autonomo,nao,0
58,5730.79,5.5,790.0,29693.24,48,CLT,nao,0
66,1290.17,6.6,699.0,15744.27,48,CLT,nao,0
62,6898.27,1.5,681.0,20318.65,36,CLT,nao,0
57,5717.74,1.2,653.0,17292.81,18,autonomo,nao,0
30,7249.04,2.0,603.0,4519.32,48,autonomo,nao,0
65,3536.89,2.9,666.0,9645.3,6,autonomo,nao,0
52,6359.11,1.8,570.0,26183.99,36,CLT,nao,0
26,1621.03,5.9,524.0,15807.19,48,autonomo,sim,0
24,5389.33,7.1,590.0,9496.39,24,CLT,nao,0
63,2382.39,3.6,736.0,26388.74,18,servidor_publico,nao,0
32,1468.11,1.8,509.0,12582.3,18,CLT,nao,0
57,1962.01,2.8,511.0,16173.46,6,autonomo,nao,0
25,3652.04,3.6,673.0,12625.14,6,CLT,nao,0
32,2313.77,2.7,583.0,14069.37,18,CLT,nao,0
32,4477.59,3.1,664.0,14738.74,6,CLT,nao,0
32,1346.78,6.7,709.0,23035.42,24,CLT,nao,0
53,1130.14,1.7,662.0,25071.12,24,CLT,nao,0
65,7745.08,11.5,563.0,7381.93,48,CLT,sim,0
65,5985.47,3.6,735.0,12470.01,12,CLT,nao,0
56,2044.46,2.6,687.0,22610.19,36,servidor_publico,nao,0
28,3634.95,1.7,622.0,9085.97,12,CLT,nao,0
67,6378.76,1.8,618.0,4226.87,24,CLT,nao,0
46,4585.07,3.3,654.0,5482.84,36,autonomo,nao,0
46,3950.2,3.6,592.0,5734.6,18,autonomo,nao,0
54,6649.75,2.5,473.0,7348.0,6,CLT,nao,0
57,2435.99,1.0,688.0,6093.34,36,autonomo,nao,0
67,3703.92,3.3,682.0,19320.44,12,servidor_publico,sim,1
48,3605.38,1.8,413.0,8267.31,12,CLT,sim,0
49,3133.74,0.6,666.0,22465.05,36,CLT,nao,0
56,2938.36,5.1,778.0,4747.2,24,CLT,nao,0
31,3789.83,0.7,519.0,7866.28,6,servidor_publico,nao,0
34,3710.51,2.4,613.0,10591.22,48,CLT,nao,0
50,2045.43,3.0,604.0,16763.01,24,CLT,nao,0
21,5658.92,7.7,769.0,20813.51,12,servidor_publico,nao,0
34,2128.11,0.7,721.0,6975.04,6,servidor_publico,nao,0
55,3229.14,5.5,541.0,18877.42,36,CLT,sim,0
68,3095.16,6.1,651.0,3316.85,36,CLT,nao,0
45,4433.55,9.3,827.0,17437.27,36,autonomo,nao,0
38,1135.12,6.9,564.0,4139.41,24,servidor_publico,sim,0
40,5943.18,3.1,619.0,13231.01,48,CLT,nao,0
53,2509.04,5.7,666.0,20619.06,24,CLT,nao,0
46,7122.26,8.0,565.0,17618.41,12,servidor_publico,nao,0
19,2798.98,0.5,779.0,3410.23,12,autonomo,nao,0
46,3544.44,1.0,577.0,7400.47,18,CLT,nao,0
38,10431.47,3.9,495.0,15772.24,36,servidor_publico,nao,1
54,3125.86,6.0,573.0,15481.36,6,autonomo,nao,0
63,7196.62,5.0,679.0,11841.38,12,servidor_publico,nao,0
68,3719.98,4.2,548.0,2366.0,18,CLT,nao,0
49,4575.54,9.2,647.0,21562.95,24,CLT,nao,0
36,3783.77,2.5,671.0,24211.17,6,autonomo,nao,0
41,5804.09,1.8,511.0,11008.59,6,CLT,nao,0
27,2497.28,2.1,569.0,11482.46,48,CLT,nao,1
66,2119.16,4.0,651.0,13725.21,6,autonomo,nao,0
62,2562.61,3.0,683.0,25572.88,6,autonomo,nao,0
62,3846.2,6.3,572.0,11647.66,12,CLT,nao,0
35,3224.55,1.9,634.0,8740.62,18,CLT,nao,0
34,5381.12,4.3,594.0,12682.62,12,autonomo,sim,0
62,7462.18,5.7,686.0,9825.92,36,autonomo,nao,0
46,2128.75,8.0,667.0,9898.73,6,CLT,nao,0
54,2431.66,1.2,586.0,3140.67,6,CLT,sim,0
43,1652.54,2.1,663.0,13902.73,6,CLT,sim,1
41,11122.28,2.8,583.0,21193.41,24,servidor_publico,nao,0
50,4305.15,0.9,661.0,19211.08,48,servidor_publico,nao,0
60,4740.47,4.1,662.0,18363.94,6,autonomo,nao,0
35,1742.17,4.1,833.0,9561.96,24,autonomo,nao,0
60,3638.61,3.8,590.0,10880.09,18,CLT,nao,0
30,4817.87,2.7,607.0,21470.0,24,CLT,nao,1
38,3168.4,7.4,562.0,17392.26,24,CLT,nao,0
65,6579.0,2.2,527.0,26007.27,12,CLT,nao,0
67,12984.44,6.9,579.0,6391.56,24,CLT,nao,0
66,2162.71,2.1,680.0,6365.69,6,CLT,nao,0
34,2075.28,1.2,686.0,7973.12,18,servidor_publico,nao,0
61,2246.74,3.1,647.0,5361.66,48,autonomo,nao,0
66,8807.95,3.6,593.0,4192.51,48,servidor_publico,nao,0
68,6459.42,4.4,576.0,13421.51,6,autonomo,nao,0
19,3379.42,0.3,537.0,12840.48,6,servidor_publico,nao,0
56,3714.9,2.5,570.0,11614.93,36,CLT,nao,0
69,2323.67,10.9,503.0,12455.71,12,CLT,nao,0
57,5940.3,2.0,742.0,3822.22,24,autonomo,nao,0
30,2954.41,6.1,785.0,7244.27,24,CLT,nao,0
57,3155.68,18.3,446.0,8178.35,18,CLT,nao,0
23,5088.99,12.3,646.0,10214.15,12,autonomo,nao,0
42,3283.3,1.3,645.0,3832.05,36,CLT,nao,0
50,3199.56,5.7,639.0,5415.04,12,CLT,nao,0
41,3662.19,6.0,567.0,7452.38,36,aposentado,sim,0
54,5638.91,5.1,712.0,19690.38,12,autonomo,nao,0
30,9005.32,1.1,657.0,11733.65,48,CLT,nao,0
49,5024.18,3.8,713.0,19225.98,36,CLT,nao,0
51,5663.64,3.8,554.0,9140.04,24,servidor_publico,nao,0
50,3261.95,1.0,496.0,9903.49,6,servidor_publico,nao,0
33,2466.88,2.6,659.0,13689.7,12,CLT,nao,0
33,5217.08,3.9,533.0,8820.32,24,CLT,nao,0
31,4000.53,3.0,715.0,6594.09,24,autonomo,sim,0
42,1664.96,5.4,429.0,3757.99,6,CLT,sim,0
48,3039.84,2.5,578.0,6710.0,6,CLT,nao,0
36,3478.67,3.5,565.0,17043.46,24,CLT,nao,0
39,2749.7,6.4,590.0,22458.81,18,CLT,nao,0
32,8225.17,10.1,643.0,5987.61,18,autonomo,nao,0
29,4740.56,1.1,656.0,3206.93,24,CLT,nao,0
52,7748.44,5.2,678.0,18075.22,48,autonomo,sim,0
60,4208.59,2.2,688.0,10353.13,12,CLT,nao,0
33,3807.63,4.4,605.0,4123.34,36,CLT,nao,0
62,2175.19,1.0,810.0,1310.27,48,servidor_publico,nao,0
47,3664.92,7.5,745.0,5291.11,48,CLT,nao,0
26,3667.19,1.7,592.0,7325.27,48,CLT,sim,0
37,1716.58,6.4,608.0,4681.75,6,CLT,nao,0
18,2706.09,1.2,590.0,15517.74,6,servidor_publico,nao,0
20,3047.86,0.8,653.0,5836.18,48,autonomo,nao,0
35,4570.66,2.8,533.0,9977.23,12,CLT,nao,0
41,4692.6,3.8,549.0,46294.02,12,CLT,nao,1
59,2644.6,13.0,425.0,10682.37,18,autonomo,nao,0
24,4712.05,3.8,584.0,9181.2,24,autonomo,nao,0
61,3294.0,1.3,716.0,9317.01,6,CLT,nao,0
30,751.23,5.7,606.0,15288.55,24,CLT,nao,0
25,2788.93,8.3,611.0,14105.29,6,autonomo,nao,0
54,6590.89,1.6,645.0,5154.83,18,CLT,nao,0
58,1443.76,6.3,530.0,7576.08,48,autonomo,nao,0
49,3873.76,7.6,622.0,6413.99,6,CLT,nao,0
24,8707.1,5.8,700.0,8236.1,6,autonomo,sim,0
23,2396.26,1.9,648.0,32445.07,18,autonomo,sim,0
38,3645.26,3.9,708.0,14784.59,12,aposentado,nao,0
41,1777.19,4.4,734.0,9397.08,12,autonomo,nao,0
69,8910.42,7.3,680.0,22224.4,18,CLT,nao,0
32,3477.84,2.0,556.0,11186.98,12,autonomo,nao,0
28,3735.53,6.4,589.0,3412.73,6,servidor_publico,nao,0
67,7668.42,3.0,794.0,29189.87,48,CLT,sim,1
26,5238.62,2.5,648.0,8940.45,36,CLT,nao,0
19,2249.37,3.4,636.0,2283.77,18,CLT,nao,1
39,2550.38,0.3,543.0,3499.04,36,autonomo,nao,0
38,4780.08,0.4,612.0,20598.95,48,CLT,nao,0
50,2583.07,0.5,684.0,3536.14,18,CLT,nao,0
63,1136.28,4.6,621.0,23789.41,6,autonomo,nao,0
66,3535.88,2.7,573.0,10432.5,12,aposentado,nao,0
33,1613.05,1.9,594.0,15741.11,48,CLT,nao,0
69,8856.93,3.2,727.0,8375.58,48,CLT,nao,0
50,4012.75,6.5,680.0,13907.55,36,servidor_publico,nao,0
21,2213.11,3.1,668.0,12158.32,36,aposentado,nao,1
66,2479.35,1.3,660.0,9652.34,12,CLT,nao,0
25,1287.98,14.4,514.0,4951.59,24,CLT,nao,0
48,1988.82,3.3,645.0,12494.5,18,CLT,nao,0
59,6367.6,7.7,716.0,3037.94,18,CLT,sim,0
30,12425.21,5.9,597.0,18132.77,36,CLT,nao,0
32,5429.04,2.3,708.0,11249.14,24,autonomo,nao,0
42,3461.22,10.0,669.0,13382.83,18,autonomo,nao,0
64,2871.02,2.0,694.0,1806.25,12,autonomo,nao,0
29,2151.51,4.5,625.0,4761.29,24,servidor_publico,nao,0
52,11303.54,4.1,700.0,7124.19,18,autonomo,nao,0
41,3281.93,4.4,488.0,15334.97,6,CLT,sim,0
23,11656.23,8.9,623.0,5362.43,36,CLT,sim,0
54,7835.62,3.4,684.0,51854.78,18,servidor_publico,nao,0
61,1397.67,3.9,647.0,8340.24,18,autonomo,nao,0
47,2524.32,4.0,719.0,5113.31,48,CLT,nao,0
27,2520.03,12.6,606.0,8765.23,36,CLT,nao,0
26,3484.52,7.3,571.0,5334.15,6,autonomo,nao,0
40,3522.15,0.8,472.0,4583.32,36,CLT,nao,0
44,18919.18,2.1,595.0,19094.14,12,autonomo,nao,0
46,2013.29,3.6,667.0,13816.33,36,CLT,nao,0
30,4129.59,8.8,688.0,13842.43,18,autonomo,nao,0
44,5110.64,9.3,494.0,22694.76,24,CLT,nao,0
33,3637.8,3.2,726.0,13579.77,36,CLT,nao,0
53,3868.41,2.1,532.0,4945.26,12,servidor_publico,nao,0
59,2049.51,2.9,609.0,15687.48,6,CLT,nao,0
51,3860.56,3.7,569.0,4758.55,36,CLT,nao,0
18,4823.57,2.7,658.0,7253.76,6,CLT,nao,0
69,4359.8,7.8,628.0,9607.35,36,CLT,nao,0
19,4982.12,2.5,681.0,8994.18,18,CLT,nao,0
69,7918.32,1.6,786.0,3089.4,6,CLT,nao,0
19,6095.66,2.9,656.0,5276.7,36,CLT,nao,1
44,3786.56,4.2,568.0,9753.38,48,autonomo,nao,0
23,1911.29,7.9,661.0,6654.53,6,servidor_publico,nao,0
22,2617.56,1.5,795.0,20579.85,48,CLT,nao,0
53,3226.66,4.3,679.0,23002.67,18,servidor_publico,sim,0
55,4183.03,4.3,705.0,4777.87,36,aposentado,nao,0
24,2798.72,4.9,477.0,10289.1,12,autonomo,nao,0
68,2176.22,2.5,655.0,27688.33,6,autonomo,nao,0
34,1894.08,4.9,596.0,9070.28,48,CLT,nao,0
34,1468.29,5.8,559.0,7596.66,24,CLT,nao,0
33,3199.59,2.5,618.0,17311.8,12,aposentado,nao,0
41,1622.44,3.9,630.0,8281.41,18,servidor_publico,nao,0
27,2100.04,3.0,564.0,22608.15,36,CLT,nao,0
40,2931.75,1.8,637.0,6723.84,12,CLT,nao,0
28,1746.28,1.1,604.0,7270.05,36,CLT,nao,0
20,4486.66,2.0,683.0,16541.07,6,CLT,sim,1
37,5470.49,2.2,640.0,10565.54,48,servidor_publico,nao,0
52,2691.4,1.0,654.0,10619.68,36,CLT,sim,0
57,2863.03,4.7,708.0,2861.02,18,autonomo,nao,0
36,4893.12,6.1,670.0,7865.81,24,servidor_publico,nao,0
34,2458.49,2.9,619.0,17354.8,12,CLT,nao,0
58,2367.28,3.3,432.0,5946.68,18,autonomo,nao,0
53,7030.93,2.3,666.0,15606.37,18,CLT,nao,0
61,5921.25,3.1,538.0,11780.41,18,CLT,sim,0
65,5068.77,4.9,612.0,8692.23,36,CLT,sim,1
60,6057.82,4.3,653.0,23921.68,18,CLT,nao,0
66,1227.21,3.1,740.0,7935.5,6,autonomo,nao,0
39,7666.45,2.2,786.0,8303.27,18,CLT,nao,0
38,4517.14,5.7,537.0,8627.94,6,servidor_publico,nao,0
34,6348.22,2.4,502.0,10428.95,18,autonomo,nao,1
30,4504.98,1.1,649.0,16293.51,36,servidor_publico,nao,0
56,3740.25,3.7,642.0,3800.31,6,autonomo,nao,0
55,3129.35,0.6,512.0,17400.07,6,autonomo,nao,0
59,4455.66,4.1,619.0,10345.05,18,CLT,nao,0
26,3067.26,4.4,674.0,14187.58,18,CLT,nao,0
43,5868.37,2.0,509.0,46849.84,6,autonomo,nao,0
29,1521.5,2.3,530.0,7096.95,12,autonomo,nao,0
64,2703.04,6.3,562.0,4464.73,36,autonomo,nao,0
31,11211.02,11.8,601.0,11225.79,24,CLT,nao,0
25,2580.29,3.4,682.0,12442.94,24,CLT,nao,0
47,3193.02,2.1,591.0,17440.42,6,CLT,nao,0
63,2240.78,4.4,625.0,6974.77,36,CLT,sim,0
65,4379.61,3.0,822.0,5770.02,24,autonomo,nao,0
22,2428.56,4.2,534.0,3653.97,18,CLT,nao,0
34,3287.6,3.7,561.0,4068.91,24,CLT,nao,0
25,5807.33,3.8,681.0,7552.43,6,CLT,nao,0
34,2479.17,0.4,709.0,9174.84,36,autonomo,nao,0
45,5618.03,2.3,657.0,37886.01,12,CLT,nao,0
32,5722.87,2.1,783.0,3293.88,6,CLT,sim,0
21,6504.35,2.1,649.0,12308.08,12,servidor_publico,nao,1
44,3933.55,5.2,442.0,6174.24,18,autonomo,sim,0
20,21648.52,1.2,629.0,11439.91,18,CLT,nao,0
29,6502.84,0.4,569.0,6907.73,12,CLT,nao,0
18,4353.27,2.0,745.0,19399.45,36,CLT,nao,0
22,2249.0,1.7,707.0,19321.5,12,autonomo,nao,0
40,3451.68,3.4,477.0,9195.64,6,CLT,nao,0
62,7978.29,1.7,742.0,25220.76,12,autonomo,sim,0
58,9323.04,2.7,705.0,16221.14,18,CLT,nao,0
23,8209.78,2.4,591.0,24469.03,6,autonomo,nao,0
19,5607.47,7.6,613.0,9623.48,6,autonomo,nao,0
35,1825.09,1.7,745.0,18373.58,6,servidor_publico,nao,0
51,4759.7,5.0,443.0,6006.69,18,CLT,nao,0
56,1839.46,3.1,660.0,5623.57,48,CLT,nao,0
60,1606.62,6.4,718.0,40818.34,24,CLT,nao,0
35,4152.8,9.2,612.0,4886.26,6,CLT,nao,0
26,4854.98,3.1,678.0,7454.19,6,CLT,sim,0
19,5984.08,0.7,629.0,2882.16,6,CLT,nao,0
25,4785.88,1.2,549.0,5711.23,6,servidor_publico,nao,0
21,4877.42,1.0,547.0,5186.15,24,servidor_publico,nao,0
62,2118.45,2.3,684.0,6401.65,36,autonomo,nao,0
31,3436.69,2.0,563.0,12027.18,18,CLT,nao,0
60,1589.36,3.9,483.0,14068.21,18,autonomo,nao,0
46,1209.72,6.0,631.0,5143.94,24,autonomo,sim,0
46,5471.75,0.6,574.0,5923.7,18,autonomo,nao,0
41,2406.15,3.3,512.0,20015.89,36,CLT,nao,0
60,5883.31,1.8,626.0,29984.64,36,servidor_publico,nao,0
20,6698.18,3.4,689.0,22389.47,48,CLT,nao,0
22,2589.9,2.3,622.0,3394.41,6,CLT,nao,0
40,5037.53,5.4,524.0,21442.17,18,CLT,nao,0
38,2530.98,1.3,663.0,33020.96,48,CLT,nao,0
46,1319.18,1.9,713.0,3286.68,36,aposentado,nao,0
56,3896.45,2.9,819.0,20005.36,36,autonomo,nao,0
48,2810.22,2.5,750.0,11457.4,18,servidor_publico,sim,0
31,2858.21,2.9,530.0,8001.31,18,aposentado,nao,0
35,10790.69,0.8,697.0,10604.34,36,autonomo,nao,0
57,1573.06,8.3,643.0,13201.94,18,servidor_publico,nao,0
28,4494.36,2.1,516.0,21003.2,18,servidor_publico,nao,0
44,2106.65,1.4,646.0,20310.83,18,CLT,nao,0
46,6000.17,3.0,793.0,3716.35,6,CLT,nao,0
57,4290.41,3.3,728.0,6492.24,36,CLT,nao,0
55,4485.65,10.8,529.0,10517.73,48,autonomo,nao,0
42,2165.29,6.7,621.0,27500.02,6,autonomo,nao,0
34,2389.71,2.4,664.0,1680.98,18,CLT,nao,0
37,6063.17,9.5,464.0,6653.89,36,servidor_publico,nao,0
39,9642.53,8.3,467.0,3666.05,6,autonomo,nao,0
29,4741.79,1.4,634.0,4063.93,12,CLT,nao,0
50,2222.57,12.4,635.0,18783.38,48,autonomo,nao,0
28,4387.07,2.2,455.0,7004.26,36,servidor_publico,nao,0
51,13837.11,3.6,655.0,2171.33,48,CLT,nao,0
57,3851.94,7.5,718.0,8928.6,48,CLT,sim,0
68,8135.66,0.6,600.0,37171.91,36,autonomo,nao,0
24,2423.14,2.9,625.0,3058.41,12,CLT,nao,0
57,3557.64,4.0,671.0,13994.35,48,CLT,nao,0
22,5119.24,6.5,660.0,27419.44,18,servidor_publico,nao,0
35,4530.24,3.2,470.0,9584.24,24,CLT,nao,0
27,2388.66,0.6,539.0,34655.1,24,CLT,nao,1
26,2332.66,10.7,584.0,6445.41,24,servidor_publico,nao,0
27,6270.16,3.3,543.0,25332.95,24,autonomo,nao,0
20,7011.82,4.1,752.0,21730.22,36,CLT,nao,0
60,8363.89,0.8,677.0,9690.04,6,CLT,nao,0
21,9819.86,8.1,520.0,3764.3,18,CLT,nao,0
38,3920.76,2.2,601.0,5160.95,24,CLT,nao,0
54,3068.18,1.8,722.0,2156.58,24,servidor_publico,nao,0
69,7654.47,6.9,562.0,14562.39,36,CLT,nao,0
62,5389.39,0.9,697.0,13471.01,18,CLT,nao,1
25,2121.01,4.2,744.0,10420.09,48,autonomo,nao,0
69,2062.14,1.7,729.0,9138.36,6,servidor_publico,nao,0
51,4772.19,4.5,636.0,23919.15,36,autonomo,nao,1
27,3302.71,5.4,733.0,12010.89,12,CLT,nao,0
41,3588.41,2.1,573.0,6901.41,24,CLT,nao,0
65,6567.53,7.8,844.0,10891.07,6,aposentado,nao,0
38,5527.39,3.3,642.0,37454.36,12,autonomo,nao,0
27,7566.08,10.8,723.0,14830.02,18,servidor_publico,nao,0
63,1258.47,7.0,587.0,7681.37,6,CLT,nao,1
67,4185.45,3.6,665.0,9615.13,12,autonomo,nao,0
68,5335.18,3.5,669.0,13375.72,24,aposentado,sim,0
67,1572.43,1.0,536.0,7527.32,6,CLT,nao,0
63,2539.72,6.9,534.0,7106.72,24,CLT,nao,0
41,2293.27,2.0,602.0,9824.56,18,CLT,nao,0
27,3684.66,3.8,719.0,26566.56,48,autonomo,nao,0
50,8913.48,10.8,455.0,16549.89,24,CLT,nao,1
29,11074.76,7.7,587.0,7584.08,18,CLT,nao,0
42,2326.55,1.5,738.0,17411.02,36,autonomo,nao,0
52,4863.95,3.3,509.0,9952.44,12,autonomo,nao,0
67,4950.97,4.1,733.0,12381.79,24,CLT,sim,0
33,4506.13,8.3,518.0,11670.92,12,servidor_publico,nao,0
31,4534.36,7.5,538.0,2510.74,18,CLT,nao,0
56,4302.96,4.9,607.0,1365.35,18,CLT,nao,0
18,9211.09,4.6,789.0,11467.86,24,autonomo,sim,0
47,6676.55,3.2,562.0,5685.31,12,autonomo,nao,0
56,2032.28,4.1,464.0,3410.04,24,autonomo,nao,0
46,5640.04,2.7,494.0,5800.47,12,autonomo,nao,0
37,5947.97,5.8,704.0,18052.11,12,autonomo,nao,0
61,4329.61,4.8,498.0,12488.79,6,servidor_publico,nao,0
37,6783.74,6.7,727.0,16344.47,18,aposentado,nao,0
54,4037.74,6.6,626.0,13286.61,18,servidor_publico,nao,0
42,4065.36,2.0,617.0,5446.67,36,CLT,nao,0
19,3892.02,0.3,647.0,16395.37,18,autonomo,nao,0
45,1199.87,1.8,548.0,14483.0,24,CLT,nao,0
20,3483.46,4.0,632.0,9169.48,48,autonomo,sim,0
66,2521.13,2.7,513.0,10282.99,24,CLT,nao,0
49,1895.91,2.6,741.0,16565.92,48,CLT,nao,1
37,8012.12,1.7,528.0,6080.6,24,servidor_publico,nao,0
43,4804.53,4.4,659.0,20072.86,12,autonomo,nao,0
50,3581.7,0.6,527.0,14289.94,18,CLT,nao,0
31,2668.73,4.9,572.0,9911.67,36,CLT,nao,0
32,4285.07,5.0,586.0,26777.14,6,CLT,sim,0
39,6281.03,6.6,888.0,4267.08,18,servidor_publico,nao,0
31,2310.38,19.5,619.0,7338.43,24,CLT,nao,0
57,3631.29,0.3,546.0,6352.08,48,autonomo,nao,0
23,5868.98,4.8,580.0,12490.94,48,autonomo,nao,0
60,1255.39,5.5,485.0,21344.91,24,autonomo,nao,0
36,3527.47,1.8,605.0,5224.09,12,CLT,nao,0
47,2875.24,2.8,787.0,84844.36,12,autonomo,nao,1
26,3382.58,2.2,650.0,6433.08,24,autonomo,nao,0
38,2763.09,5.0,701.0,12512.01,12,CLT,sim,0
57,3927.25,7.1,538.0,9914.43,36,CLT,nao,0
32,10488.08,1.2,602.0,10198.56,48,autonomo,nao,0
24,3046.79,4.5,638.0,5913.14,12,CLT,nao,0
45,4274.58,8.1,555.0,19809.27,48,CLT,nao,0
26,10906.46,2.0,656.0,5681.39,6,CLT,nao,0
34,2690.52,1.6,675.0,3134.41,18,CLT,nao,0
41,9878.06,1.4,669.0,4772.86,18,servidor_publico,nao,0
47,3651.63,1.6,606.0,25322.67,24,aposentado,nao,0
51,9701.57,10.6,718.0,22310.34,18,autonomo,nao,1
53,5500.59,12.3,597.0,2684.63,24,CLT,sim,0
61,4310.93,8.9,589.0,16796.47,6,CLT,sim,0
21,3511.87,2.6,750.0,2729.14,36,CLT,nao,0
36,2583.18,9.1,520.0,9723.51,48,autonomo,nao,0
18,3795.93,1.3,467.0,4514.1,18,autonomo,nao,0
18,5964.31,5.9,542.0,17659.13,48,aposentado,nao,0
29,3614.79,2.1,655.0,14193.36,6,CLT,nao,0
49,3059.04,1.2,736.0,18708.37,36,CLT,nao,0
64,3171.85,4.4,561.0,8168.94,12,autonomo,nao,0
58,6284.63,4.5,783.0,8739.74,36,CLT,nao,0
51,7142.65,4.8,622.0,3734.95,24,CLT,nao,0
58,2522.66,5.2,610.0,5065.38,6,CLT,nao,0
26,2520.66,4.2,544.0,18334.63,18,CLT,nao,0
61,4485.69,3.1,796.0,12565.65,18,CLT,nao,0
64,8434.98,3.5,606.0,10591.61,36,CLT,sim,0
22,6838.3,5.9,500.0,22479.83,6,servidor_publico,nao,0
42,1828.92,4.1,841.0,4250.99,48,servidor_publico,nao,0
61,3148.74,2.3,655.0,15805.23,6,CLT,nao,0
42,2182.37,1.8,692.0,4598.79,12,CLT,nao,0
61,3142.8,3.5,771.0,25864.28,6,servidor_publico,sim,0
66,8799.28,8.1,675.0,14099.69,48,aposentado,nao,0
42,1664.98,5.2,708.0,18525.92,24,servidor_publico,nao,0
21,1494.62,8.4,625.0,6272.5,36,CLT,sim,0
35,2308.37,2.6,686.0,40878.68,36,servidor_publico,nao,0
29,4264.25,3.9,617.0,36281.48,24,autonomo,nao,0
42,5122.59,4.3,618.0,13091.87,12,CLT,nao,0
48,4631.32,6.1,631.0,21245.92,6,CLT,sim,0
42,6950.9,2.6,584.0,8133.72,18,servidor_publico,sim,0
28,1380.64,5.2,665.0,4339.38,18,servidor_publico,nao,0
33,6999.44,7.8,665.0,16601.76,18,CLT,nao,0
53,3066.67,3.2,694.0,5444.97,48,autonomo,nao,0
19,5444.29,1.6,678.0,23193.87,6,CLT,nao,0
29,1758.32,8.0,800.0,19557.38,24,autonomo,nao,0
64,3650.89,5.6,715.0,11532.16,6,CLT,nao,0
23,4146.21,0.9,601.0,11120.46,24,CLT,nao,0
39,6875.11,3.2,661.0,18826.82,36,CLT,sim,0
28,1522.5,11.1,747.0,11830.86,6,CLT,nao,0
23,3703.06,4.9,535.0,7609.1,18,servidor_publico,nao,0
39,2004.44,3.5,801.0,3698.08,12,servidor_publico,nao,0
45,4807.93,1.4,550.0,18458.58,18,CLT,nao,0
27,5582.93,1.4,701.0,12558.91,18,CLT,sim,0
22,7390.45,5.9,621.0,59348.32,18,CLT,nao,1
25,2712.79,1.6,615.0,9298.96,24,CLT,nao,0
51,6063.09,4.4,503.0,12044.02,12,CLT,nao,0
62,7696.31,3.2,702.0,12229.14,48,CLT,nao,0
27,1474.71,4.2,504.0,15108.18,48,CLT,nao,0
34,5098.95,3.0,490.0,5279.19,18,aposentado,sim,0
35,6168.32,4.8,724.0,9412.65,48,autonomo,nao,0
36,3158.02,6.6,781.0,16949.25,12,CLT,sim,0
30,1870.71,3.0,560.0,7972.1,12,autonomo,nao,0
20,6115.77,6.2,710.0,16541.42,12,CLT,nao,0
45,1882.34,8.7,692.0,10539.29,36,autonomo,nao,0
36,3300.76,4.3,612.0,12851.5,6,CLT,nao,0
35,3561.48,5.8,740.0,20915.35,12,CLT,nao,0
31,5396.72,1.2,605.0,8537.46,6,CLT,nao,0
66,2579.5,3.1,667.0,3851.8,18,aposentado,sim,0
49,2498.58,0.8,507.0,8323.84,12,autonomo,nao,1
39,3844.52,2.3,511.0,5787.11,36,autonomo,sim,0
28,6332.91,3.1,725.0,2485.61,36,servidor_publico,nao,0
59,12811.49,11.7,670.0,9234.09,48,servidor_publico,nao,0
64,1589.04,1.8,607.0,11264.03,18,servidor_publico,nao,0
19,4330.5,3.4,792.0,19215.93,24,CLT,nao,0
66,2003.01,1.6,791.0,4719.45,48,CLT,sim,0
54,6376.32,2.9,660.0,10483.33,36,autonomo,nao,0
23,2172.86,4.8,489.0,20604.39,48,aposentado,nao,1
57,2512.27,5.4,610.0,6812.26,48,autonomo,sim,0
23,2633.06,2.6,545.0,14024.26,6,aposentado,nao,0
20,3491.51,2.1,628.0,27959.62,12,autonomo,nao,0
23,4349.25,9.4,536.0,2949.62,36,CLT,nao,0
41,4750.65,2.5,512.0,11816.18,6,servidor_publico,nao,1
50,3629.42,0.4,416.0,21075.75,6,servidor_publico,sim,1
39,1752.08,7.8,635.0,7879.63,6,CLT,nao,0
24,5433.19,0.5,413.0,24376.97,6,autonomo,nao,0
28,3536.43,7.8,591.0,14946.68,24,CLT,nao,0
62,6897.77,0.8,682.0,31259.61,12,autonomo,nao,0
68,2466.96,1.0,555.0,14452.2,48,CLT,nao,1
57,1508.32,1.3,522.0,32996.28,6,CLT,nao,0
23,3573.45,2.3,614.0,12028.09,18,autonomo,sim,0
60,7426.23,7.9,545.0,4068.11,24,CLT,nao,0
53,3977.94,1.3,637.0,6567.25,18,CLT,nao,0
45,3262.28,4.8,527.0,19186.0,36,CLT,nao,1
25,2255.91,4.1,611.0,18942.21,48,autonomo,nao,0
69,9573.67,3.6,589.0,8087.78,24,CLT,nao,0
41,2066.72,6.9,619.0,31977.75,24,CLT,nao,1
20,2443.12,3.8,767.0,7862.98,24,CLT,nao,0
28,4981.66,4.0,638.0,13363.54,48,CLT,nao,0
38,1311.84,5.7,665.0,13125.13,36,autonomo,nao,0
21,7339.49,2.4,564.0,4168.01,6,autonomo,nao,0
34,5132.28,3.4,640.0,9211.24,36,autonomo,nao,0
42,5970.45,4.3,595.0,46500.31,6,CLT,nao,0
67,4949.12,6.5,623.0,5434.52,48,autonomo,nao,0
22,3332.18,3.1,678.0,14858.87,12,CLT,nao,0
47,2028.94,3.3,575.0,4673.44,36,autonomo,sim,0
65,3370.98,4.7,584.0,5397.83,36,CLT,nao,0
59,2129.45,3.1,576.0,3947.01,18,autonomo,nao,0
66,4757.06,1.9,574.0,18245.91,48,aposentado,nao,0
26,5674.45,5.7,636.0,5617.25,24,servidor_publico,nao,0
59,8202.91,3.8,587.0,22558.59,18,servidor_publico,nao,0
68,4467.0,2.5,755.0,7006.84,18,CLT,nao,0
34,6054.25,1.3,861.0,10755.79,12,CLT,nao,0
43,3091.99,0.5,569.0,12931.19,6,CLT,nao,0
45,2798.8,4.9,646.0,3460.02,48,CLT,nao,0
43,4724.51,1.8,713.0,11297.9,36,autonomo,nao,0
33,2943.75,0.8,596.0,12424.6,36,autonomo,nao,0
68,4221.95,1.7,531.0,20764.73,48,aposentado,sim,1
67,2031.12,4.3,776.0,5304.56,24,aposentado,sim,0
37,2241.96,1.8,682.0,5819.3,48,CLT,nao,0
59,5164.04,4.4,649.0,15194.76,48,servidor_publico,nao,0
38,5929.41,2.2,751.0,24786.51,12,servidor_publico,nao,0
59,2117.28,3.4,689.0,6733.66,18,autonomo,nao,0
48,5265.01,3.6,616.0,4434.27,6,CLT,nao,0
42,2716.22,5.5,532.0,8055.63,36,CLT,nao,0
24,3674.15,5.6,576.0,5122.2,6,CLT,nao,0
52,7937.23,3.5,728.0,12817.38,36,CLT,nao,0
34,5676.66,1.5,681.0,4905.48,36,CLT,nao,0
29,5640.51,7.4,603.0,18627.38,18,CLT,nao,0
28,10402.85,2.5,779.0,11363.94,24,CLT,nao,0
69,2472.21,0.2,606.0,19008.95,48,autonomo,sim,0
23,2117.03,4.2,709.0,2048.47,36,CLT,nao,0
59,2447.53,4.3,640.0,3156.45,18,servidor_publico,nao,0
63,3165.37,2.5,794.0,22930.82,48,CLT,nao,0
19,997.25,0.9,688.0,6200.04,6,CLT,nao,1
48,3248.39,0.7,624.0,3815.59,12,CLT,nao,0
48,2698.59,2.7,604.0,8675.39,12,autonomo,nao,1
36,5603.06,1.4,619.0,11585.68,18,CLT,nao,0
52,4419.72,6.5,555.0,8931.06,36,autonomo,nao,0
39,2616.56,2.6,497.0,13416.08,36,CLT,nao,0
40,5036.56,2.4,648.0,12284.89,6,CLT,nao,0
40,5419.69,10.9,572.0,11873.9,12,CLT,nao,1
59,2385.82,0.3,572.0,23776.22,36,CLT,nao,0
50,2776.2,3.3,612.0,9806.32,24,aposentado,sim,0
37,1070.68,0.6,625.0,9620.71,12,autonomo,nao,0
66,1998.47,8.0,621.0,16677.69,18,CLT,nao,0
59,2420.29,0.8,776.0,14174.91,24,autonomo,sim,0
66,3792.54,4.4,680.0,5503.51,24,autonomo,nao,0
55,2164.71,4.0,810.0,9321.94,36,CLT,nao,0
38,2745.18,0.6,580.0,13158.84,48,aposentado,nao,0
58,1855.79,4.5,691.0,6758.54,36,CLT,nao,0
35,4000.25,2.2,585.0,6971.15,6,CLT,nao,0
32,4601.52,5.1,569.0,4006.01,18,autonomo,nao,0
41,4542.81,2.0,813.0,1519.59,18,servidor_publico,nao,0
68,3665.79,4.5,551.0,7760.86,24,CLT,nao,0
47,1559.95,3.1,419.0,10750.8,48,CLT,sim,0
37,2589.0,4.5,556.0,4856.05,18,autonomo,nao,0
42,2910.21,5.0,439.0,24236.54,18,autonomo,sim,0
33,2916.64,2.8,534.0,5012.27,48,CLT,nao,0
52,3794.24,2.5,543.0,17910.54,36,aposentado,sim,0
36,7974.85,4.9,623.0,12992.6,18,CLT,nao,0
46,5691.07,2.2,436.0,40725.84,48,servidor_publico,nao,1
37,2115.12,2.9,728.0,14057.28,12,servidor_publico,nao,0
34,5287.61,9.0,451.0,3865.79,12,CLT,nao,0
68,5177.96,3.4,609.0,19640.29,6,CLT,nao,0
35,2337.09,5.6,591.0,29834.72,6,CLT,nao,0
21,5807.33,1.9,694.0,3127.73,48,autonomo,nao,0
37,3333.55,4.4,652.0,14994.43,6,CLT,nao,0
45,1676.6,2.9,727.0,17312.86,36,autonomo,nao,0
22,4676.76,2.5,587.0,8618.46,6,CLT,sim,1
33,4102.41,0.5,578.0,2050.28,12,CLT,nao,0
26,3212.41,1.4,657.0,8165.13,18,CLT,nao,0
44,3566.72,11.4,713.0,6783.88,12,CLT,sim,0
55,2451.62,3.1,694.0,26751.73,6,CLT,nao,0
68,5092.74,3.4,649.0,9343.31,48,servidor_publico,nao,0
38,3554.97,6.3,641.0,7570.37,18,autonomo,nao,0
62,3990.0,4.1,617.0,6759.92,18,CLT,nao,0
29,4431.21,2.5,657.0,12231.09,36,aposentado,nao,0
58,1929.43,2.5,803.0,10269.82,48,CLT,nao,0
47,2226.41,1.3,598.0,5922.63,12,aposentado,nao,1
57,1079.8,4.7,587.0,11750.06,18,CLT,nao,0
57,4967.18,4.8,580.0,6889.71,18,CLT,nao,0
45,1869.23,3.4,655.0,1835.42,12,servidor_publico,nao,0
31,3916.34,3.0,429.0,15278.7,6,CLT,nao,0
45,4465.08,4.9,608.0,14365.28,48,servidor_publico,nao,0
60,5071.0,1.3,699.0,11269.22,36,autonomo,sim,0
68,1877.68,4.3,573.0,7423.43,36,CLT,nao,0
66,3512.77,9.4,637.0,9444.25,12,CLT,nao,0
27,9123.91,2.0,810.0,16857.21,24,CLT,sim,0
49,9347.58,2.8,650.0,6563.78,6,autonomo,nao,0
23,6266.84,7.7,418.0,17305.33,6,CLT,nao,0
52,4383.58,3.4,493.0,3794.66,48,CLT,nao,0
69,2094.75,5.9,597.0,11040.28,12,CLT,nao,0
20,5405.88,4.5,548.0,10064.23,36,CLT,nao,0
52,3337.87,4.8,629.0,18991.47,12,CLT,nao,0
67,4955.68,1.9,593.0,5446.32,24,CLT,nao,0
62,2570.71,1.8,725.0,5846.65,24,CLT,nao,0
38,3310.61,5.4,522.0,3998.12,36,servidor_publico,sim,0
23,3984.95,0.9,601.0,6847.39,48,autonomo,nao,0
66,4169.09,2.9,640.0,11684.54,18,CLT,nao,0
65,4776.9,4.9,651.0,3076.05,48,autonomo,nao,0
48,2647.69,2.8,633.0,7421.28,12,CLT,nao,0
68,1739.22,3.0,403.0,14720.76,48,CLT,sim,0
18,8898.44,6.1,627.0,9256.94,18,CLT,nao,0
50,14315.38,8.4,606.0,10392.96,48,CLT,nao,0
20,4656.79,14.4,698.0,3718.35,36,servidor_publico,nao,0
66,1757.78,7.9,685.0,9274.0,24,CLT,nao,0
53,2379.73,2.3,642.0,10083.4,48,autonomo,sim,0
65,4817.52,1.6,648.0,8897.94,36,CLT,nao,0
47,7613.01,2.4,742.0,10930.6,24,CLT,nao,0
22,1868.54,4.9,724.0,8095.54,12,CLT,nao,0
19,3400.29,2.6,645.0,7358.24,18,CLT,nao,0
35,4055.23,1.9,813.0,5034.9,6,CLT,nao,0
56,5857.73,9.1,563.0,18646.24,36,CLT,nao,0
25,3013.99,2.5,513.0,4458.97,24,CLT,sim,0
62,1540.56,4.6,619.0,10967.21,36,servidor_publico,nao,0
30,5123.84,4.6,586.0,32163.2,24,autonomo,nao,0
43,6759.05,0.5,398.0,20250.46,12,servidor_publico,nao,0
28,3479.26,8.7,561.0,13781.56,48,servidor_publico,nao,0
42,4550.0,1.2,651.0,11641.51,18,CLT,nao,0
41,2804.64,0.8,615.0,9108.37,36,servidor_publico,nao,1
18,2286.61,2.3,550.0,5508.91,6,aposentado,nao,0
47,6403.08,1.6,624.0,8391.79,24,CLT,nao,0
58,4505.81,7.8,631.0,14381.09,18,autonomo,nao,0
66,4768.1,4.1,684.0,12750.36,48,CLT,nao,0
35,8317.89,2.1,562.0,16525.66,36,CLT,nao,0
63,2038.23,0.8,699.0,21868.15,48,CLT,nao,0
63,2687.55,4.4,522.0,8928.49,12,CLT,nao,0
69,3971.36,2.7,575.0,11211.59,24,CLT,nao,0
37,2669.45,4.9,773.0,2880.17,24,autonomo,nao,0
62,5601.14,4.1,528.0,42895.77,12,CLT,sim,1
47,3284.37,1.7,561.0,7562.81,12,CLT,nao,0
21,2109.29,5.3,507.0,15117.38,36,CLT,sim,0
32,3775.07,1.1,546.0,7559.48,6,aposentado,nao,0
52,3998.55,2.6,632.0,7446.25,18,servidor_publico,nao,0
26,6088.0,2.9,684.0,8484.1,36,CLT,nao,0
40,4519.82,3.2,618.0,4405.78,48,servidor_publico,nao,0
58,4692.08,1.0,591.0,1974.09,24,servidor_publico,sim,0
25,4342.3,7.5,508.0,21031.96,36,servidor_publico,nao,0
43,3282.88,1.7,555.0,14110.95,36,servidor_publico,nao,0
29,2455.48,0.6,481.0,5457.22,12,CLT,nao,0
45,4267.83,4.2,686.0,13276.38,36,CLT,nao,0
30,3031.4,11.3,693.0,16908.25,36,servidor_publico,nao,0
68,9222.51,0.5,616.0,6307.77,36,servidor_publico,nao,0
21,7617.48,6.2,660.0,12935.12,24,CLT,sim,0
68,5156.75,3.4,699.0,19042.38,6,autonomo,nao,0
59,4483.49,1.0,629.0,3885.75,6,autonomo,nao,0
62,3469.0,2.9,745.0,13998.67,24,CLT,nao,0
62,1819.62,9.5,528.0,12542.17,12,autonomo,sim,0
27,3232.8,8.1,589.0,33600.39,18,CLT,nao,0
66,3849.78,16.2,578.0,14215.28,18,CLT,nao,0
48,4130.7,5.5,678.0,7577.41,36,CLT,nao,0
68,4713.78,2.2,491.0,8169.21,18,CLT,nao,0
63,6043.46,6.1,750.0,36871.93,24,CLT,nao,0
48,2488.2,1.8,671.0,7858.47,18,CLT,nao,0
37,2500.66,3.0,778.0,14486.83,6,CLT,sim,0
24,8086.66,1.8,616.0,8476.5,36,CLT,nao,0
23,5563.82,5.5,570.0,19986.66,24,CLT,sim,0
38,2936.8,5.2,679.0,20638.95,12,CLT,nao,0
60,3432.46,2.0,713.0,9752.37,36,CLT,sim,0
44,3440.97,7.1,556.0,7597.73,6,autonomo,nao,0
43,3704.73,8.7,440.0,7480.87,12,autonomo,nao,1
30,4721.94,2.2,456.0,3220.46,12,CLT,nao,0
47,14680.07,4.5,644.0,10565.65,24,autonomo,nao,0
51,4041.48,9.1,759.0,10428.08,48,CLT,nao,0
69,5241.85,4.2,503.0,5822.67,48,CLT,nao,0
55,1440.06,2.6,595.0,3003.02,6,CLT,nao,0
49,2788.63,3.1,589.0,11317.27,6,autonomo,nao,0
65,7157.01,2.2,793.0,12285.87,36,autonomo,sim,0
40,4542.68,7.3,823.0,12791.29,24,autonomo,nao,0
66,325.7,6.7,658.0,5200.66,18,servidor_publico,nao,0
37,5274.89,1.8,701.0,12808.99,48,CLT,sim,0
24,10456.62,2.1,698.0,8812.46,12,servidor_publico,nao,0
39,1214.7,0.9,505.0,17359.88,6,autonomo,nao,0
24,8397.28,4.9,683.0,5252.01,18,autonomo,nao,0
24,792.68,1.2,528.0,20902.67,12,CLT,sim,1
63,6099.12,12.3,605.0,26409.82,12,CLT,nao,0
59,3623.67,1.6,723.0,10672.77,24,CLT,nao,0
29,999.76,0.5,627.0,12866.57,12,CLT,nao,0
61,4653.5,1.2,719.0,16473.86,24,CLT,nao,0
21,6856.56,4.1,737.0,5081.15,24,CLT,nao,0
32,4447.68,3.1,462.0,7215.08,36,CLT,nao,0
54,5022.36,1.6,424.0,11156.15,48,CLT,nao,0
33,2903.23,3.0,725.0,36955.93,24,aposentado,nao,1
55,1307.98,2.0,728.0,4548.4,12,CLT,sim,0
63,5326.9,4.9,643.0,28696.23,24,aposentado,nao,0
21,9531.57,1.3,655.0,8728.97,18,CLT,nao,0
19,6776.86,3.7,700.0,9678.05,18,CLT,nao,0
66,1220.08,3.8,699.0,21845.03,18,CLT,sim,0
45,1582.57,3.2,593.0,36825.37,6,CLT,nao,0
44,2286.36,4.5,706.0,13027.92,12,CLT,nao,0
42,1516.05,3.0,589.0,21101.21,24,CLT,nao,0
40,3730.53,5.5,642.0,5441.45,6,servidor_publico,nao,0
53,4520.5,3.2,638.0,7015.28,6,CLT,nao,0
48,1657.99,7.5,543.0,4108.89,24,CLT,nao,0
26,5582.66,3.7,553.0,7078.86,48,CLT,nao,0
50,5067.52,7.2,821.0,14291.25,12,autonomo,nao,0
52,2693.27,2.1,540.0,11360.46,6,aposentado,nao,0
23,3311.36,1.4,653.0,30412.74,18,CLT,nao,0
37,1245.89,5.4,672.0,37630.2,6,CLT,nao,0
59,3032.84,3.2,615.0,9056.81,48,aposentado,nao,0
50,3655.77,0.3,680.0,6362.68,36,aposentado,nao,0
25,3995.05,1.8,650.0,21036.69,6,autonomo,nao,0
20,4484.5,4.1,542.0,22510.69,6,autonomo,nao,0
48,4164.42,3.0,668.0,13184.69,24,CLT,sim,0
42,3148.28,1.7,571.0,15656.08,18,CLT,nao,0
67,4261.63,3.2,777.0,14142.63,36,CLT,nao,0
45,6317.74,3.6,659.0,5204.65,48,autonomo,nao,0
66,3454.65,0.6,557.0,4482.47,18,servidor_publico,nao,0
29,4335.87,7.0,651.0,9575.03,36,CLT,nao,0
41,3286.59,8.1,537.0,8685.45,12,CLT,nao,0
25,2551.11,1.8,643.0,11849.17,12,autonomo,nao,0
47,4854.12,11.0,600.0,9087.94,48,CLT,nao,0
27,2682.83,3.0,546.0,3271.09,12,autonomo,nao,0
43,4502.47,1.9,544.0,2507.58,6,autonomo,nao,0
35,3697.97,1.9,839.0,15983.78,24,CLT,nao,0
27,3080.47,10.5,628.0,6432.94,24,CLT,nao,0
23,3039.72,1.3,581.0,8511.04,18,CLT,nao,0
44,2753.24,3.7,566.0,6886.49,6,CLT,nao,0
67,1472.64,4.0,662.0,5467.18,6,CLT,nao,0
28,4494.42,5.5,563.0,5372.76,36,autonomo,nao,0
39,4135.45,3.5,521.0,19204.38,6,CLT,nao,0
29,5809.9,10.0,617.0,8472.26,12,autonomo,nao,0
60,2718.13,11.3,616.0,14951.95,36,CLT,nao,0
39,10326.42,8.5,582.0,16316.06,18,servidor_publico,nao,0
68,2954.68,4.3,540.0,12158.29,18,CLT,nao,0
30,2250.01,6.3,585.0,16669.37,48,autonomo,nao,0
22,2107.95,2.6,578.0,9989.61,36,CLT,sim,0
48,1402.96,7.2,565.0,24016.11,36,servidor_publico,nao,0
51,8458.65,2.0,645.0,16902.56,12,CLT,nao,0
69,7739.46,1.5,820.0,18429.13,12,aposentado,nao,0
63,5066.52,1.5,740.0,5377.42,24,CLT,sim,0
63,2224.2,5.0,795.0,11744.13,48,servidor_publico,nao,0
50,9859.56,9.2,569.0,3002.6,24,CLT,nao,0
36,3000.56,9.7,771.0,24604.01,36,CLT,nao,0
40,3140.18,0.3,640.0,6600.08,12,autonomo,nao,0
24,8026.41,6.5,709.0,7222.41,18,CLT,nao,0
40,5231.23,1.4,661.0,4069.25,24,autonomo,nao,0
36,12217.28,14.3,589.0,9666.52,24,CLT,nao,0
19,4174.7,1.0,685.0,8313.5,6,autonomo,nao,0
28,2926.71,0.6,664.0,32362.43,18,CLT,nao,0
45,2600.63,6.6,461.0,17300.71,48,CLT,nao,0
37,1318.37,2.4,609.0,7083.17,24,autonomo,sim,0
69,3123.7,2.3,699.0,3350.78,36,autonomo,nao,0
42,6833.05,1.7,645.0,2243.1,36,autonomo,sim,0
67,5061.2,2.0,662.0,5079.33,12,autonomo,sim,0
52,3681.85,6.8,552.0,4165.99,12,autonomo,nao,0
20,2106.51,1.5,643.0,12414.23,24,servidor_publico,nao,0
28,4124.83,2.9,611.0,9007.24,18,CLT,nao,0
54,6355.32,1.3,602.0,10009.22,48,CLT,nao,1
46,4614.21,3.6,559.0,5341.17,12,autonomo,nao,0
33,3990.63,2.3,702.0,10925.13,18,CLT,nao,0
45,2348.83,4.6,651.0,3931.34,6,servidor_publico,nao,0
64,5866.13,5.1,642.0,9345.08,18,aposentado,nao,0
38,650.31,9.3,805.0,16977.78,24,servidor_publico,nao,0
20,4494.3,13.7,663.0,7804.6,36,CLT,nao,0
34,14968.11,1.9,728.0,13205.23,48,autonomo,nao,0
66,1588.26,5.5,645.0,2738.15,6,CLT,sim,0
57,3188.31,2.3,588.0,2599.03,48,CLT,nao,0
61,3625.14,5.0,525.0,12243.1,36,autonomo,nao,0
65,2823.07,4.8,642.0,19546.71,12,autonomo,nao,0
24,6438.21,4.7,380.0,8477.31,12,CLT,nao,0
32,4721.34,5.8,645.0,39910.13,36,servidor_publico,sim,0
21,3959.07,3.7,648.0,3873.03,36,servidor_publico,nao,0
18,5644.86,2.4,600.0,6361.44,12,CLT,nao,0
61,3674.65,3.6,612.0,10840.66,18,CLT,nao,0
66,20929.72,13.0,507.0,13384.38,48,servidor_publico,nao,0
26,3957.0,2.1,745.0,6771.4,6,CLT,nao,0
55,4053.78,2.6,590.0,4971.5,24,CLT,nao,0
45,1421.18,1.8,533.0,14811.67,48,CLT,nao,1
21,2700.26,0.5,669.0,10792.5,6,servidor_publico,nao,0
65,6843.52,3.2,630.0,7910.9,24,autonomo,nao,0
63,1746.73,5.2,588.0,13687.38,24,autonomo,nao,0
47,1111.36,1.5,578.0,9057.73,12,servidor_publico,nao,0
54,3706.24,8.4,619.0,9037.77,24,autonomo,nao,0
38,7738.08,4.5,741.0,8823.95,36,autonomo,sim,0
59,3726.82,6.9,662.0,5804.06,12,CLT,sim,0
41,3026.41,4.2,617.0,5432.84,18,CLT,nao,0
69,1310.06,2.9,697.0,7032.47,24,CLT,nao,0
21,4669.18,2.5,622.0,10105.61,6,CLT,nao,0
26,5238.03,4.1,656.0,2932.68,12,CLT,nao,0
68,1366.55,4.4,634.0,18289.53,24,CLT,nao,0
33,6795.34,2.2,673.0,10016.48,18,CLT,nao,0
34,5547.67,2.9,580.0,4952.72,48,CLT,nao,0
59,6787.06,11.4,517.0,28304.81,48,CLT,nao,0
27,5018.76,3.6,702.0,10169.67,12,CLT,nao,0
44,5216.21,3.9,755.0,4155.36,48,autonomo,nao,0
32,4848.36,9.6,522.0,27491.13,48,servidor_publico,nao,0
28,5870.29,4.4,636.0,23876.84,18,autonomo,sim,0
68,1339.01,3.3,580.0,5482.37,24,CLT,nao,0
28,1594.66,6.7,700.0,8022.96,12,autonomo,nao,0
22,2428.9,5.7,642.0,7350.83,6,autonomo,sim,0
53,3390.05,4.0,900.0,2898.2,12,CLT,nao,0
63,4507.4,4.3,593.0,12222.66,36,CLT,nao,0
24,4352.8,2.7,758.0,17142.99,24,CLT,nao,0
54,6730.52,1.2,767.0,15168.52,18,CLT,nao,0
46,6847.73,5.1,668.0,10110.1,18,CLT,nao,0
61,2253.38,0.8,623.0,18258.82,36,CLT,nao,0
24,4151.47,1.3,629.0,4731.63,36,CLT,nao,0
68,2284.02,2.8,621.0,32269.67,24,CLT,sim,0
50,3282.84,2.6,722.0,5991.8,24,CLT,nao,0
61,4345.89,5.5,541.0,6440.39,6,aposentado,nao,0
36,558.47,6.6,606.0,6809.74,18,CLT,nao,0
67,13714.16,12.4,595.0,6494.46,6,autonomo,nao,0
50,4971.74,0.7,465.0,8731.82,36,CLT,nao,0
24,2623.76,4.7,697.0,8514.8,18,autonomo,nao,0
65,10509.69,4.6,716.0,10767.27,12,autonomo,sim,0
59,3007.65,4.2,563.0,5812.97,18,autonomo,nao,0
33,3916.23,5.1,713.0,11029.1,18,autonomo,nao,0
46,2785.23,5.9,477.0,4871.82,48,autonomo,nao,0
38,9032.6,8.5,622.0,15932.38,12,autonomo,nao,0
46,3436.67,4.3,609.0,15804.43,36,CLT,nao,0
68,3952.95,10.3,628.0,9859.97,12,CLT,nao,0
64,7059.15,4.3,627.0,6487.92,36,servidor_publico,nao,0
29,5023.22,2.3,613.0,12115.45,24,CLT,nao,0
68,3533.73,4.0,585.0,5558.2,24,CLT,nao,0
40,6705.71,1.6,610.0,10121.84,36,aposentado,sim,0
54,14708.28,1.7,743.0,8967.12,6,aposentado,nao,0
57,4335.43,3.0,568.0,54690.24,36,CLT,nao,0
43,3882.44,2.7,823.0,4457.82,36,CLT,nao,0
41,3999.18,8.4,563.0,1748.04,12,CLT,sim,0
41,7485.6,3.0,642.0,6539.22,6,CLT,nao,0
62,2618.72,1.4,671.0,3245.11,36,aposentado,nao,0
38,3124.17,3.5,594.0,6171.2,6,CLT,nao,0
32,1563.07,4.3,744.0,4258.01,24,CLT,nao,0
36,1898.6,3.8,669.0,5497.64,12,servidor_publico,nao,0
28,2738.62,1.4,602.0,4953.3,36,CLT,nao,0
38,3530.64,9.0,743.0,18507.26,48,aposentado,nao,0
23,9633.44,0.6,529.0,9589.81,48,CLT,nao,0
22,4889.26,3.7,569.0,19911.33,36,CLT,nao,0
55,2204.72,1.3,671.0,10161.01,24,aposentado,nao,0
22,2439.65,7.0,692.0,18098.48,6,CLT,nao,0
47,7755.15,4.7,649.0,8132.35,48,autonomo,nao,0
58,6765.8,4.3,609.0,27902.14,48,CLT,nao,0
55,3697.76,2.8,597.0,13441.86,6,autonomo,nao,0
41,2854.38,8.5,722.0,5961.73,36,CLT,sim,0
28,6759.56,2.8,642.0,14800.96,6,servidor_publico,nao,0
66,2108.37,10.9,541.0,10073.0,24,aposentado,nao,0
61,4517.06,1.7,536.0,8676.47,12,CLT,nao,0
49,12707.69,3.5,756.0,10534.53,6,CLT,nao,0
22,4076.3,5.8,555.0,16128.0,12,autonomo,nao,0
19,2376.57,5.0,645.0,2498.93,12,aposentado,nao,0
34,4562.85,3.3,742.0,7878.47,18,CLT,nao,0
26,2811.56,0.7,669.0,15424.86,12,aposentado,nao,0
62,1691.27,3.9,552.0,11630.05,18,servidor_publico,nao,0
28,5353.84,2.6,529.0,4759.28,24,autonomo,nao,0
32,6733.22,2.1,788.0,2123.78,18,CLT,nao,0
68,3068.68,6.1,526.0,29899.66,24,CLT,nao,0
60,2958.74,0.5,570.0,8763.9,18,autonomo,nao,0
29,2145.52,3.4,654.0,26479.66,12,autonomo,nao,0
37,3352.75,0.2,600.0,16592.83,6,CLT,nao,0
44,2672.31,5.0,672.0,5908.52,12,autonomo,nao,0
52,2087.94,6.1,488.0,1947.04,12,servidor_publico,nao,0
66,10308.18,3.9,601.0,7329.06,24,CLT,nao,0
63,4705.89,2.4,681.0,9660.42,24,autonomo,nao,0
68,4988.13,8.4,681.0,13265.59,48,CLT,nao,0
20,5918.69,8.8,568.0,4807.48,12,CLT,nao,0
30,5563.99,4.4,528.0,11111.15,6,CLT,nao,0
47,2900.94,9.7,639.0,11108.52,36,CLT,nao,0
20,4229.77,1.7,502.0,18786.04,36,autonomo,nao,0
36,3140.17,3.1,736.0,8107.75,12,autonomo,nao,0
25,4633.9,0.3,634.0,13197.64,48,CLT,nao,0
66,4393.71,1.2,557.0,11938.03,24,CLT,nao,0
21,2949.93,1.1,525.0,17485.57,36,servidor_publico,nao,0
25,1752.65,5.0,563.0,5808.39,18,CLT,nao,0
28,3945.89,1.3,479.0,1344.72,18,aposentado,sim,0
25,3254.04,2.0,665.0,8484.86,18,autonomo,nao,1
47,1287.29,2.2,548.0,8517.45,36,servidor_publico,nao,1
36,4813.66,1.0,656.0,4663.93,36,autonomo,sim,0
65,6191.53,3.6,668.0,3713.61,48,aposentado,nao,0
31,14626.59,4.2,707.0,6812.02,12,autonomo,nao,0
45,2936.11,0.8,643.0,9185.03,36,CLT,sim,0
52,2707.3,5.5,721.0,10530.47,36,servidor_publico,nao,0
50,1977.95,1.6,745.0,2240.72,6,CLT,nao,0
59,4083.68,2.1,643.0,3165.92,36,autonomo,nao,0
28,4069.5,4.8,649.0,20624.01,6,CLT,nao,0
44,2330.38,2.2,570.0,8749.53,6,autonomo,nao,1
59,3306.97,1.3,531.0,9881.49,6,autonomo,nao,0
62,1226.27,3.5,735.0,4160.47,24,servidor_publico,nao,0
50,6060.26,7.1,675.0,9868.84,6,CLT,nao,0
51,2383.03,6.5,682.0,7752.84,24,aposentado,sim,0
62,3572.21,2.0,567.0,6620.68,36,servidor_publico,nao,0
50,1661.24,1.5,766.0,3826.89,24,CLT,nao,0
67,2643.09,1.8,599.0,5627.85,12,CLT,nao,0
24,3121.99,6.5,548.0,35660.94,18,CLT,nao,0
36,3618.41,1.7,568.0,7886.0,36,CLT,nao,0
23,4740.29,9.4,761.0,16535.3,18,autonomo,nao,0
22,8034.43,4.7,520.0,8711.0,24,CLT,nao,0
42,5447.93,3.2,552.0,8079.82,36,CLT,nao,0
29,6180.72,2.0,881.0,6545.93,24,autonomo,sim,0
39,8065.55,3.5,705.0,23733.93,18,CLT,nao,0
40,4980.77,1.3,554.0,12613.17,6,servidor_publico,nao,0
50,3568.18,0.8,523.0,5923.92,36,CLT,nao,0
67,6342.39,4.7,469.0,7660.47,12,CLT,nao,0
62,6569.25,3.2,629.0,19917.21,18,servidor_publico,nao,0
37,5201.55,5.7,686.0,1563.92,6,CLT,nao,0
34,1635.91,4.1,757.0,12110.48,36,CLT,nao,0
58,2292.04,1.9,450.0,14036.85,48,servidor_publico,nao,0
24,3130.13,6.5,501.0,6079.42,48,CLT,nao,0
46,5590.32,2.1,609.0,10943.34,12,servidor_publico,nao,1
39,3598.45,7.8,871.0,13718.51,6,servidor_publico,nao,0
27,6804.08,2.1,700.0,4445.98,6,CLT,nao,0
50,7505.42,1.0,654.0,17107.25,18,autonomo,sim,0
34,7041.27,8.7,510.0,12007.31,6,autonomo,nao,0
27,7065.98,2.0,429.0,8960.37,12,aposentado,nao,0
51,2058.34,2.1,623.0,10595.7,24,autonomo,nao,0
27,4747.86,1.0,611.0,15672.69,6,autonomo,nao,0
52,2606.75,3.0,596.0,44599.4,24,CLT,nao,1
26,1469.99,1.1,586.0,14712.68,48,autonomo,nao,0
40,3108.49,8.4,553.0,16762.15,48,autonomo,nao,0
60,7544.74,2.4,532.0,11223.81,48,aposentado,nao,0
29,4691.03,1.5,745.0,34066.62,12,CLT,sim,0
57,11045.69,3.4,540.0,3816.56,24,CLT,nao,0
55,4013.73,13.5,595.0,3199.3,6,aposentado,sim,0
64,13992.71,3.5,616.0,10932.24,12,autonomo,sim,0
26,4014.37,2.7,684.0,15200.63,36,CLT,nao,0
55,3686.25,3.3,543.0,1856.6,12,CLT,nao,0
66,1801.43,5.9,708.0,9875.05,12,servidor_publico,nao,0
57,6706.35,5.5,568.0,8801.54,18,aposentado,nao,0
27,2762.33,4.0,605.0,16053.83,12,CLT,sim,0
60,2550.7,6.7,768.0,13077.89,36,autonomo,nao,0
23,7366.34,3.5,533.0,3055.37,48,CLT,nao,0
48,6884.46,2.9,685.0,4904.77,24,CLT,nao,0
43,6786.08,3.4,710.0,5858.14,24,autonomo,nao,0
45,2983.33,2.1,648.0,15999.53,36,CLT,sim,0
45,3540.29,6.0,609.0,12626.08,18,CLT,nao,0
19,3523.04,2.0,811.0,6611.26,18,CLT,nao,0
44,5599.23,0.4,619.0,10872.11,48,CLT,nao,0
66,8556.62,0.8,638.0,4975.57,18,CLT,nao,0
40,4458.11,4.3,590.0,37506.34,12,aposentado,nao,0
32,10788.0,1.7,634.0,14376.24,6,CLT,nao,0
69,5963.76,5.6,707.0,16498.34,6,autonomo,nao,1
23,3199.85,3.2,595.0,24219.83,36,CLT,nao,0
43,5743.31,5.9,430.0,19159.58,12,servidor_publico,nao,0
44,9304.63,0.5,666.0,10102.03,36,autonomo,nao,0
42,10927.73,2.0,523.0,8775.97,6,aposentado,nao,0
65,6993.88,1.4,687.0,22865.51,36,CLT,nao,0
39,3692.73,15.2,620.0,10069.31,18,CLT,nao,0
68,3231.88,2.3,705.0,6082.3,36,CLT,nao,0
21,4998.23,0.8,535.0,35536.34,36,CLT,nao,0
56,9142.47,4.2,572.0,5386.48,24,autonomo,nao,0
48,4621.95,1.3,589.0,3204.92,48,servidor_publico,nao,0
30,4675.04,6.4,487.0,18869.55,48,CLT,nao,0
29,3745.34,7.1,720.0,6152.97,36,autonomo,nao,0
55,3040.14,1.5,474.0,13132.07,18,autonomo,nao,1
51,3330.33,1.8,719.0,32247.22,48,CLT,nao,0
49,3922.5,3.9,658.0,4049.5,48,autonomo,nao,0
20,9367.06,6.5,602.0,9637.38,18,autonomo,nao,0
49,3191.22,4.3,651.0,25957.5,12,servidor_publico,sim,0
69,3747.85,2.3,649.0,15417.0,12,autonomo,nao,0
18,2262.09,1.0,584.0,8805.36,48,servidor_publico,sim,0
42,5399.96,9.9,647.0,46774.65,6,CLT,nao,0
43,7720.8,4.3,686.0,9302.55,6,servidor_publico,nao,0
64,8897.04,11.4,535.0,12809.83,24,aposentado,nao,0
32,4071.84,4.8,651.0,28913.98,48,CLT,nao,1
42,4993.51,10.4,384.0,18724.0,12,CLT,nao,0
55,3346.09,1.6,446.0,23367.88,24,servidor_publico,sim,1
21,4867.86,1.7,671.0,5515.4,6,CLT,nao,0
59,4327.22,2.8,582.0,21989.35,36,CLT,nao,0
60,3759.52,1.5,543.0,11050.54,48,autonomo,nao,0
55,3927.52,0.7,615.0,6095.12,24,servidor_publico,nao,0
51,4668.33,1.9,584.0,11433.05,6,CLT,nao,0
56,3097.08,4.8,531.0,11199.9,6,CLT,nao,0
58,3186.34,1.1,472.0,33331.48,36,CLT,nao,0
64,9311.91,1.2,443.0,12680.77,6,CLT,nao,0
40,16168.19,2.0,686.0,5957.92,6,CLT,nao,0
41,1877.32,1.4,582.0,5128.52,48,autonomo,nao,0
51,1821.27,2.1,707.0,9596.86,24,servidor_publico,nao,0
28,2150.74,3.0,581.0,4125.17,24,aposentado,nao,0
62,3439.88,1.2,652.0,6216.85,36,aposentado,sim,0
58,5959.13,2.1,609.0,8444.54,18,aposentado,nao,0
50,5040.14,3.2,624.0,7523.41,12,CLT,nao,0
33,4002.27,1.6,628.0,15874.83,24,CLT,nao,0
36,4870.32,1.0,580.0,6126.7,6,CLT,nao,0
40,2488.29,1.7,509.0,1987.26,12,autonomo,nao,0
52,3183.49,2.4,689.0,3308.49,24,aposentado,sim,0
58,3600.93,0.6,763.0,9783.16,48,CLT,nao,0
52,1523.37,4.8,769.0,6758.65,24,CLT,nao,0
66,1922.3,2.5,570.0,4430.04,36,CLT,nao,0
67,1964.79,1.7,554.0,35347.87,12,CLT,nao,0
54,5542.82,0.7,570.0,16961.27,6,servidor_publico,nao,0
37,4166.97,4.4,604.0,9528.31,18,CLT,sim,0
49,5095.35,7.2,615.0,11517.73,36,CLT,nao,0
40,1323.7,2.0,530.0,8330.33,6,aposentado,nao,0
50,1610.08,10.7,487.0,4380.95,48,CLT,nao,1
60,5243.63,3.0,624.0,19340.72,12,CLT,nao,0
37,789.76,3.1,302.0,17212.04,36,autonomo,nao,1
44,7140.56,5.8,611.0,2737.32,48,CLT,nao,0
20,1335.65,4.5,535.0,11466.46,24,autonomo,nao,0
56,5789.72,1.1,690.0,12319.53,12,CLT,nao,0
43,2233.4,1.9,714.0,8029.48,12,CLT,nao,1
41,6482.73,6.5,716.0,38685.59,18,CLT,sim,0
45,21258.0,4.6,589.0,36050.79,48,servidor_publico,sim,0
29,1042.89,10.8,518.0,7743.58,36,CLT,nao,0
49,5337.21,4.1,547.0,8562.67,24,aposentado,nao,0
56,1346.83,4.7,646.0,7933.3,36,CLT,nao,0
36,4604.19,1.7,472.0,6651.74,6,servidor_publico,sim,0
24,3249.56,7.1,745.0,5439.84,6,servidor_publico,nao,0
38,3910.34,0.3,590.0,13759.12,24,CLT,nao,0
28,2205.2,3.6,665.0,35416.64,24,autonomo,nao,0
37,5593.15,4.8,460.0,27107.16,12,autonomo,nao,0
50,1641.56,3.9,537.0,16530.54,24,autonomo,nao,0
23,7207.67,3.1,448.0,2070.15,6,servidor_publico,nao,0
56,2907.1,2.8,712.0,2945.53,12,CLT,sim,0
29,1683.31,3.2,606.0,19765.75,48,servidor_publico,nao,0
64,8753.56,1.2,671.0,28355.97,6,autonomo,nao,0
56,3508.56,3.9,626.0,14184.82,24,CLT,nao,1
32,10396.24,1.7,662.0,8114.22,48,CLT,nao,0
47,7127.71,2.0,590.0,23837.03,36,CLT,nao,0
23,2347.3,1.1,602.0,16152.59,18,CLT,nao,0
23,3474.67,17.4,612.0,20730.05,12,CLT,nao,0
67,3891.58,3.7,657.0,2960.85,6,servidor_publico,nao,0
59,8429.28,0.9,659.0,12371.75,6,CLT,nao,0
26,4631.49,3.4,873.0,31365.73,24,CLT,nao,0
32,4011.66,7.0,771.0,13944.51,24,servidor_publico,nao,0
28,3261.9,3.9,460.0,18331.19,18,servidor_publico,sim,0
38,3541.1,3.0,607.0,10133.91,12,autonomo,nao,0
33,7461.6,1.6,583.0,10603.6,6,CLT,nao,0
35,3648.38,3.9,735.0,24628.09,6,servidor_publico,nao,0
45,2929.98,5.4,592.0,6403.74,12,CLT,nao,0
27,2669.17,5.4,662.0,6009.13,48,CLT,nao,0
63,2684.98,3.6,410.0,7252.93,12,servidor_publico,nao,0
55,1683.87,3.6,484.0,10049.12,6,CLT,nao,0
57,2409.79,7.8,808.0,3475.32,24,CLT,nao,0
26,8301.0,7.3,625.0,15917.72,6,autonomo,nao,0
54,3249.87,2.7,530.0,8894.95,18,CLT,nao,1
61,5363.79,10.2,642.0,17238.46,36,CLT,sim,0
27,931.4,0.9,525.0,2496.4,6,servidor_publico,nao,0
57,4976.94,3.7,594.0,17281.47,48,servidor_publico,nao,0
36,3331.76,4.0,489.0,23599.52,24,aposentado,nao,0
58,2793.94,1.5,549.0,13161.56,48,CLT,nao,0
42,4021.97,0.7,583.0,10092.14,36,autonomo,nao,0
59,2771.92,1.5,721.0,17367.96,48,servidor_publico,sim,0
25,1132.14,6.1,662.0,22616.35,24,CLT,nao,0
38,6046.51,6.3,677.0,13903.59,6,CLT,sim,0
32,4161.62,5.2,618.0,14595.47,6,CLT,nao,0
30,3063.56,1.7,694.0,29056.93,12,CLT,nao,0
34,2140.08,6.3,541.0,16232.2,6,CLT,nao,0
37,1622.26,1.8,554.0,5883.06,36,autonomo,nao,0
24,4118.07,3.9,657.0,22546.1,48,autonomo,nao,0
54,8843.1,3.2,595.0,9132.38,24,CLT,nao,0
46,4071.4,2.3,619.0,10113.58,12,autonomo,nao,0
61,1701.87,5.0,605.0,10609.15,48,CLT,nao,0
54,4120.85,5.7,733.0,18578.57,12,CLT,nao,0
25,3535.68,1.6,737.0,30845.75,48,servidor_publico,nao,0
21,5856.01,3.3,564.0,10055.49,36,CLT,sim,0
39,5083.24,5.5,462.0,30495.07,18,autonomo,nao,0
43,704.72,0.1,556.0,11014.66,36,CLT,sim,0
30,4914.19,4.3,539.0,24622.33,24,CLT,nao,0
58,2096.63,5.6,695.0,11259.66,48,servidor_publico,nao,0
48,1665.78,4.4,703.0,7186.25,24,CLT,nao,0
56,3282.43,4.6,527.0,34522.43,18,CLT,nao,1
23,4564.36,3.0,552.0,6753.9,6,autonomo,sim,0
60,1476.75,5.3,487.0,6466.4,48,autonomo,nao,0
28,5364.28,1.0,632.0,4374.62,36,servidor_publico,nao,0
41,5540.48,1.5,616.0,22555.27,6,aposentado,nao,0
40,3736.25,4.5,691.0,26297.8,24,CLT,nao,0
60,2259.29,5.3,665.0,12613.64,36,CLT,sim,0
32,2124.61,7.1,675.0,5221.2,36,autonomo,nao,0
30,6401.34,9.2,481.0,9853.62,12,CLT,nao,0
35,1585.77,1.7,564.0,8129.85,6,CLT,nao,0
36,6538.47,1.2,705.0,5065.44,48,CLT,nao,0
27,3324.72,6.0,572.0,7202.77,18,servidor_publico,nao,0
27,3454.01,2.2,474.0,13749.09,48,servidor_publico,nao,0
30,1423.04,3.1,693.0,6678.44,18,CLT,nao,0
42,3358.69,5.6,568.0,11963.64,36,CLT,nao,0
35,5102.43,3.7,716.0,3119.38,12,aposentado,nao,0
38,1745.81,5.2,618.0,29480.01,24,CLT,nao,0
55,4789.83,1.6,595.0,7673.92,24,CLT,nao,0
30,3823.63,4.0,743.0,17425.01,12,CLT,nao,0
65,2555.32,4.0,503.0,11188.54,36,CLT,nao,0
57,5825.91,7.0,749.0,12856.74,18,CLT,nao,0
27,1084.37,8.1,562.0,4741.98,24,CLT,nao,0
34,4405.79,2.2,635.0,6036.84,6,CLT,nao,0
27,8872.3,1.4,635.0,6126.6,6,servidor_publico,nao,0
32,8038.27,5.4,582.0,10061.54,36,CLT,nao,0
37,4511.54,0.7,551.0,23435.36,48,servidor_publico,nao,0
24,3084.29,5.7,587.0,13116.36,6,autonomo,nao,0
18,2566.53,6.0,529.0,5512.53,6,CLT,nao,0
40,3082.18,2.0,797.0,10475.21,12,aposentado,nao,0
54,4910.32,0.2,577.0,9391.76,6,CLT,nao,0
33,2335.58,6.4,724.0,7878.85,12,CLT,nao,0
62,5522.48,8.4,712.0,9798.45,36,autonomo,nao,0
37,11769.17,8.1,653.0,16259.18,36,CLT,nao,0
64,3519.11,8.2,608.0,6198.41,24,CLT,nao,0
30,1738.16,1.0,637.0,7904.37,18,servidor_publico,sim,0
46,1737.83,3.4,671.0,18739.31,6,servidor_publico,nao,0
57,5580.93,4.0,629.0,13424.35,24,CLT,nao,0
21,3523.25,3.5,479.0,22729.59,48,CLT,nao,0
66,5897.34,5.2,456.0,25167.34,12,autonomo,nao,0
36,2714.87,1.3,756.0,4087.33,24,CLT,sim,0
43,5749.35,0.6,383.0,11936.95,18,CLT,nao,0
50,3337.36,0.4,638.0,7114.06,18,autonomo,nao,0
51,2433.59,6.5,599.0,4540.68,24,CLT,nao,1
19,2920.33,1.0,634.0,5925.52,12,CLT,nao,0
63,1884.88,3.5,517.0,8139.63,12,autonomo,nao,0
50,10874.19,2.0,652.0,8172.76,6,autonomo,nao,0
69,3452.97,2.0,639.0,6670.98,36,CLT,sim,0
42,5189.97,2.8,868.0,9809.76,48,servidor_publico,nao,0
49,2710.05,2.1,632.0,48548.57,18,autonomo,nao,0
40,2041.5,0.6,741.0,3224.74,24,autonomo,nao,0
64,3201.47,2.8,485.0,20726.43,48,CLT,nao,0
61,6671.87,1.6,712.0,9779.63,36,autonomo,nao,0
65,2734.21,1.6,640.0,7445.6,12,autonomo,nao,0
44,2255.68,10.1,644.0,2665.54,36,autonomo,nao,0
59,3965.97,0.8,646.0,16249.15,18,autonomo,nao,0
36,4790.85,2.6,774.0,3879.15,48,CLT,nao,0
41,8987.29,3.7,643.0,16951.83,48,CLT,nao,0
57,4422.95,10.1,549.0,30695.31,6,servidor_publico,nao,0
22,5188.48,1.2,565.0,4299.17,48,CLT,nao,1
54,5407.82,7.8,694.0,21150.83,12,autonomo,nao,0
18,1931.09,2.7,660.0,10062.14,18,servidor_publico,sim,0
48,2143.44,2.8,482.0,2537.07,36,CLT,nao,0
42,2005.92,5.0,666.0,4522.72,6,aposentado,nao,0
42,1749.91,8.6,523.0,11112.74,6,servidor_publico,nao,0
43,5639.23,2.1,659.0,12845.76,18,autonomo,nao,0
43,4270.68,4.0,548.0,3542.37,24,autonomo,nao,0
39,3803.67,3.6,595.0,10103.21,24,servidor_publico,nao,0
41,874.81,3.4,571.0,16904.1,48,CLT,nao,1
47,11276.91,5.6,757.0,18940.81,12,autonomo,nao,0
57,2226.42,1.7,656.0,7567.79,36,CLT,nao,0
46,11254.2,2.4,734.0,13160.89,12,servidor_publico,nao,0
51,1640.76,0.7,881.0,19872.32,18,CLT,nao,0
61,2328.97,4.7,624.0,17224.64,24,autonomo,nao,0
69,1084.02,3.3,755.0,17666.65,18,CLT,nao,0
23,4443.37,8.5,557.0,10654.94,12,CLT,nao,0
55,1986.86,1.1,733.0,9307.39,12,servidor_publico,sim,0
29,2017.98,10.9,547.0,11812.03,48,CLT,nao,0
28,1711.49,5.3,618.0,6024.26,48,CLT,nao,0
59,5583.36,5.1,668.0,20391.26,6,autonomo,nao,0
21,5384.64,1.9,682.0,3660.07,12,CLT,nao,0
62,9863.72,2.6,505.0,7130.94,48,CLT,nao,0
58,2497.04,2.2,542.0,9666.7,6,CLT,nao,1
69,4106.6,7.5,675.0,13430.61,24,servidor_publico,nao,0
52,1791.6,0.5,587.0,15174.83,12,CLT,nao,0
63,3028.21,2.9,494.0,26051.77,48,CLT,nao,0
24,2737.05,3.1,614.0,10410.17,36,aposentado,nao,0
64,4700.61,2.2,609.0,6206.23,36,servidor_publico,nao,0
26,6370.05,1.4,636.0,9006.72,6,autonomo,nao,0
34,6279.76,0.3,668.0,8041.67,6,CLT,nao,0
24,2290.33,2.9,662.0,13876.57,36,servidor_publico,nao,0
38,6305.37,4.7,551.0,4946.57,12,servidor_publico,nao,0
56,3553.73,3.3,583.0,8830.53,18,servidor_publico,nao,1
31,3045.66,1.4,704.0,28416.64,6,autonomo,nao,1
60,2465.92,3.1,571.0,11124.49,6,autonomo,nao,0
49,2675.88,8.5,584.0,4992.01,36,autonomo,nao,0
50,9492.65,1.8,485.0,7935.8,12,servidor_publico,sim,0
66,4311.65,3.7,617.0,2318.23,12,autonomo,sim,0
40,4007.96,4.1,651.0,9525.63,48,CLT,nao,0
35,3151.91,0.9,442.0,28882.55,36,autonomo,nao,1
69,13978.68,2.5,524.0,4576.58,12,CLT,nao,0
46,7463.32,2.5,492.0,3841.31,48,CLT,nao,0
49,2448.95,3.2,691.0,6472.91,48,CLT,nao,0
33,3132.27,7.3,448.0,18013.12,18,CLT,nao,0
29,3236.23,1.1,613.0,29971.87,18,CLT,nao,0
26,3945.1,7.6,685.0,13244.5,24,CLT,nao,0
29,2475.82,5.0,637.0,4290.5,6,autonomo,sim,0
28,4634.8,11.1,580.0,9755.18,48,aposentado,nao,0
56,8092.14,0.4,651.0,31670.05,6,CLT,nao,0
21,1767.82,15.3,713.0,8086.2,36,CLT,nao,0
50,1957.69,0.8,610.0,10843.35,24,CLT,nao,0
67,2791.3,1.5,418.0,11572.23,6,servidor_publico,nao,0
57,2863.39,1.5,723.0,3623.48,18,CLT,nao,0
38,10928.79,4.8,656.0,18933.07,12,CLT,nao,0
21,6316.62,2.6,617.0,17239.27,48,CLT,nao,0
61,6120.37,1.7,442.0,2708.63,24,CLT,nao,0
18,3148.24,9.8,593.0,4167.52,18,autonomo,sim,0
53,3110.47,0.3,541.0,5269.52,12,autonomo,nao,0
52,1638.54,6.3,511.0,16097.62,6,CLT,nao,0
27,5596.84,3.0,608.0,6074.03,24,CLT,nao,0
56,4769.9,1.7,572.0,12847.16,24,autonomo,nao,0
27,7385.68,1.9,578.0,8794.19,48,aposentado,nao,0
29,3242.32,2.4,687.0,10365.74,24,autonomo,sim,0
60,3367.82,1.5,643.0,13661.79,18,servidor_publico,sim,0
68,3997.9,5.7,575.0,11813.72,18,aposentado,nao,0
31,5946.41,2.3,564.0,9775.83,12,CLT,nao,0
65,1621.95,5.1,579.0,12241.69,24,CLT,nao,0
65,5457.96,1.9,598.0,11396.16,6,autonomo,sim,0
58,3600.14,3.6,673.0,8636.19,6,CLT,nao,0
25,2033.98,3.6,526.0,7477.82,48,CLT,nao,0
33,1156.86,3.2,751.0,33600.22,6,autonomo,nao,0
53,3377.66,7.8,673.0,7422.28,12,autonomo,nao,0
69,8072.69,8.3,374.0,24065.79,24,CLT,nao,0
60,9146.04,5.5,628.0,6340.2,12,CLT,nao,0
39,4426.91,6.7,714.0,16757.71,36,CLT,nao,0
30,10711.82,5.2,655.0,31553.6,24,CLT,nao,0
67,3555.97,2.1,583.0,7947.56,6,CLT,nao,0
32,6150.67,2.8,615.0,6413.72,18,CLT,nao,0
35,2840.75,0.4,636.0,7487.58,36,aposentado,nao,0
68,2743.45,1.3,689.0,9773.32,18,CLT,nao,0
47,2508.32,0.8,493.0,12200.31,36,servidor_publico,nao,0
31,1172.28,1.7,566.0,9643.14,24,aposentado,nao,0
18,7390.13,3.9,767.0,7532.71,18,CLT,nao,0
40,2558.31,2.1,623.0,35258.16,24,CLT,nao,0
69,2343.05,5.9,758.0,8688.15,18,servidor_publico,nao,0
40,1902.67,1.4,889.0,6613.94,6,CLT,nao,0
54,3253.88,4.9,576.0,16980.69,18,CLT,nao,1
31,9603.86,1.3,512.0,17157.37,18,CLT,sim,1
58,11516.99,7.4,596.0,24788.08,36,autonomo,nao,0
58,1460.48,1.4,719.0,34652.02,36,servidor_publico,nao,0
49,2996.06,4.4,732.0,12395.35,24,autonomo,nao,0
58,2061.32,1.7,824.0,8206.11,18,CLT,nao,0
48,6270.34,9.1,617.0,2874.25,24,autonomo,nao,0
37,4262.57,8.9,664.0,5379.75,48,autonomo,nao,0
56,2565.44,4.3,556.0,11334.03,48,autonomo,nao,0
61,3789.22,4.2,394.0,4593.46,12,servidor_publico,nao,0
61,2800.13,5.6,616.0,3532.18,12,CLT,nao,0
29,8847.01,4.9,516.0,10329.8,18,CLT,nao,0
53,4918.84,6.1,678.0,16397.65,24,CLT,nao,0
18,5262.72,1.3,451.0,8432.0,36,autonomo,nao,0
47,839.83,3.2,553.0,17728.2,36,servidor_publico,nao,0
47,3509.63,1.8,644.0,14776.29,24,CLT,nao,0
36,11450.24,8.8,654.0,20889.49,36,CLT,nao,0
69,7550.51,1.0,616.0,40649.22,6,aposentado,nao,0
63,1318.3,9.9,788.0,54128.56,12,CLT,nao,0
20,3064.43,3.2,761.0,15924.06,24,servidor_publico,nao,0
28,1880.26,6.2,558.0,7340.02,24,aposentado,nao,0
28,9331.08,2.0,765.0,10303.03,48,autonomo,nao,0
64,4164.51,0.9,779.0,27518.55,24,CLT,sim,0
44,2386.81,8.6,609.0,5538.08,18,autonomo,sim,0
55,3710.0,4.6,624.0,25361.3,24,CLT,nao,0
60,867.79,1.1,615.0,8862.19,6,CLT,nao,0
57,2004.74,2.9,562.0,11471.62,18,CLT,nao,0
22,3714.67,2.7,571.0,5854.72,6,CLT,nao,0
25,5797.15,4.5,739.0,4186.33,6,aposentado,nao,0
38,1251.72,1.3,659.0,8256.5,18,autonomo,sim,0
35,2952.37,1.1,570.0,23085.44,6,CLT,nao,0
56,6344.4,3.5,537.0,6271.22,12,autonomo,nao,0
26,1638.77,1.4,552.0,28229.95,48,autonomo,nao,1
37,4130.07,8.7,605.0,6820.12,48,CLT,sim,0
30,3775.49,5.7,702.0,4942.63,24,CLT,nao,0
27,9347.92,5.6,543.0,11671.02,48,CLT,nao,0
26,3208.07,0.4,701.0,15388.82,6,servidor_publico,nao,0
28,3313.03,2.1,638.0,11184.2,48,CLT,nao,0
47,5826.83,2.5,633.0,10917.47,18,servidor_publico,nao,0
39,1755.5,1.2,712.0,28055.06,18,autonomo,nao,0
40,3224.44,4.9,696.0,10526.96,36,CLT,nao,0
42,2833.74,4.4,494.0,7289.83,18,CLT,sim,0
56,3373.14,5.5,522.0,4738.94,24,CLT,nao,0
62,5805.86,6.6,599.0,22648.82,12,CLT,nao,0
45,4938.36,6.4,652.0,7504.88,24,CLT,nao,0
51,2412.03,16.1,743.0,7996.29,6,servidor_publico,sim,0
56,3925.25,3.1,626.0,19608.56,12,CLT,nao,0
53,8264.65,2.7,773.0,37616.42,24,CLT,nao,0
24,2304.8,4.8,556.0,11653.55,48,CLT,nao,0
69,3943.57,7.5,572.0,9053.9,12,CLT,nao,0
26,3273.98,0.6,592.0,9860.83,24,servidor_publico,nao,1
39,3516.94,1.6,546.0,7360.62,6,CLT,nao,0
51,1484.95,1.9,724.0,7853.38,24,CLT,nao,0
38,7910.29,3.4,371.0,7880.78,48,autonomo,nao,0
30,2378.22,2.1,575.0,17889.57,18,CLT,nao,1
66,6401.83,6.7,723.0,9345.86,36,CLT,nao,0
21,2586.97,3.7,592.0,23945.92,18,autonomo,nao,0
30,2581.1,2.9,717.0,9176.67,48,servidor_publico,nao,0
69,7095.51,4.4,818.0,7796.51,24,autonomo,nao,0
55,6289.5,0.4,627.0,22711.32,12,CLT,nao,0
22,4083.73,4.3,725.0,10036.74,12,CLT,nao,0
57,5533.82,1.4,838.0,9116.29,48,CLT,nao,0
68,3106.64,5.9,656.0,10115.4,18,CLT,nao,0
23,3624.23,0.5,616.0,25676.26,18,servidor_publico,nao,0
39,2530.33,4.7,701.0,12075.7,24,CLT,nao,0
42,5986.34,1.5,727.0,22296.05,6,CLT,nao,0
24,2486.48,7.6,617.0,8497.22,12,CLT,nao,0
28,8240.66,0.7,576.0,20092.71,18,CLT,nao,0
27,3060.37,3.3,775.0,11550.63,12,CLT,nao,0
27,3682.25,5.3,596.0,17565.19,24,CLT,nao,0
38,5526.45,4.1,727.0,18551.76,18,servidor_publico,sim,0
42,3689.05,4.1,644.0,5366.59,18,CLT,nao,0
30,3090.69,1.0,784.0,10371.04,36,CLT,sim,0
33,3581.32,0.9,544.0,18438.18,36,autonomo,nao,0
27,5952.7,4.0,543.0,20449.54,12,CLT,nao,0
59,2528.63,3.5,697.0,22353.37,18,CLT,nao,0
29,3396.73,1.3,518.0,10594.32,24,CLT,nao,0
65,3661.61,1.2,630.0,26933.77,48,servidor_publico,nao,0
46,5857.76,2.9,759.0,6456.33,24,CLT,nao,0
59,3446.4,2.3,459.0,3745.85,6,CLT,sim,0
51,9843.48,10.9,656.0,8263.08,24,autonomo,nao,0
31,3340.59,7.9,729.0,21532.04,36,CLT,nao,0
49,3194.78,5.7,618.0,4885.2,48,autonomo,nao,0
32,3314.07,8.5,537.0,3806.98,48,CLT,nao,0
24,1764.9,1.8,596.0,3234.63,36,CLT,sim,0
31,2058.64,2.1,545.0,15968.35,24,servidor_publico,nao,0
32,2719.31,7.1,626.0,3862.45,12,autonomo,nao,0
25,6800.19,3.3,595.0,14141.51,48,CLT,nao,0
19,3575.22,3.4,574.0,7996.38,18,autonomo,nao,1
67,2789.02,1.1,662.0,5997.58,36,CLT,nao,0
44,7148.04,6.9,762.0,5171.05,36,CLT,sim,0
38,8545.39,4.8,650.0,11317.31,6,CLT,nao,0
66,7262.36,2.5,741.0,6062.01,18,CLT,nao,0
29,2277.42,2.1,762.0,9865.19,36,CLT,nao,0
38,2772.8,7.7,567.0,12847.62,18,autonomo,sim,1
62,9872.96,1.8,645.0,14738.67,24,CLT,nao,0
50,4157.32,0.8,582.0,18166.02,24,servidor_publico,nao,0
38,3142.6,7.9,487.0,11015.66,6,CLT,nao,0
31,5405.06,8.1,652.0,5001.24,12,CLT,nao,0
19,6336.07,1.8,525.0,13396.15,18,autonomo,nao,0
22,2658.99,12.3,664.0,15161.77,18,CLT,nao,0
26,4108.0,3.0,480.0,8795.42,6,CLT,nao,0
58,6060.87,1.9,635.0,8207.99,6,CLT,nao,0
51,1923.39,4.7,479.0,49457.32,12,CLT,sim,0
40,3665.76,1.0,681.0,4270.63,48,CLT,nao,0
58,1972.56,1.4,585.0,13641.72,48,autonomo,nao,0
26,2119.7,4.0,576.0,19534.17,48,CLT,nao,0
28,2671.23,3.5,721.0,7928.17,48,CLT,nao,0
38,4733.48,6.1,591.0,8870.3,48,CLT,nao,0
65,3049.97,1.1,630.0,7623.93,36,CLT,nao,0
49,2548.78,10.9,602.0,9898.56,6,aposentado,nao,0
62,3745.67,2.3,666.0,17759.4,18,autonomo,nao,0
30,1937.53,3.4,714.0,8700.75,36,CLT,nao,0
62,4609.35,2.2,695.0,74748.53,18,CLT,nao,0
21,6783.6,1.0,578.0,7374.04,12,CLT,nao,0
29,3485.75,3.1,729.0,24230.92,6,CLT,nao,0
45,3256.94,5.2,538.0,14094.66,18,servidor_publico,sim,0
20,4471.11,2.7,553.0,10620.14,18,CLT,nao,0
62,1193.14,1.5,608.0,25744.97,36,servidor_publico,nao,0
63,4891.48,6.3,714.0,3498.01,36,servidor_publico,sim,0
46,20051.06,6.4,515.0,13047.68,6,autonomo,nao,0
33,3403.39,2.6,700.0,6212.71,24,CLT,nao,0
23,3410.05,4.2,615.0,7454.76,48,CLT,nao,0
50,5480.68,6.2,581.0,7230.39,18,servidor_publico,nao,0
45,8999.58,5.2,719.0,5289.69,48,servidor_publico,nao,0
57,6224.4,4.1,548.0,3380.65,6,CLT,nao,0
49,1112.56,5.0,826.0,12742.65,12,CLT,nao,0
24,4963.51,4.4,604.0,9482.32,48,CLT,sim,0
24,14981.35,3.2,633.0,8140.57,36,CLT,nao,0
58,5127.34,1.1,759.0,16211.3,12,CLT,nao,0
26,1929.41,1.3,636.0,13276.59,48,CLT,nao,0
66,4251.41,4.5,727.0,8321.15,18,servidor_publico,nao,0
23,1800.14,2.2,444.0,71904.95,36,autonomo,nao,1
55,7172.73,4.4,580.0,19181.33,12,autonomo,nao,0
68,2152.24,1.1,656.0,48490.37,18,autonomo,nao,0
40,3792.7,1.7,717.0,7557.38,12,autonomo,nao,0
20,2271.56,2.7,689.0,11641.18,18,CLT,nao,0
63,2695.81,0.3,681.0,4425.44,24,servidor_publico,nao,0
27,8245.17,1.5,715.0,7983.95,36,CLT,nao,0
45,3854.13,1.9,663.0,6771.15,24,servidor_publico,nao,0
69,2676.96,3.7,427.0,69360.89,6,CLT,sim,0
56,1939.38,2.6,750.0,6309.99,24,autonomo,nao,0
20,1300.58,3.8,545.0,8500.48,18,CLT,nao,0
60,1829.5,3.3,648.0,3847.25,6,CLT,nao,0
26,3872.2,2.5,636.0,14001.51,12,CLT,nao,0
56,6242.45,1.9,624.0,5512.94,48,CLT,nao,0
50,2675.27,3.4,520.0,17980.71,18,autonomo,nao,0
32,8636.9,7.5,446.0,3095.14,36,CLT,nao,1
40,2453.75,1.9,530.0,9144.84,12,CLT,sim,0
24,3194.21,10.6,694.0,2981.64,48,servidor_publico,nao,0
69,2010.69,3.5,490.0,7195.18,36,autonomo,nao,0
30,6278.7,5.9,541.0,8211.67,6,servidor_publico,nao,0
34,11540.65,4.2,658.0,6705.14,36,CLT,nao,0
44,1381.6,4.7,528.0,7149.94,48,CLT,nao,0
52,3009.75,1.5,571.0,18606.37,48,CLT,nao,0
44,7299.99,2.2,627.0,40676.07,36,servidor_publico,nao,0
44,1642.84,0.6,645.0,12339.36,36,autonomo,nao,0
48,4972.49,2.7,526.0,5658.83,24,servidor_publico,nao,0
62,7128.17,5.0,633.0,10318.05,6,autonomo,nao,0
38,3801.02,2.7,656.0,7861.44,6,CLT,nao,0
61,4927.78,6.1,505.0,17643.19,12,CLT,nao,0
58,9590.19,2.3,639.0,11933.56,12,autonomo,nao,0
67,10632.12,1.8,556.0,3549.04,48,CLT,sim,0
65,3518.95,2.1,631.0,20204.45,48,autonomo,sim,0
59,2716.75,5.3,685.0,18554.11,12,servidor_publico,nao,0
30,2195.16,9.1,604.0,26154.29,18,CLT,nao,0
58,6231.24,11.4,702.0,7074.93,36,autonomo,nao,0
56,1712.18,4.9,691.0,12035.71,36,CLT,nao,0
33,3168.72,6.0,702.0,4582.02,48,CLT,nao,0
53,3852.51,0.8,656.0,9572.89,36,CLT,nao,0
31,2761.0,1.0,719.0,12810.76,36,CLT,nao,0
45,4246.72,1.5,655.0,6545.7,36,autonomo,nao,0
59,14920.36,7.8,470.0,12363.71,48,CLT,nao,0
27,3405.41,7.7,549.0,11039.11,18,CLT,nao,0
35,2865.58,13.1,601.0,7387.96,12,CLT,nao,0
59,6364.13,1.5,612.0,24547.28,48,autonomo,nao,0
41,4153.77,3.0,652.0,8498.22,6,CLT,nao,0
67,8035.58,0.6,547.0,10789.75,12,autonomo,nao,0
18,3986.14,0.9,801.0,3814.3,6,CLT,nao,0
55,3175.97,2.5,611.0,13869.87,48,autonomo,nao,0
60,1365.06,1.6,619.0,7259.16,48,CLT,sim,0
65,1493.9,1.6,560.0,18438.33,18,CLT,nao,0
26,1326.59,1.9,530.0,4220.69,6,CLT,nao,0
69,4485.64,8.4,609.0,13094.57,12,autonomo,nao,0
38,1721.18,6.7,622.0,2396.26,24,servidor_publico,nao,0
36,7263.14,1.3,612.0,14769.42,18,aposentado,nao,0
36,3702.03,6.6,769.0,8834.13,36,CLT,sim,0
51,3183.37,1.7,609.0,12830.49,36,autonomo,nao,0
52,2289.02,0.8,612.0,6700.21,18,autonomo,nao,0
42,5126.83,1.9,693.0,5339.86,24,CLT,nao,0
21,2339.11,3.9,605.0,7461.96,6,CLT,nao,0
69,2117.61,1.5,669.0,11212.76,6,autonomo,nao,0
29,6999.49,4.9,505.0,14396.94,18,aposentado,nao,0
22,4425.07,2.0,506.0,12058.18,6,CLT,nao,0
49,3199.62,4.1,631.0,5383.56,6,CLT,nao,0
39,5181.18,1.3,599.0,32679.12,36,CLT,nao,0
50,3658.88,3.2,547.0,12287.39,6,CLT,nao,0
63,4494.71,1.5,631.0,6604.21,12,CLT,nao,0
23,2323.28,2.6,639.0,13039.56,36,CLT,nao,0
32,11369.84,10.7,556.0,11688.86,12,CLT,sim,0
44,2647.07,2.2,573.0,8831.09,12,servidor_publico,nao,0
58,8568.17,1.0,639.0,8181.96,36,CLT,nao,0
49,3281.72,3.3,528.0,18772.84,6,autonomo,nao,0
37,5675.44,3.4,566.0,30427.47,12,autonomo,nao,0
49,5452.46,3.4,668.0,2634.89,24,autonomo,nao,0
68,6841.54,4.7,618.0,22023.12,6,CLT,sim,0
42,2293.09,2.1,577.0,10026.17,24,servidor_publico,nao,0
63,6578.75,5.0,539.0,11543.17,18,CLT,nao,0
58,10052.15,3.1,529.0,23826.83,12,CLT,nao,0
33,3158.08,1.0,608.0,1762.3,24,CLT,nao,0
30,3711.12,5.5,802.0,16808.05,6,servidor_publico,nao,0
58,2730.13,3.6,671.0,22779.65,24,CLT,sim,0
28,3009.29,4.8,500.0,6325.85,18,CLT,nao,0
35,9332.73,1.1,684.0,3999.52,6,autonomo,sim,0
30,2095.76,5.7,552.0,28737.37,36,autonomo,nao,0
49,2168.59,12.6,620.0,3160.06,18,autonomo,nao,0
33,8830.75,1.0,567.0,12992.43,6,CLT,nao,0
52,5133.29,6.3,802.0,19245.27,18,autonomo,nao,0
66,11686.66,3.6,518.0,12807.54,36,CLT,nao,0
61,2841.99,3.1,648.0,14285.66,18,CLT,sim,0
67,3902.82,5.8,558.0,8330.99,18,CLT,nao,1
19,2531.65,5.4,686.0,13370.0,6,CLT,nao,0
41,3939.53,7.4,646.0,6244.74,6,CLT,nao,0
29,1372.3,1.1,733.0,6793.26,12,CLT,nao,0
65,5306.7,7.6,685.0,10128.46,12,CLT,nao,0
55,4349.91,4.1,558.0,3637.68,24,CLT,nao,0
34,3527.5,0.6,882.0,14401.33,18,CLT,nao,0
47,2937.46,2.2,670.0,1973.41,6,CLT,nao,0
49,2225.83,3.7,570.0,12529.36,24,servidor_publico,sim,0
43,5432.97,2.2,638.0,13319.27,48,CLT,nao,1
42,1911.99,2.8,677.0,5905.04,48,autonomo,nao,0
20,4824.89,2.0,673.0,4437.84,48,CLT,nao,0
41,11395.21,17.1,665.0,7590.78,18,CLT,nao,0
36,8242.32,5.1,707.0,14999.77,18,CLT,nao,0
60,1591.1,3.3,698.0,12390.74,6,CLT,nao,0
62,2710.24,1.3,544.0,4805.44,36,autonomo,nao,0
57,4590.75,7.4,810.0,10600.88,18,CLT,sim,0
19,3502.89,4.6,797.0,11734.31,24,aposentado,nao,0
61,1686.36,1.4,692.0,11415.42,12,autonomo,nao,0
38,4500.41,1.4,623.0,5211.98,12,CLT,nao,0
39,3620.95,2.9,625.0,10951.23,36,aposentado,nao,0
67,10434.56,3.3,591.0,17971.35,18,CLT,nao,0
63,3167.58,5.0,603.0,14031.01,24,autonomo,nao,0
20,6921.6,3.0,423.0,12932.02,48,CLT,sim,0
36,1813.66,5.3,758.0,28788.86,12,CLT,nao,0
56,2068.53,2.2,726.0,11037.61,6,CLT,sim,0
46,5414.92,3.0,469.0,5725.92,36,servidor_publico,nao,0
31,6608.1,7.6,700.0,5737.72,24,CLT,nao,0
45,2150.45,5.5,619.0,11096.86,18,autonomo,nao,0
63,3689.49,3.2,602.0,3887.79,24,servidor_publico,nao,0
29,1702.97,4.0,664.0,8085.77,48,CLT,nao,0
56,3295.55,3.0,463.0,13382.63,12,aposentado,nao,1
56,5769.31,0.9,619.0,21189.14,36,CLT,nao,0
64,2866.29,9.4,627.0,3627.83,24,autonomo,nao,0
33,3174.9,1.5,627.0,10555.48,36,CLT,nao,0
29,1955.91,2.4,497.0,9467.75,48,servidor_publico,nao,1
46,2548.86,15.2,660.0,10141.37,6,servidor_publico,nao,0
45,9575.48,1.2,715.0,10851.05,6,CLT,nao,0
39,3789.95,2.9,657.0,9695.49,6,autonomo,nao,0
58,2097.98,8.0,599.0,24463.46,12,aposentado,nao,0
59,3062.16,10.8,862.0,22216.66,18,autonomo,nao,0
30,1512.34,4.6,537.0,39860.37,12,aposentado,nao,0
59,2084.35,7.5,690.0,9829.35,36,autonomo,nao,0
29,7693.93,2.7,642.0,7578.36,36,CLT,nao,1
39,3366.52,0.2,801.0,5276.16,18,servidor_publico,nao,0
19,10300.02,7.0,655.0,7061.16,24,autonomo,nao,0
35,3454.93,3.1,674.0,15748.04,12,CLT,nao,0
67,3569.61,2.4,666.0,17405.5,24,CLT,nao,0
41,5179.64,2.3,525.0,15353.28,12,CLT,nao,0
54,837.21,5.2,542.0,6425.93,36,autonomo,nao,0
23,4075.37,5.2,595.0,6448.49,12,autonomo,nao,0
51,3544.16,3.2,706.0,35302.24,48,servidor_publico,nao,0
37,8244.66,4.4,641.0,5762.95,48,CLT,nao,0
56,6189.28,1.2,601.0,24853.18,12,CLT,nao,0
66,1951.73,2.7,743.0,12874.12,24,CLT,nao,0
45,7209.65,1.3,442.0,6147.56,36,autonomo,nao,0
23,3151.79,1.2,503.0,4582.89,48,servidor_publico,nao,0
42,2213.99,4.1,395.0,6324.6,18,servidor_publico,nao,0
24,4057.84,3.3,729.0,12983.84,24,CLT,nao,0
41,3256.72,2.2,611.0,5479.35,6,autonomo,nao,0
21,8485.85,2.6,707.0,27183.53,12,autonomo,nao,0
51,4391.13,4.4,610.0,8646.33,12,servidor_publico,nao,0
34,4076.98,5.3,712.0,15604.12,12,autonomo,nao,0
28,5975.1,4.7,609.0,14806.36,18,CLT,nao,0
18,6641.41,0.6,657.0,28402.59,36,autonomo,nao,0
64,5602.58,0.3,644.0,7445.16,48,CLT,sim,0
61,7948.23,1.6,650.0,10603.65,24,autonomo,nao,0
60,5088.69,0.3,772.0,3980.22,18,autonomo,nao,0
21,3992.64,8.7,474.0,10583.45,36,servidor_publico,nao,0
36,7197.9,2.5,614.0,20764.65,24,CLT,nao,0
68,3463.4,1.0,638.0,11414.69,18,servidor_publico,nao,0
48,3708.14,2.5,624.0,44499.59,6,CLT,sim,0
24,9384.99,0.5,584.0,13874.55,24,autonomo,nao,0
25,8884.45,1.0,572.0,6965.55,6,servidor_publico,sim,0
31,3624.61,2.4,758.0,13309.68,24,CLT,nao,0
68,2837.13,2.1,614.0,3823.01,48,autonomo,nao,0
26,8141.63,2.3,839.0,5887.95,36,autonomo,nao,0
64,5654.63,4.5,668.0,4487.02,48,servidor_publico,nao,0
53,4331.07,6.2,594.0,10001.32,18,CLT,nao,0
65,3050.22,3.5,670.0,9515.33,18,servidor_publico,nao,0
60,4369.63,6.5,630.0,21662.14,24,aposentado,nao,0
35,3597.74,2.1,741.0,9279.89,12,autonomo,nao,0
61,2526.56,7.1,515.0,5158.3,48,CLT,nao,0
26,3908.75,3.5,458.0,27270.38,6,autonomo,sim,0
33,4213.22,5.9,652.0,1459.7,48,CLT,nao,0
29,2961.74,2.1,695.0,10147.7,48,autonomo,nao,0
24,5985.55,3.4,646.0,11400.87,48,CLT,nao,0
22,7397.21,11.7,681.0,9831.17,6,CLT,nao,0
27,6207.07,3.4,667.0,13698.75,48,CLT,nao,0
24,3127.73,6.2,487.0,10635.46,12,autonomo,nao,0
37,5517.62,6.7,645.0,13694.9,12,autonomo,sim,0
21,3800.47,5.0,739.0,6691.26,36,autonomo,nao,0
21,1845.19,5.6,635.0,3833.82,18,CLT,nao,0
69,5271.14,2.1,502.0,9603.38,48,CLT,nao,0
22,3945.66,1.6,590.0,5078.44,18,CLT,nao,0
21,15160.54,1.3,670.0,6163.86,6,autonomo,sim,0
19,8115.24,4.3,782.0,21056.46,12,CLT,nao,0
24,5383.71,3.3,444.0,27247.0,36,autonomo,sim,0
45,4175.73,4.1,653.0,20801.05,24,CLT,nao,0
61,3984.02,1.1,536.0,18440.38,12,servidor_publico,nao,1
56,2096.39,1.8,666.0,10290.42,12,CLT,nao,0
48,1399.06,6.1,673.0,19149.63,36,CLT,nao,0
22,2253.17,3.7,599.0,12470.89,12,CLT,sim,0
58,3546.64,3.5,677.0,35096.92,6,CLT,nao,0
19,1143.62,2.7,723.0,5449.26,24,CLT,nao,0
50,2698.96,1.7,605.0,15324.31,48,autonomo,nao,0
39,3177.38,7.2,500.0,4351.21,12,autonomo,nao,0
63,3234.13,8.1,748.0,15381.59,36,CLT,nao,0
33,2530.2,3.4,695.0,3237.58,18,servidor_publico,nao,0
51,3017.45,2.9,671.0,4497.14,48,CLT,nao,0
40,9396.96,8.5,558.0,4299.67,24,autonomo,nao,0
45,5240.54,1.9,709.0,11659.61,24,CLT,nao,0
66,2675.35,2.2,804.0,12462.03,12,CLT,nao,0
55,3506.62,5.9,609.0,48669.67,48,autonomo,nao,0
39,3584.69,2.2,629.0,9326.93,6,CLT,nao,0
41,2386.6,3.3,524.0,16352.74,24,CLT,nao,0
54,2385.06,0.4,555.0,10988.07,12,autonomo,nao,0
35,6347.32,8.2,523.0,15487.43,24,autonomo,nao,0
26,2890.31,5.5,632.0,10865.86,48,servidor_publico,nao,0
42,1994.04,6.9,589.0,20226.54,6,autonomo,nao,0
21,3555.58,1.5,654.0,4992.85,6,CLT,nao,0
26,3885.11,9.4,540.0,2016.55,36,autonomo,nao,0
39,1230.3,3.0,605.0,12981.91,36,servidor_publico,nao,0
59,3560.26,7.3,534.0,3061.62,18,CLT,nao,0
58,5868.7,4.2,637.0,23216.76,12,CLT,nao,0
31,4666.55,5.7,473.0,6930.75,24,autonomo,nao,0
39,12411.61,4.5,634.0,5039.92,12,autonomo,nao,0
25,7245.31,2.2,595.0,57258.88,24,CLT,nao,0
57,8078.11,0.7,636.0,9779.15,18,autonomo,nao,0
30,16984.34,7.7,471.0,8633.72,36,CLT,nao,0
59,5524.71,0.2,679.0,16093.71,24,CLT,nao,0
61,3982.59,6.2,593.0,16815.42,24,autonomo,nao,0
53,6220.2,7.7,640.0,20752.71,6,CLT,nao,0
35,2676.91,0.9,452.0,4161.24,24,CLT,nao,0
67,3863.11,2.3,508.0,14023.21,36,autonomo,nao,0
53,2549.75,0.8,585.0,8179.85,24,CLT,nao,0
51,4531.88,1.9,744.0,5438.9,24,servidor_publico,nao,0
62,2543.89,6.8,667.0,10211.54,24,aposentado,nao,0
63,2495.36,5.7,632.0,3049.38,12,autonomo,nao,0
22,4570.65,5.1,537.0,18032.03,18,autonomo,nao,0
63,3375.36,2.3,520.0,8193.21,6,servidor_publico,nao,0
57,1261.26,0.2,645.0,7256.29,36,autonomo,nao,0
28,1635.07,1.1,683.0,9049.9,6,autonomo,nao,0
33,1937.21,2.7,639.0,8876.07,36,CLT,nao,0
57,2240.3,1.3,774.0,20773.7,24,servidor_publico,nao,0
29,4573.04,6.2,559.0,4855.11,24,CLT,nao,0
41,4106.87,9.6,636.0,7719.97,24,CLT,nao,0
53,6541.38,4.2,468.0,8597.6,6,autonomo,sim,0
51,5508.46,0.9,639.0,4952.49,24,CLT,nao,0
65,6565.25,7.9,752.0,10976.96,18,CLT,nao,0
23,5087.89,3.5,526.0,6182.53,36,autonomo,nao,0
33,4086.01,3.2,696.0,3972.76,48,CLT,nao,0
69,6665.12,4.8,750.0,13933.45,48,servidor_publico,nao,0
47,6037.09,1.1,558.0,27057.75,48,aposentado,nao,0
30,4477.64,2.4,662.0,10213.58,36,autonomo,nao,0
33,7325.3,3.0,762.0,9254.49,12,CLT,nao,0
35,1002.06,3.9,641.0,9127.9,12,autonomo,nao,0
46,3103.37,4.2,691.0,7077.19,48,CLT,nao,1
32,3077.32,4.8,460.0,21174.72,48,autonomo,nao,0
50,6863.52,2.0,674.0,10521.04,12,CLT,sim,0
41,8640.95,0.6,667.0,2401.58,24,CLT,sim,0
49,1639.92,2.7,501.0,21575.64,48,CLT,nao,0
26,7912.05,2.9,533.0,18397.92,48,aposentado,sim,1
50,1911.62,0.5,674.0,14633.09,48,CLT,nao,0
66,1943.67,1.9,593.0,1650.75,18,CLT,nao,0
25,3200.76,3.7,720.0,9878.18,24,CLT,nao,0
35,3056.38,2.2,648.0,17689.53,24,CLT,nao,0
54,1545.14,3.6,625.0,12665.98,48,servidor_publico,nao,0
50,5205.3,2.1,605.0,11308.93,48,CLT,sim,0
53,5290.52,5.1,646.0,17713.52,24,CLT,nao,0
47,6501.08,1.4,692.0,10835.15,48,CLT,nao,0
53,2868.66,3.2,668.0,21641.24,18,autonomo,nao,0
49,3562.54,3.3,582.0,10994.41,24,autonomo,sim,0
21,3580.53,6.0,732.0,10440.21,36,servidor_publico,nao,0
57,9213.25,2.5,679.0,17677.87,48,servidor_publico,nao,0
41,765.99,9.5,655.0,7638.21,6,CLT,nao,0
20,2150.98,9.3,628.0,4850.28,6,servidor_publico,nao,0
39,3652.06,1.5,665.0,9921.61,12,servidor_publico,nao,0
40,2004.07,3.1,455.0,14526.7,6,autonomo,nao,0
22,3158.73,1.0,642.0,18060.56,12,CLT,nao,0
69,3397.04,4.6,768.0,18125.67,48,autonomo,nao,0
29,2535.82,2.1,640.0,9465.21,24,autonomo,nao,0
35,3772.37,3.5,628.0,8853.87,6,CLT,nao,0
40,5143.46,2.6,566.0,6735.35,36,CLT,sim,0
61,3197.27,16.6,664.0,11642.52,48,autonomo,nao,0
56,2837.68,2.9,602.0,3405.92,48,autonomo,nao,0
58,3323.68,2.7,738.0,10044.63,48,CLT,sim,0
30,3626.09,6.3,542.0,63088.42,48,servidor_publico,nao,1
61,1398.04,7.0,579.0,3723.76,36,CLT,nao,0
61,4693.13,3.9,566.0,10959.29,48,CLT,nao,0
42,2841.11,7.1,785.0,12652.29,36,CLT,nao,0
46,7286.98,14.8,603.0,13755.61,36,autonomo,nao,0
19,5039.59,2.5,571.0,5280.0,12,CLT,sim,0
57,6929.46,1.1,432.0,13837.41,48,autonomo,nao,0
67,2087.97,4.3,538.0,6992.34,6,CLT,nao,0
42,2968.28,6.6,668.0,3913.04,12,CLT,nao,0
46,1838.39,9.0,667.0,18375.48,36,CLT,nao,0
43,2470.42,4.9,561.0,15244.89,36,CLT,nao,0
22,7249.28,3.3,566.0,5280.28,48,CLT,nao,0
50,8251.25,1.7,787.0,6950.24,6,CLT,nao,0
55,1936.29,7.7,863.0,6788.55,36,CLT,sim,0
66,2829.76,4.1,723.0,3400.47,6,CLT,nao,0
66,3491.52,0.6,760.0,16245.63,24,aposentado,nao,0
43,5024.51,11.7,779.0,16646.36,12,autonomo,nao,0
67,1383.13,1.2,819.0,7972.9,24,CLT,nao,0
45,1507.71,6.7,593.0,9717.84,6,CLT,nao,0
51,4766.15,3.8,541.0,10663.2,6,CLT,nao,0
49,1246.42,0.6,785.0,11601.09,48,CLT,nao,0
69,2847.68,3.0,533.0,4122.05,24,CLT,nao,0
56,3980.45,2.5,527.0,13595.43,18,servidor_publico,nao,0
24,4576.16,0.8,529.0,4609.71,18,CLT,nao,0
21,3367.93,4.6,608.0,15411.88,48,servidor_publico,nao,0
39,2977.48,6.1,441.0,4953.39,36,autonomo,nao,1
44,5793.63,3.2,491.0,4251.08,18,CLT,nao,0
52,4259.31,2.5,564.0,9718.39,6,CLT,nao,0
43,2550.75,4.8,512.0,9577.5,36,CLT,nao,0
44,3717.28,0.1,716.0,10587.56,12,autonomo,nao,0
65,4495.1,2.2,621.0,5539.84,12,servidor_publico,sim,0
35,9367.77,2.4,672.0,11291.79,24,CLT,nao,0
43,5610.97,3.2,662.0,12004.59,48,CLT,nao,0
46,7101.11,0.8,601.0,21114.47,12,CLT,nao,0
42,2602.34,0.4,709.0,11162.01,6,CLT,nao,0
68,2729.02,1.3,661.0,6703.57,18,servidor_publico,nao,0
68,3198.83,4.5,591.0,4123.3,36,CLT,nao,0
44,3364.5,2.3,468.0,3660.41,24,CLT,nao,0
41,2091.39,1.3,667.0,12209.09,48,autonomo,nao,0
48,7304.63,10.5,506.0,16573.81,12,CLT,nao,0
27,5918.53,2.5,654.0,5548.91,36,CLT,nao,0
40,3077.51,3.3,627.0,11683.37,36,CLT,nao,0
29,5181.97,7.6,498.0,8837.49,36,autonomo,nao,0
25,4115.82,3.6,643.0,15785.92,48,aposentado,nao,0
22,5409.46,4.8,637.0,17377.82,12,servidor_publico,nao,0
48,1738.24,1.6,638.0,2268.7,12,autonomo,nao,0
18,3360.64,3.4,633.0,19358.51,18,autonomo,nao,0
51,3526.56,9.6,561.0,11660.1,18,autonomo,nao,0
40,5130.73,4.3,673.0,7006.68,6,CLT,nao,0
37,2576.94,3.9,558.0,7134.87,12,CLT,nao,0
58,920.61,2.7,523.0,10103.49,18,CLT,nao,0
46,2008.34,1.0,681.0,7133.54,36,CLT,nao,0
56,3520.73,7.1,704.0,5382.71,6,aposentado,nao,0
54,3771.15,3.1,675.0,6247.47,36,autonomo,nao,0
19,9191.75,1.8,601.0,5033.62,36,servidor_publico,sim,0
29,5016.61,0.9,445.0,23748.38,6,CLT,nao,0
47,3807.93,4.0,753.0,10263.39,48,CLT,nao,0
68,3576.66,1.1,444.0,42802.34,36,aposentado,nao,0
26,6682.86,7.1,673.0,12596.82,36,CLT,nao,0
23,2631.84,1.9,810.0,14512.86,36,CLT,sim,0
66,3370.59,3.4,633.0,4963.95,36,CLT,nao,0
68,2000.01,4.3,646.0,8588.37,18,servidor_publico,nao,0
26,7945.8,3.9,654.0,10375.99,24,CLT,nao,0
38,4518.22,6.1,638.0,6540.63,24,servidor_publico,nao,0
50,2467.26,2.1,832.0,7316.44,12,CLT,nao,0
28,3418.82,3.3,544.0,13005.09,6,CLT,nao,0
34,4818.93,5.0,533.0,13171.94,36,servidor_publico,nao,1
38,3171.96,9.0,591.0,4150.51,12,CLT,nao,0
51,2713.63,5.8,777.0,11901.64,12,CLT,nao,0
34,2540.58,6.6,568.0,14178.19,6,autonomo,nao,0
39,4387.12,2.5,659.0,6743.4,18,CLT,nao,0
33,2990.12,4.3,716.0,6312.3,24,CLT,nao,0
57,2836.8,8.2,690.0,13186.58,48,CLT,nao,0
25,1746.15,3.1,712.0,1858.44,18,CLT,nao,0
29,3799.79,4.4,748.0,9910.55,18,CLT,nao,0
30,3295.55,0.7,648.0,28634.8,36,servidor_publico,nao,0
65,3050.6,5.3,579.0,1830.54,12,autonomo,sim,0
67,4061.57,3.9,633.0,16896.62,6,CLT,sim,0
44,5493.94,5.1,589.0,14099.22,6,CLT,nao,0
26,5355.4,2.6,847.0,3886.38,48,autonomo,nao,0
57,4934.47,0.5,572.0,13881.58,36,autonomo,nao,0
43,3189.54,5.5,663.0,18975.86,12,CLT,nao,0
62,2665.51,1.8,485.0,4606.39,12,autonomo,nao,0
36,2050.52,0.8,632.0,6249.8,48,CLT,nao,1
69,2627.44,3.7,594.0,10066.51,24,CLT,nao,0
59,3680.51,9.8,681.0,18685.17,18,CLT,nao,0
29,2362.66,1.6,683.0,6962.35,18,servidor_publico,nao,0
55,3838.48,1.9,748.0,9630.02,18,CLT,nao,0
32,2140.94,5.7,740.0,6424.15,36,autonomo,sim,0
36,1460.38,2.8,614.0,10056.38,12,CLT,nao,0
31,5713.99,5.5,535.0,19542.38,48,CLT,nao,0
53,2804.76,2.6,546.0,10602.37,12,CLT,nao,0
31,2297.63,2.3,647.0,7845.16,12,CLT,nao,0
51,1994.97,1.6,634.0,9688.63,18,autonomo,nao,0
48,4594.75,4.1,643.0,5881.65,36,autonomo,nao,0
57,7755.82,1.6,572.0,5185.62,6,CLT,nao,0
69,2917.0,2.2,749.0,21638.33,6,CLT,nao,0
18,3233.89,7.0,487.0,28695.95,18,CLT,nao,0
69,6564.28,12.7,567.0,3088.74,6,autonomo,nao,0
23,1345.14,4.5,523.0,14449.05,18,CLT,nao,0
45,10740.51,7.2,601.0,17297.32,18,servidor_publico,nao,0
35,13964.24,2.4,732.0,4502.57,24,CLT,nao,0
51,821.81,2.7,594.0,7283.44,12,CLT,nao,0
55,3450.84,3.8,629.0,6801.65,24,autonomo,nao,0
62,2451.8,1.8,680.0,34051.02,48,autonomo,nao,0
38,3147.54,2.3,590.0,28972.22,18,CLT,nao,0
66,2892.53,5.4,654.0,5438.37,36,CLT,sim,0
34,5690.01,3.3,643.0,3833.33,12,CLT,nao,0
28,3422.36,2.9,518.0,16357.39,48,CLT,nao,1
37,2206.14,2.8,578.0,14094.87,24,autonomo,nao,0
45,3311.97,1.3,652.0,22216.62,6,autonomo,nao,0
52,4832.56,3.7,735.0,4972.12,48,CLT,sim,0
61,1898.75,1.8,735.0,15840.13,36,CLT,nao,0
29,1472.29,0.7,809.0,6150.92,18,autonomo,nao,0
33,10894.45,1.1,664.0,14839.63,24,autonomo,nao,0
66,2557.19,2.8,583.0,9661.19,48,autonomo,nao,0
40,3376.03,5.0,614.0,34043.75,6,autonomo,nao,0
30,2925.48,6.0,610.0,13237.46,6,CLT,nao,0
69,4921.89,0.9,583.0,8069.96,36,autonomo,nao,0
41,9653.1,4.7,654.0,10825.47,12,CLT,nao,0
69,5008.86,10.2,659.0,9271.15,48,autonomo,sim,0
65,1579.56,6.2,514.0,4673.28,36,CLT,nao,1
65,1700.59,3.6,718.0,34585.16,48,autonomo,nao,0
48,2923.6,3.8,455.0,27977.83,36,CLT,nao,0
59,3141.55,3.5,600.0,8825.52,48,CLT,nao,0
67,1412.23,2.1,723.0,15598.38,24,CLT,nao,0
31,5713.79,6.4,675.0,37550.02,6,autonomo,nao,0
19,2003.25,1.4,588.0,22114.36,12,autonomo,nao,0
34,8277.66,3.7,797.0,8104.67,48,CLT,nao,0
51,9910.48,0.7,580.0,9347.16,12,CLT,sim,0
46,3176.26,6.8,440.0,3240.89,48,CLT,nao,1
22,4635.2,3.6,661.0,16376.48,48,autonomo,nao,0
47,1849.05,0.8,460.0,22200.04,36,CLT,nao,1
27,5130.83,8.5,545.0,22299.27,6,autonomo,sim,0
44,2768.32,3.0,676.0,15610.14,12,autonomo,nao,0
47,2002.24,1.0,579.0,12444.39,36,servidor_publico,nao,0
51,3105.3,10.8,672.0,5174.11,18,CLT,nao,0
39,2818.16,2.6,516.0,12183.18,18,servidor_publico,nao,0
39,3044.71,1.7,697.0,6564.42,6,CLT,nao,0
53,6138.43,3.9,468.0,13923.96,18,autonomo,nao,0
56,2363.93,1.1,739.0,6023.88,6,autonomo,nao,0
60,9454.66,2.1,577.0,13866.49,6,servidor_publico,nao,0
35,1756.74,7.8,758.0,23389.21,48,CLT,sim,0
40,8852.78,2.7,544.0,12646.66,36,autonomo,nao,0
35,2081.66,4.5,793.0,12252.66,48,autonomo,nao,0
45,3638.92,8.0,534.0,17916.32,48,aposentado,nao,0
24,2780.52,2.6,459.0,31279.48,48,CLT,nao,0
40,3013.78,1.6,624.0,9230.47,18,autonomo,nao,0
27,5657.55,5.1,731.0,13886.39,12,CLT,nao,0
45,8307.42,1.0,691.0,26431.22,36,servidor_publico,nao,0
62,7007.87,1.4,725.0,15291.28,24,autonomo,sim,0
69,2914.14,0.8,693.0,2693.12,18,autonomo,nao,0
41,4029.27,7.6,546.0,6215.79,18,CLT,nao,0
20,2368.13,3.4,689.0,16125.83,12,autonomo,nao,1
29,2110.43,5.3,628.0,7630.34,18,autonomo,nao,0
23,1938.24,1.5,556.0,25241.14,48,CLT,nao,0
57,2862.17,4.4,636.0,33111.99,18,servidor_publico,nao,0
69,4176.73,4.5,615.0,6743.54,24,CLT,sim,0
46,1272.2,10.8,747.0,5058.74,48,CLT,nao,0
27,3549.3,4.9,574.0,7826.19,48,autonomo,nao,0
19,8381.77,6.0,569.0,7537.94,36,CLT,nao,0
68,6748.34,3.6,557.0,26861.72,6,autonomo,nao,0
34,2638.98,0.1,791.0,5049.44,48,CLT,nao,0
23,1688.71,4.1,562.0,16035.81,6,autonomo,nao,0
27,4688.68,2.8,737.0,24394.05,6,CLT,nao,0
31,1017.82,2.7,527.0,16856.53,18,autonomo,sim,0
52,6704.84,2.2,666.0,13143.67,18,autonomo,nao,0
64,3237.4,2.7,644.0,8906.73,6,autonomo,nao,0
32,9968.8,1.9,731.0,32919.97,24,CLT,nao,1
53,1408.34,5.6,718.0,8438.7,48,autonomo,nao,0
21,6032.88,1.3,627.0,18331.66,24,CLT,nao,0
18,3445.14,9.9,572.0,8926.88,48,CLT,nao,0
20,3034.86,5.3,766.0,2989.59,48,CLT,nao,0
66,1714.0,6.7,563.0,8305.99,36,CLT,nao,0
48,5052.62,1.4,416.0,8941.11,12,servidor_publico,nao,0
59,5281.03,2.1,453.0,9016.33,24,CLT,nao,0
19,9718.83,3.5,475.0,6443.32,6,autonomo,nao,0
19,6338.69,3.3,674.0,14864.79,36,autonomo,nao,0
62,2626.37,5.3,819.0,15980.24,48,CLT,nao,0
23,2096.19,3.3,436.0,8112.96,6,CLT,sim,0
26,1715.28,10.2,550.0,8068.8,24,CLT,nao,0
44,8186.76,1.4,628.0,4999.3,6,CLT,sim,0
49,2373.22,1.2,759.0,11676.52,24,CLT,nao,0
29,8218.36,2.0,549.0,24237.29,18,servidor_publico,nao,1
41,4859.98,2.7,673.0,24248.28,48,aposentado,nao,0
53,4365.32,7.1,597.0,6704.63,12,CLT,nao,0
41,3075.5,4.3,855.0,36108.18,36,CLT,nao,0
37,5236.3,0.2,633.0,7821.16,24,autonomo,nao,0
21,3610.1,0.2,652.0,5113.5,36,aposentado,nao,0
41,2971.83,2.9,628.0,4083.87,48,servidor_publico,nao,0
59,5339.05,2.3,583.0,4916.86,12,servidor_publico,nao,0
50,3363.76,3.0,705.0,12294.87,6,CLT,nao,0
64,2347.05,2.7,516.0,8372.0,24,aposentado,nao,1
24,5063.96,9.2,440.0,6562.95,6,CLT,nao,0
18,3515.05,6.4,606.0,5705.54,18,CLT,nao,0
46,4764.27,2.1,693.0,4885.48,24,autonomo,nao,0
27,2836.64,3.2,568.0,5550.18,24,autonomo,nao,0
48,1872.41,2.6,637.0,19149.0,6,autonomo,sim,0
65,9454.92,0.4,510.0,31957.71,24,autonomo,nao,0
35,8523.96,2.2,716.0,33268.1,36,servidor_publico,nao,0
46,5919.94,2.2,679.0,15469.2,6,CLT,nao,0
53,2941.59,1.8,622.0,7186.94,18,CLT,sim,0
25,3086.6,2.1,635.0,6411.97,18,autonomo,nao,0
64,7787.54,2.6,495.0,16179.35,18,CLT,sim,0
28,2997.08,4.5,499.0,8432.66,18,CLT,nao,0
60,2571.11,2.0,609.0,12935.69,6,CLT,nao,0
52,10195.78,7.8,666.0,34710.05,24,servidor_publico,nao,0
25,3546.72,1.4,671.0,11395.1,6,servidor_publico,nao,0
55,9629.96,6.9,587.0,43503.79,6,autonomo,sim,0
28,1687.3,4.0,687.0,4757.76,24,autonomo,nao,0
49,4841.61,1.1,748.0,13237.71,48,servidor_publico,sim,0
67,11374.11,2.5,612.0,12135.97,36,CLT,nao,0
67,3701.02,9.5,648.0,5220.49,18,autonomo,nao,0
63,3148.87,1.5,601.0,16665.17,18,autonomo,nao,0
43,1915.5,9.6,609.0,26769.72,18,servidor_publico,nao,0
47,6603.06,4.6,635.0,41428.96,6,CLT,sim,1
33,2383.75,4.1,773.0,12930.43,24,aposentado,sim,0
65,3455.96,4.4,702.0,2878.23,6,autonomo,nao,0
42,1846.46,2.5,694.0,13494.58,36,CLT,nao,0
58,8572.31,1.5,579.0,16030.91,18,CLT,nao,0
36,6871.84,3.3,539.0,8494.12,18,CLT,nao,0
56,3578.25,4.2,655.0,11382.44,18,autonomo,sim,0
29,1929.89,4.8,732.0,7228.4,6,CLT,nao,0
56,8473.92,4.6,775.0,9073.36,12,autonomo,nao,0
20,2977.2,5.5,399.0,19175.08,12,autonomo,nao,0
23,1982.55,12.2,840.0,24412.86,48,autonomo,nao,0
36,1381.38,3.9,658.0,4333.1,6,CLT,nao,0
43,2552.22,7.5,702.0,7098.51,6,servidor_publico,nao,0
54,1635.9,4.9,463.0,3524.54,12,servidor_publico,nao,0
36,2584.92,13.0,599.0,32692.82,18,autonomo,nao,0
18,5483.09,3.5,694.0,17431.02,24,CLT,nao,0
34,2961.73,3.2,514.0,2695.52,18,aposentado,nao,0
40,4427.68,7.2,360.0,9490.56,24,servidor_publico,nao,0
46,2445.89,7.2,650.0,8231.73,24,servidor_publico,nao,0
51,3773.82,2.7,616.0,6055.0,12,CLT,nao,0
30,10472.37,4.8,750.0,19410.71,6,servidor_publico,nao,0
49,3005.9,5.6,606.0,19124.04,36,CLT,sim,0
50,4498.22,5.3,612.0,11791.61,48,CLT,nao,0
58,1539.11,4.4,683.0,6521.93,6,autonomo,nao,0
45,8400.6,0.6,713.0,6557.66,48,CLT,nao,0
60,2800.45,5.4,556.0,10183.79,48,CLT,nao,0
29,6488.54,5.6,705.0,7352.98,36,CLT,nao,0
55,3402.45,4.6,573.0,9859.75,24,CLT,nao,0
20,5096.8,2.4,621.0,14224.95,18,autonomo,nao,0
23,5266.16,8.8,680.0,3652.64,24,CLT,nao,0
62,2838.86,1.5,696.0,6046.17,6,CLT,nao,0
42,6637.88,7.3,649.0,9682.73,12,autonomo,nao,0
50,2398.4,1.5,523.0,27377.43,18,aposentado,nao,0
49,5585.13,6.7,452.0,17145.08,24,CLT,nao,0
54,2937.71,1.5,603.0,9874.1,12,CLT,nao,0
30,4412.77,6.4,707.0,12855.16,18,aposentado,nao,0
27,2823.98,10.2,660.0,9265.22,36,servidor_publico,nao,0
20,3742.42,10.2,642.0,19934.27,48,autonomo,nao,0
62,2016.1,8.7,619.0,13120.61,36,CLT,nao,0
29,4172.02,3.5,648.0,22724.98,6,CLT,sim,0
47,3730.52,2.1,531.0,4101.18,24,autonomo,nao,0
41,2705.16,3.1,690.0,5860.42,18,servidor_publico,nao,0
26,3532.41,6.9,696.0,11830.92,24,aposentado,nao,0
39,3919.43,5.3,588.0,13640.28,36,CLT,nao,0
22,2594.12,13.8,659.0,47109.03,12,CLT,nao,0
27,3392.03,2.3,466.0,3056.31,24,servidor_publico,nao,0
25,2094.24,10.6,636.0,9686.62,48,servidor_publico,nao,0
60,13228.82,3.3,608.0,9408.33,24,autonomo,nao,0
47,6519.25,1.5,733.0,11551.78,24,CLT,nao,0
66,4231.03,4.3,602.0,30534.71,48,autonomo,nao,0
40,6937.26,5.2,698.0,17493.4,6,CLT,nao,0
28,1225.88,8.2,585.0,3489.07,18,CLT,sim,0
49,891.83,2.3,414.0,26821.09,18,CLT,nao,0
66,2923.07,4.3,600.0,26339.13,6,CLT,sim,0
45,1705.8,3.5,638.0,11742.83,18,CLT,nao,0
18,3196.68,2.6,634.0,3458.02,48,CLT,nao,0
33,4076.98,9.9,635.0,8968.27,36,CLT,nao,0
66,6040.41,5.3,574.0,13422.31,6,CLT,nao,0
44,1946.82,0.3,591.0,18915.9,48,CLT,nao,0
67,4535.98,4.4,519.0,3131.32,36,aposentado,nao,0
44,3669.88,0.8,440.0,6003.4,48,autonomo,nao,0
18,4407.8,4.1,610.0,20205.51,6,CLT,nao,0
63,2735.65,0.9,553.0,26269.07,48,autonomo,nao,0
57,7791.0,5.3,717.0,13093.13,6,CLT,nao,0
55,3439.46,0.8,424.0,20879.71,6,CLT,sim,0
68,9660.5,1.5,646.0,13305.5,18,CLT,nao,0
28,2357.33,6.2,811.0,18508.87,36,servidor_publico,nao,0
65,5478.33,3.5,604.0,10876.17,48,CLT,sim,0
30,3523.4,1.0,620.0,13520.56,24,servidor_publico,nao,0
68,3040.39,9.5,658.0,4473.13,6,autonomo,nao,0
27,5155.26,2.5,665.0,15825.68,48,CLT,nao,0
46,3088.54,2.9,583.0,4385.11,12,servidor_publico,nao,0
59,842.12,3.1,529.0,15814.15,36,CLT,nao,1
22,675.48,5.6,679.0,7440.26,12,autonomo,nao,0
21,7330.74,2.7,448.0,12587.91,24,autonomo,nao,0
62,7162.7,3.2,695.0,5327.74,6,CLT,nao,0
21,10280.84,7.7,585.0,7134.19,48,CLT,nao,0
49,3606.02,7.0,620.0,12571.42,6,servidor_publico,nao,0
66,1788.35,3.0,573.0,16160.34,48,CLT,nao,0
49,2890.63,3.1,749.0,20150.09,48,servidor_publico,nao,0
43,3663.9,0.2,642.0,4686.55,6,CLT,nao,0
39,2092.53,4.0,591.0,3730.37,36,CLT,nao,0
51,9015.64,6.4,589.0,5250.35,18,CLT,nao,0
47,12478.05,2.6,607.0,4951.05,12,CLT,nao,0
44,4736.5,8.6,836.0,27403.85,12,aposentado,nao,0
25,3619.26,0.7,501.0,23650.4,12,CLT,nao,0
52,1786.06,1.6,717.0,5178.13,48,autonomo,sim,0
56,8523.13,8.1,671.0,30082.56,6,CLT,sim,0
54,3797.01,6.2,759.0,22750.08,18,CLT,nao,0
21,3105.59,0.6,677.0,3431.52,18,CLT,nao,0
54,4744.05,0.8,620.0,5066.21,18,autonomo,nao,0
55,2638.22,5.4,712.0,3366.0,12,autonomo,nao,0
27,3947.28,4.6,641.0,9355.52,24,CLT,nao,0
62,1646.89,2.8,688.0,10009.78,48,aposentado,nao,0
45,6620.31,8.4,749.0,9997.61,36,CLT,nao,0
42,3437.76,2.0,628.0,2650.83,12,servidor_publico,nao,0
55,6886.65,0.4,582.0,3913.92,48,CLT,nao,0
44,3259.65,5.6,562.0,11720.57,18,autonomo,nao,0
46,3378.17,6.5,661.0,14830.55,12,CLT,nao,0
34,1869.12,2.1,541.0,2662.77,36,CLT,nao,0
66,5529.58,1.2,589.0,4303.85,48,servidor_publico,sim,0
68,2249.11,0.4,533.0,19236.57,12,autonomo,nao,0
24,2786.29,3.4,666.0,4465.65,12,CLT,nao,0
56,3643.05,4.4,552.0,9803.02,36,autonomo,nao,0
19,3891.98,6.9,504.0,4197.72,18,CLT,nao,0
37,1424.6,4.6,520.0,16991.41,36,CLT,nao,0
68,3206.89,2.3,569.0,2667.67,18,autonomo,sim,0
27,5638.52,4.0,577.0,8120.13,6,servidor_publico,nao,0
37,2956.95,7.1,643.0,18236.84,18,CLT,nao,0
29,3217.62,4.4,605.0,14713.47,48,autonomo,nao,0
55,3981.14,6.4,653.0,7319.72,48,servidor_publico,nao,0
42,3397.25,1.3,661.0,6284.59,18,autonomo,sim,0
48,2065.68,5.5,687.0,8506.77,36,CLT,nao,0
67,3568.89,4.6,448.0,4280.91,6,CLT,nao,0
45,6290.15,2.7,519.0,9274.23,12,CLT,nao,0
56,2042.34,7.2,670.0,9378.08,36,CLT,sim,0
23,2963.23,12.1,639.0,7542.68,6,autonomo,nao,0
29,1702.93,0.6,708.0,18962.64,36,CLT,nao,0
67,6110.48,2.8,481.0,4935.38,48,CLT,nao,0
62,3460.62,3.3,577.0,3268.7,6,autonomo,nao,0
52,2281.05,3.5,593.0,7034.22,24,CLT,nao,0
37,3830.48,2.1,635.0,10727.85,18,autonomo,nao,0
28,1878.11,0.7,623.0,9233.81,24,autonomo,nao,0
62,2062.3,2.9,662.0,8970.93,48,autonomo,nao,0
58,1630.96,3.3,610.0,4759.33,6,CLT,nao,0
30,2024.89,2.7,744.0,5225.73,36,CLT,nao,0
48,7681.24,3.3,772.0,7205.32,12,CLT,nao,0
50,2432.77,4.1,519.0,6845.33,24,autonomo,sim,0
42,4705.2,3.0,624.0,20206.42,18,autonomo,nao,0
66,2298.55,2.0,692.0,11749.26,24,autonomo,nao,0
24,5528.9,3.4,673.0,7001.18,36,CLT,nao,0
31,2070.73,4.3,583.0,20166.1,24,autonomo,nao,0
22,3720.36,3.6,643.0,13227.87,18,CLT,sim,0
54,3748.34,12.6,477.0,4095.31,24,CLT,nao,0
51,13099.02,4.5,618.0,1203.41,24,CLT,nao,0
69,5149.91,3.5,489.0,4179.5,6,servidor_publico,nao,0
46,2627.8,1.8,666.0,14569.82,24,autonomo,nao,0
25,5306.97,1.8,520.0,17667.2,18,servidor_publico,nao,0
41,11801.67,2.7,635.0,3363.88,6,autonomo,sim,0
22,1485.79,2.8,649.0,15185.84,24,servidor_publico,nao,0
52,2290.75,2.7,627.0,14816.27,24,autonomo,nao,0
53,3196.16,4.7,563.0,24508.55,36,autonomo,sim,0
62,2894.6,7.0,601.0,18356.82,18,CLT,nao,0
35,3032.02,5.6,726.0,23830.55,36,autonomo,nao,0
34,1776.98,5.2,582.0,13594.73,12,autonomo,nao,0
21,7880.73,1.6,622.0,13302.39,24,CLT,nao,0
39,1664.97,7.8,570.0,7948.71,48,CLT,nao,0
42,3261.31,1.8,712.0,16867.88,24,CLT,nao,0
57,6471.78,4.2,627.0,4162.77,36,CLT,sim,0
57,3581.0,5.0,551.0,9044.03,18,autonomo,nao,0
25,2124.59,7.9,621.0,14057.68,36,CLT,nao,0
32,1734.07,11.1,598.0,24719.3,48,servidor_publico,nao,0
44,3208.31,2.6,745.0,7254.23,48,CLT,sim,0
35,2400.98,4.0,616.0,18550.98,48,autonomo,nao,0
19,4076.02,7.4,496.0,8706.58,12,autonomo,sim,0
61,1684.46,11.7,665.0,18799.55,48,autonomo,nao,0
56,5694.01,2.8,781.0,5878.88,18,CLT,nao,0
45,3879.85,1.7,728.0,15865.17,48,CLT,nao,1
34,4041.66,1.0,521.0,9302.43,6,CLT,sim,0
61,8043.28,0.6,596.0,4581.05,48,autonomo,nao,0
19,2861.82,1.9,617.0,8958.49,12,CLT,sim,0
41,2442.56,6.5,618.0,23367.75,12,CLT,nao,0
59,2693.86,6.7,654.0,5102.66,24,servidor_publico,nao,0
67,3275.12,4.5,589.0,3771.37,24,autonomo,nao,0
31,3463.27,2.7,538.0,12825.4,6,CLT,nao,0
51,2305.65,4.7,706.0,3325.69,24,CLT,nao,0
27,1196.68,3.6,519.0,27342.04,36,autonomo,nao,0
24,2674.42,2.8,548.0,26897.92,18,servidor_publico,nao,0
36,4437.76,4.4,518.0,19436.0,24,autonomo,nao,0
64,3924.3,2.6,675.0,9825.14,48,CLT,nao,0
53,7042.76,4.4,630.0,29203.1,12,servidor_publico,nao,0
43,10673.48,4.9,700.0,23731.08,12,CLT,nao,1
32,5528.29,5.8,549.0,7000.47,48,CLT,nao,0
25,7788.37,0.8,507.0,25216.24,6,CLT,nao,0
32,5550.96,7.8,580.0,5472.07,12,CLT,nao,0
25,9324.91,3.3,604.0,8707.4,12,CLT,nao,0
27,10076.58,11.2,639.0,3084.82,36,CLT,nao,0
53,6143.44,6.5,469.0,10881.84,6,CLT,nao,0
24,5369.6,1.7,663.0,8172.82,18,CLT,nao,0
20,3252.31,5.3,540.0,7376.61,18,servidor_publico,nao,0
46,3559.11,7.4,562.0,8886.82,6,autonomo,nao,0
32,3023.56,3.0,726.0,6790.61,6,autonomo,sim,0
41,5123.99,1.6,424.0,10168.89,18,autonomo,nao,1
25,2449.91,1.4,649.0,22795.53,6,autonomo,nao,0
28,3277.68,1.0,649.0,4963.15,48,CLT,sim,0
40,996.91,0.4,546.0,17337.77,18,servidor_publico,nao,0
53,9392.81,3.3,580.0,11383.35,6,CLT,nao,0
39,3225.16,1.5,730.0,12621.82,24,CLT,sim,0
46,4677.73,2.1,797.0,9701.53,36,servidor_publico,nao,0
45,8117.54,11.4,716.0,6208.6,24,CLT,nao,0
31,4294.8,4.9,790.0,13215.71,24,CLT,nao,0
32,8057.75,1.7,558.0,13866.7,6,servidor_publico,nao,0
40,1839.12,14.9,478.0,5882.25,36,CLT,nao,0
19,13609.96,4.4,615.0,4146.27,48,CLT,nao,0
53,6620.4,14.0,692.0,10461.43,18,aposentado,nao,0
49,4084.94,9.6,453.0,16164.43,6,servidor_publico,nao,0
33,7972.82,4.5,537.0,19021.18,12,servidor_publico,nao,0
37,1914.57,3.3,547.0,21637.0,24,CLT,nao,0
35,3106.53,6.4,652.0,12599.39,24,servidor_publico,nao,0
51,8057.33,4.2,640.0,8340.78,48,autonomo,nao,0
57,1303.9,2.5,550.0,9883.28,18,autonomo,nao,0
23,4955.49,2.3,636.0,4411.35,48,CLT,nao,1
39,4879.01,7.1,517.0,6350.45,12,autonomo,nao,0
18,10754.44,1.7,582.0,9560.45,24,CLT,nao,0
41,1524.43,7.0,506.0,8322.22,24,servidor_publico,nao,0
30,8824.59,3.7,606.0,10507.1,12,autonomo,nao,1
35,2676.57,0.8,548.0,4049.53,18,autonomo,nao,0
41,2847.35,7.4,682.0,4682.3,36,CLT,nao,0
34,1859.19,1.7,618.0,16385.23,24,CLT,nao,0
38,2001.56,1.9,600.0,5757.89,24,CLT,nao,0
57,4545.7,3.1,779.0,6377.18,24,servidor_publico,nao,0
60,1974.79,3.5,654.0,10527.78,36,autonomo,nao,0
18,5470.67,4.5,587.0,5403.1,48,CLT,nao,0
37,2528.47,7.2,567.0,20314.99,18,CLT,nao,0
62,1868.39,7.0,514.0,4372.37,18,CLT,nao,0
45,2723.59,2.3,614.0,9906.94,48,CLT,nao,0
28,4381.69,2.4,648.0,6084.01,18,CLT,nao,0
48,3125.83,6.6,448.0,10954.68,48,CLT,nao,0
25,3710.11,1.5,497.0,7162.74,48,CLT,nao,0
19,5339.64,3.7,574.0,9746.14,36,autonomo,nao,0
50,6603.35,9.1,521.0,21891.04,36,CLT,nao,0
44,3070.05,2.6,624.0,6330.66,48,CLT,sim,0
57,2050.17,1.0,636.0,6296.5,12,autonomo,sim,0
35,3796.56,1.7,609.0,8059.96,18,CLT,nao,0
62,4716.67,1.8,670.0,25799.56,24,CLT,nao,0
39,1630.43,1.6,567.0,9336.32,12,CLT,nao,0
56,2230.91,2.9,616.0,22075.68,24,CLT,nao,0
23,2451.48,13.9,530.0,8822.03,24,autonomo,nao,0
23,3247.69,5.2,646.0,21445.37,24,CLT,nao,0
58,2395.7,3.2,627.0,12897.7,24,servidor_publico,nao,0
61,5371.55,3.4,512.0,14192.49,6,CLT,nao,0
67,1505.95,2.0,606.0,3892.28,18,autonomo,nao,0
34,1527.14,3.4,617.0,3534.42,48,aposentado,sim,0
19,3030.13,8.9,645.0,19843.48,12,CLT,nao,0
68,3305.66,3.8,649.0,19683.8,18,autonomo,nao,0
49,1635.9,7.0,555.0,47760.1,24,CLT,nao,0
30,2607.87,6.4,689.0,3767.36,24,CLT,nao,0
57,2920.25,13.4,667.0,13572.07,12,autonomo,nao,0
65,2932.72,6.3,555.0,5087.37,6,CLT,nao,0
32,3958.16,12.8,517.0,6115.67,36,servidor_publico,sim,0
58,2530.4,7.3,562.0,7140.51,24,autonomo,nao,0
58,8207.55,4.5,488.0,12689.51,48,autonomo,nao,0
44,4762.43,1.9,639.0,6427.77,48,autonomo,nao,0
50,2335.75,6.9,727.0,10116.03,6,servidor_publico,nao,0
32,3835.22,7.4,748.0,16997.51,18,CLT,nao,0
66,3897.96,7.5,522.0,20602.81,36,autonomo,sim,0
69,7101.75,0.2,691.0,15524.63,12,CLT,nao,0
69,2617.02,2.5,628.0,13276.01,12,CLT,nao,0
56,5552.68,5.1,404.0,9026.66,6,CLT,nao,0
20,3725.74,2.7,590.0,6837.62,24,CLT,nao,0
37,8269.77,2.3,580.0,14049.72,18,CLT,nao,0
41,7405.59,2.0,729.0,4998.58,48,autonomo,sim,0
67,4057.57,0.8,542.0,10693.95,48,autonomo,sim,0
46,3151.85,4.9,671.0,4918.75,6,servidor_publico,nao,0
45,4810.87,2.2,610.0,9635.11,48,autonomo,nao,0
25,3296.95,2.6,490.0,4989.49,6,servidor_publico,nao,0
59,9174.37,3.2,570.0,7628.4,36,servidor_publico,nao,0
35,3801.53,5.5,758.0,6378.13,48,servidor_publico,sim,0
22,2912.88,4.4,604.0,5897.23,18,CLT,nao,0
69,2827.68,4.3,702.0,9350.81,6,CLT,nao,0
27,1868.39,0.3,697.0,2047.82,6,CLT,sim,0
18,4944.88,7.1,580.0,3066.8,18,CLT,sim,0
22,2319.24,10.7,504.0,16687.47,48,servidor_publico,nao,0
41,6660.71,4.2,516.0,10892.84,18,CLT,nao,0
23,1788.06,1.4,751.0,6184.56,18,servidor_publico,nao,0
61,3904.88,2.4,634.0,18639.48,6,CLT,nao,0
44,6854.24,1.5,464.0,6532.43,24,servidor_publico,nao,0
34,1114.61,9.9,695.0,6789.95,12,CLT,nao,0
18,11048.46,2.6,459.0,5947.94,36,CLT,nao,0
42,2881.58,4.3,546.0,34176.8,36,servidor_publico,nao,0
25,3934.75,3.1,627.0,11531.25,36,CLT,nao,0
68,4985.54,5.3,847.0,11239.75,24,autonomo,nao,0
33,5428.24,1.8,693.0,13402.02,24,CLT,nao,0
42,4232.87,4.2,577.0,2968.28,18,servidor_publico,nao,0
18,6301.62,2.6,623.0,6727.07,36,autonomo,nao,0
24,4843.97,7.7,703.0,13302.95,36,servidor_publico,sim,0
28,9590.08,0.4,748.0,9870.73,12,CLT,nao,0
20,4852.65,2.8,598.0,41503.05,12,autonomo,nao,0
55,10727.33,7.2,600.0,6989.23,36,CLT,sim,0
67,5976.52,6.7,545.0,18270.97,18,autonomo,nao,0
69,1348.62,0.9,680.0,16712.34,12,autonomo,nao,0
31,15307.63,6.2,712.0,10859.91,48,CLT,nao,0
59,2654.76,1.6,446.0,12220.4,48,autonomo,nao,1
44,8287.88,2.1,584.0,8195.74,36,CLT,nao,0
20,3695.0,7.0,511.0,2744.74,18,CLT,nao,0
22,6526.33,2.8,634.0,12418.83,24,autonomo,nao,0
46,2493.24,0.8,509.0,13075.28,48,autonomo,nao,0
40,5136.67,1.3,501.0,14482.11,24,autonomo,sim,0
18,3167.65,3.7,721.0,10311.47,36,aposentado,nao,0
66,8677.18,2.7,605.0,18597.1,48,CLT,nao,0
55,4634.43,2.7,615.0,5637.0,36,aposentado,nao,0
44,6092.22,5.2,659.0,25705.29,24,autonomo,nao,0
69,1107.39,4.6,707.0,5207.5,18,CLT,nao,0
68,3473.56,2.9,582.0,9227.14,18,autonomo,sim,0
68,4563.31,6.7,584.0,15406.86,36,CLT,nao,0
31,4117.45,5.3,585.0,7081.78,18,aposentado,nao,0
63,6177.3,4.4,717.0,16104.49,12,CLT,nao,0
44,2977.24,2.4,614.0,7920.34,12,CLT,nao,0
55,3739.97,7.5,594.0,10687.03,24,autonomo,nao,0
62,6972.12,2.6,655.0,8797.88,48,CLT,nao,0
26,1039.73,2.8,785.0,6802.66,18,CLT,nao,0
41,5034.87,10.1,627.0,42753.18,24,CLT,nao,0
24,3030.14,1.7,596.0,5733.97,12,servidor_publico,nao,0
32,2204.43,1.7,795.0,2239.54,18,CLT,nao,0
39,4381.29,2.9,740.0,5870.16,18,CLT,nao,0
62,7151.65,1.4,727.0,10778.86,18,CLT,nao,0
62,6448.02,1.4,575.0,7746.88,48,servidor_publico,nao,0
38,3380.19,9.9,566.0,19188.65,48,servidor_publico,nao,0
35,5893.81,2.9,455.0,18740.07,12,servidor_publico,nao,0
45,5868.99,4.5,707.0,8046.93,18,CLT,nao,0
65,3470.12,1.0,627.0,3316.12,6,CLT,nao,0
68,2486.93,1.6,458.0,4298.21,36,servidor_publico,nao,0
29,2567.33,10.8,728.0,9692.12,36,CLT,nao,0
27,5772.26,1.4,590.0,3579.82,48,CLT,nao,0
54,3557.52,4.6,601.0,7792.66,24,servidor_publico,nao,0
33,2047.96,0.1,484.0,24930.49,48,CLT,nao,0
28,1441.34,0.9,664.0,12367.68,6,CLT,nao,0
19,5753.18,2.8,665.0,10195.32,18,CLT,nao,0
38,2695.32,6.6,616.0,5031.62,18,CLT,nao,0
38,4366.48,3.6,582.0,11138.13,36,aposentado,nao,0
47,7200.02,3.1,856.0,8366.24,12,CLT,nao,0
28,1772.4,5.6,512.0,11557.78,12,CLT,nao,0
55,3551.67,4.1,555.0,15876.79,6,CLT,nao,0
53,3314.69,0.7,684.0,17743.6,48,CLT,nao,0
42,4486.64,3.4,529.0,10762.02,18,autonomo,nao,0
27,7197.85,2.4,522.0,13804.5,6,autonomo,nao,0
44,1752.51,3.0,722.0,7095.48,12,autonomo,nao,0
53,4981.01,2.4,674.0,20664.45,24,CLT,nao,0
37,6421.06,3.4,664.0,5560.09,18,CLT,nao,0
31,3286.22,4.7,636.0,8648.54,24,CLT,nao,0
44,3375.86,1.1,558.0,22110.36,6,servidor_publico,nao,1
36,4583.17,2.0,597.0,7236.69,48,servidor_publico,nao,0
38,4401.27,5.5,613.0,4140.16,36,CLT,nao,0
36,5015.53,5.9,696.0,7578.06,12,servidor_publico,nao,0
33,4957.74,8.9,658.0,24455.91,18,servidor_publico,sim,0
55,2121.58,3.6,536.0,2262.04,6,servidor_publico,nao,0
41,6276.99,1.9,691.0,10578.25,6,servidor_publico,nao,0
42,6916.95,2.0,469.0,6554.44,48,aposentado,nao,0
51,4033.32,3.5,591.0,8875.39,6,CLT,nao,0
36,1600.73,1.6,517.0,7890.75,18,CLT,sim,1
23,3418.27,8.5,543.0,18477.59,48,aposentado,sim,0
62,4051.83,2.3,793.0,10249.41,12,autonomo,nao,0
20,1940.05,7.7,488.0,19088.62,36,autonomo,nao,0
47,2986.7,1.4,546.0,22803.87,6,CLT,nao,0
31,1677.14,3.0,666.0,10091.34,48,CLT,nao,0
29,5084.8,2.6,578.0,7834.77,48,aposentado,sim,0
20,3988.92,1.0,634.0,12646.93,48,CLT,sim,0
64,1472.65,2.8,749.0,14337.32,24,autonomo,nao,0
40,4417.4,4.1,679.0,4676.76,48,CLT,nao,0
35,3529.53,0.3,578.0,11538.46,36,aposentado,nao,1
56,4836.89,5.0,608.0,8393.28,18,CLT,nao,0
20,2935.57,4.4,668.0,7530.93,48,servidor_publico,nao,0
47,2343.0,3.4,677.0,6316.28,12,CLT,nao,0
43,2382.81,5.8,622.0,6589.82,48,servidor_publico,nao,0
46,2708.11,6.0,652.0,22385.45,48,CLT,nao,0
24,3678.84,17.0,653.0,7811.91,18,servidor_publico,nao,0
67,3949.63,0.9,612.0,20815.29,12,autonomo,nao,0
30,3278.38,9.4,566.0,10776.98,6,CLT,nao,0
53,2884.69,6.8,687.0,4739.73,24,CLT,nao,0
56,3001.08,4.4,646.0,11203.7,36,autonomo,sim,0
35,14461.55,1.4,433.0,4572.67,24,autonomo,sim,0
24,2382.97,2.5,546.0,14685.92,24,CLT,nao,0
33,2678.78,2.2,577.0,8646.82,6,CLT,nao,0
59,22283.9,3.1,602.0,17255.19,6,servidor_publico,nao,0
65,4589.64,5.6,728.0,25129.68,12,autonomo,nao,0
66,1704.47,8.2,900.0,3203.58,48,autonomo,nao,0
29,5787.63,11.2,399.0,7333.85,24,CLT,nao,0
49,2207.2,2.5,647.0,4509.09,18,CLT,nao,0
25,6002.82,3.9,626.0,40250.18,24,CLT,nao,0
54,3242.08,1.7,604.0,7433.83,18,CLT,nao,0
39,2858.67,7.0,669.0,4209.83,6,servidor_publico,nao,0
55,8822.33,4.6,633.0,42455.86,24,CLT,nao,0
53,4971.72,2.9,587.0,6173.69,36,CLT,nao,0
69,6217.63,0.8,623.0,3448.83,48,CLT,nao,0
43,4624.88,3.9,670.0,4661.26,18,CLT,nao,0
35,2851.37,4.2,662.0,10862.53,12,autonomo,nao,0
45,5096.17,0.6,637.0,10195.85,48,autonomo,nao,0
26,7080.28,1.1,567.0,5747.95,18,servidor_publico,sim,0
23,3921.02,3.9,874.0,7220.79,6,CLT,nao,0
44,9807.51,10.6,652.0,10244.57,24,servidor_publico,nao,0
60,5812.51,7.5,689.0,23401.22,6,aposentado,sim,0
45,4091.19,3.0,574.0,12291.11,48,aposentado,nao,0
58,4181.05,2.6,637.0,6863.29,36,CLT,nao,0
27,3926.41,1.9,636.0,8531.53,18,CLT,sim,0
41,1829.54,1.8,448.0,16322.69,24,servidor_publico,nao,0
49,3464.97,2.8,556.0,29496.99,18,autonomo,sim,0
36,4111.95,12.7,554.0,4827.12,18,CLT,nao,0
18,2896.2,2.6,566.0,20417.98,48,servidor_publico,nao,0
21,4384.02,3.4,524.0,8076.34,36,servidor_publico,nao,0
66,3683.87,1.2,624.0,3443.53,24,autonomo,nao,0
49,5572.12,5.2,746.0,3027.67,48,CLT,nao,0
31,5243.33,3.4,632.0,23557.83,6,autonomo,nao,0
31,3991.55,2.5,514.0,25455.38,48,autonomo,nao,0
20,1716.48,1.5,527.0,6836.95,12,CLT,nao,0
67,9748.78,1.8,586.0,8622.29,12,autonomo,nao,0
23,3367.61,2.4,493.0,3107.17,24,CLT,sim,0
57,3482.52,2.5,647.0,16241.53,6,CLT,sim,0
30,3015.78,1.5,742.0,9716.23,18,servidor_publico,nao,0
35,2783.25,3.2,568.0,3608.4,18,CLT,nao,0
32,8512.0,4.0,627.0,11305.92,6,CLT,nao,0
60,7803.47,5.8,581.0,4011.28,12,servidor_publico,nao,0
19,4649.04,10.2,563.0,14219.55,18,autonomo,nao,0
36,3431.92,0.6,637.0,4896.01,6,servidor_publico,nao,0
32,5117.98,4.5,560.0,12321.43,48,CLT,nao,0
32,3791.77,2.7,547.0,6473.87,18,autonomo,nao,0
28,3279.27,0.4,474.0,2126.63,36,CLT,nao,0
65,4385.06,2.0,626.0,18911.11,12,CLT,nao,1
37,2856.53,5.4,716.0,19596.52,24,CLT,nao,0
39,4182.84,4.9,684.0,7050.41,6,CLT,nao,0
38,4073.76,3.7,754.0,11829.79,12,autonomo,nao,0
68,5072.63,1.9,559.0,13158.4,36,CLT,nao,0
35,2590.16,8.4,697.0,13437.68,18,servidor_publico,nao,0
35,5380.71,1.3,521.0,30383.02,48,aposentado,nao,1
35,2211.73,2.5,684.0,12976.8,48,CLT,sim,0
35,2657.36,2.9,768.0,7844.15,6,servidor_publico,nao,0
22,2721.92,3.2,665.0,13070.92,24,autonomo,nao,0
49,2019.03,14.3,770.0,7484.08,36,CLT,nao,0
19,6365.28,9.6,566.0,4951.22,12,CLT,nao,0
29,2136.71,4.8,608.0,21869.13,48,autonomo,nao,0
28,2478.96,3.4,538.0,14005.48,36,CLT,nao,0
33,7262.46,3.4,623.0,2951.14,12,autonomo,nao,0
57,2660.26,5.7,644.0,6346.24,6,CLT,nao,0
49,3283.03,7.4,622.0,16195.14,18,CLT,nao,0
69,2086.79,1.3,577.0,3581.42,18,autonomo,nao,0
36,5756.72,10.2,576.0,6066.84,24,CLT,nao,0
66,5800.53,4.6,651.0,55825.23,12,autonomo,nao,0
20,5466.64,2.2,606.0,7980.81,12,autonomo,nao,0
44,4893.39,3.1,516.0,20005.27,48,CLT,nao,0
59,3791.34,4.8,449.0,26246.91,48,servidor_publico,sim,1
45,2728.73,5.0,566.0,5483.38,36,CLT,nao,0
66,2325.68,1.5,496.0,11767.98,18,autonomo,sim,0
34,7401.57,3.3,545.0,37730.85,18,CLT,nao,1
19,5544.95,4.0,582.0,13342.25,12,CLT,nao,0
58,2486.63,7.4,607.0,46054.79,18,servidor_publico,sim,0
21,3721.59,8.0,560.0,6542.15,24,servidor_publico,nao,0
57,3086.94,1.1,817.0,31828.36,48,CLT,nao,0
56,1957.62,3.5,507.0,10004.98,36,CLT,sim,0
61,4014.66,2.1,729.0,7999.53,12,autonomo,nao,0
42,2897.14,4.7,605.0,15003.31,48,CLT,nao,0
64,2156.2,13.8,561.0,9205.46,6,servidor_publico,nao,0
26,1614.01,6.8,673.0,9367.77,6,CLT,nao,0
40,1540.57,5.0,579.0,13566.72,48,CLT,nao,0
24,2968.21,6.1,547.0,3056.34,12,CLT,nao,0
57,3474.47,9.2,781.0,5889.19,48,CLT,nao,0
55,2249.77,6.4,422.0,15830.88,6,servidor_publico,nao,0
59,5207.77,1.3,598.0,18854.27,12,autonomo,nao,0
57,3512.03,10.7,637.0,12483.94,36,CLT,nao,0
34,5000.47,3.8,747.0,11840.91,12,CLT,sim,0
21,3292.49,4.6,584.0,12855.44,24,CLT,nao,0
66,2361.58,8.0,859.0,18445.38,36,autonomo,nao,0
43,3876.8,13.3,688.0,3916.49,18,autonomo,nao,0
22,1818.07,2.5,407.0,7107.05,6,CLT,nao,0
66,4898.53,7.7,489.0,9429.71,36,autonomo,sim,0
69,2174.53,2.4,641.0,11240.33,24,autonomo,sim,0
41,6033.17,4.3,517.0,2511.75,48,aposentado,nao,0
58,3022.53,1.0,669.0,4370.77,36,autonomo,nao,0
19,6531.51,2.4,579.0,9790.53,36,CLT,nao,0
22,1963.64,4.2,512.0,19120.98,24,CLT,nao,0
32,2507.96,5.2,533.0,7537.34,36,servidor_publico,nao,0
52,4489.58,5.0,697.0,6415.82,18,CLT,nao,0
24,6931.1,7.0,438.0,13955.58,48,CLT,nao,0
19,9105.51,2.7,714.0,7996.46,36,CLT,nao,0
52,3724.74,3.3,717.0,17546.05,12,autonomo,nao,0
58,10004.2,3.4,590.0,8570.99,48,autonomo,nao,0
56,3104.74,2.8,494.0,4793.95,12,autonomo,nao,0
59,6662.98,1.7,670.0,24919.04,36,CLT,nao,0
59,2168.52,3.8,576.0,22119.61,48,autonomo,nao,0
49,4587.59,6.3,484.0,5318.46,18,servidor_publico,nao,0
45,1004.32,4.5,792.0,12800.09,12,CLT,sim,0
62,1964.76,2.6,540.0,8003.75,48,CLT,nao,0
36,4706.37,3.9,488.0,14800.14,36,aposentado,nao,0
23,1768.98,2.4,646.0,5601.57,18,CLT,nao,0
57,4604.65,5.3,614.0,17443.07,48,CLT,sim,0
32,5994.23,6.4,754.0,21519.58,6,CLT,nao,0
68,2763.56,6.5,586.0,5346.66,24,autonomo,nao,0
39,2136.82,3.1,587.0,10342.38,12,autonomo,nao,0
62,2805.11,2.5,650.0,21815.53,12,autonomo,nao,0
20,2140.52,7.0,638.0,5162.18,18,CLT,sim,0
52,3443.81,2.9,641.0,6407.75,24,CLT,nao,0
41,3851.24,3.8,644.0,15216.41,12,CLT,nao,0
42,3076.95,4.5,635.0,8915.55,24,CLT,nao,0
31,9144.41,3.6,583.0,3554.86,36,autonomo,nao,0
68,2451.19,5.9,695.0,8037.37,6,autonomo,nao,0
38,7826.64,1.1,588.0,30797.42,6,servidor_publico,nao,0
62,2053.54,5.0,692.0,37830.75,36,CLT,sim,0
40,3789.65,1.9,745.0,6541.32,18,CLT,sim,0
20,6979.33,2.6,559.0,5466.28,12,autonomo,nao,0
63,6783.49,4.1,836.0,7348.8,48,autonomo,sim,0
27,2889.56,0.8,556.0,31927.89,18,CLT,nao,0
32,4940.83,3.2,557.0,17109.02,6,servidor_publico,nao,0
62,4590.06,2.8,669.0,25633.5,12,autonomo,nao,0
64,2705.48,3.3,660.0,18942.12,24,CLT,nao,0
65,5109.07,2.7,626.0,4198.21,12,autonomo,nao,0
40,10141.29,3.9,694.0,5341.43,48,autonomo,nao,0
57,4719.39,2.4,643.0,6294.85,24,CLT,sim,1
35,4971.6,3.5,806.0,7049.53,6,CLT,nao,0
56,5269.47,4.1,615.0,6368.38,18,CLT,nao,0
44,1630.21,7.2,543.0,6868.65,18,CLT,nao,0
20,4689.7,8.3,570.0,15007.7,6,autonomo,nao,0
39,2081.37,1.2,662.0,10810.44,6,CLT,nao,0
42,2632.17,7.6,664.0,21869.66,6,CLT,sim,0
31,11956.95,1.7,639.0,11657.38,36,autonomo,nao,0
37,3167.53,3.5,544.0,6376.79,12,CLT,nao,0
44,2423.35,0.9,720.0,11186.92,18,servidor_publico,nao,0
20,6863.14,0.5,794.0,3705.78,6,autonomo,nao,0
25,2161.98,13.3,623.0,2202.41,48,autonomo,nao,0
57,2846.71,3.6,783.0,15034.28,48,CLT,nao,0
36,7237.12,3.0,698.0,19185.34,36,CLT,nao,0
49,3727.61,4.5,820.0,10372.2,12,autonomo,nao,0
47,1542.44,3.1,663.0,7674.45,24,CLT,sim,1
46,4910.81,6.4,632.0,4137.24,18,autonomo,nao,0
39,2927.62,4.3,696.0,21131.1,48,CLT,nao,0
43,8492.33,5.7,581.0,13631.58,24,autonomo,nao,0
60,2608.67,1.9,657.0,11959.28,6,CLT,nao,0
68,6491.02,1.0,740.0,9866.15,6,CLT,nao,0
31,9668.55,6.8,694.0,7293.79,36,CLT,nao,0
52,2280.12,4.6,617.0,4799.98,36,autonomo,nao,0
68,3273.89,1.3,638.0,11663.94,36,CLT,nao,0
18,4508.61,1.4,688.0,6974.1,12,CLT,nao,0
58,2272.1,3.9,685.0,7513.26,36,autonomo,nao,0
43,4224.53,5.4,688.0,30230.29,12,CLT,nao,0
68,3217.29,1.7,651.0,9592.62,24,autonomo,nao,0
48,3181.83,9.5,546.0,2009.37,12,CLT,nao,0
61,3740.28,5.9,560.0,6988.02,6,CLT,nao,0
26,3786.49,7.2,662.0,5161.88,36,CLT,nao,0
25,3984.37,3.8,695.0,9040.84,36,aposentado,sim,0
66,2619.26,3.6,683.0,3921.07,36,CLT,nao,0
45,2682.91,1.2,559.0,13119.57,24,CLT,nao,0
47,3411.05,2.0,606.0,8164.55,24,CLT,nao,0
26,3552.42,3.3,514.0,7264.73,36,autonomo,sim,0
29,2860.16,4.7,495.0,10908.0,24,CLT,nao,0
60,4351.03,4.1,627.0,9416.07,48,autonomo,nao,0
33,1341.95,0.6,742.0,9067.38,36,CLT,nao,0
48,2436.32,1.6,629.0,8555.06,24,autonomo,nao,0
34,3121.41,4.3,792.0,9767.3,24,servidor_publico,nao,0
31,2273.64,4.8,605.0,12370.43,48,CLT,nao,1
26,8920.07,2.6,623.0,11403.56,24,aposentado,nao,0
66,3678.92,5.5,531.0,20588.17,6,servidor_publico,nao,1
66,4012.71,5.5,589.0,6937.19,48,CLT,nao,0
23,2791.19,12.7,513.0,11553.94,6,autonomo,sim,0
36,3609.49,3.6,481.0,48531.4,12,autonomo,nao,1
47,1866.11,2.6,514.0,9637.14,12,servidor_publico,nao,0
37,3316.29,1.7,628.0,9883.12,6,autonomo,nao,0
55,2174.7,1.1,554.0,4353.78,12,autonomo,nao,0
31,3125.75,5.3,575.0,6225.53,12,CLT,nao,0
21,890.73,4.9,657.0,9235.98,24,servidor_publico,nao,0
35,1957.84,1.2,481.0,13999.05,48,CLT,nao,0
49,8145.0,5.3,627.0,15092.54,12,autonomo,nao,0
27,5748.64,4.0,696.0,12235.27,18,CLT,nao,0
60,7521.13,2.9,704.0,16691.65,36,autonomo,sim,0
18,7810.68,0.6,666.0,5168.96,36,autonomo,nao,0
21,5271.88,4.9,615.0,13599.6,48,CLT,nao,0
44,2838.19,10.3,564.0,9983.4,24,autonomo,sim,0
44,2058.05,1.9,613.0,10734.11,36,servidor_publico,nao,0
33,6841.14,4.0,769.0,7820.41,48,CLT,nao,0
31,3772.57,5.1,645.0,5326.93,18,CLT,nao,0
21,14352.98,0.3,610.0,4492.44,48,CLT,sim,0
52,2978.56,1.7,671.0,12190.8,48,CLT,nao,0
37,10776.17,0.9,624.0,13678.82,6,servidor_publico,nao,0
24,3340.13,10.3,640.0,9097.72,36,CLT,nao,0
38,7591.82,0.3,598.0,9802.29,24,autonomo,nao,0
66,9257.42,2.9,583.0,6197.26,36,CLT,nao,0
31,2074.3,4.3,710.0,13725.22,24,CLT,sim,0
64,2788.48,1.9,444.0,10294.93,12,autonomo,nao,0
31,2062.89,0.4,663.0,7803.68,18,CLT,sim,0
27,1851.09,2.9,577.0,17377.89,36,servidor_publico,sim,0
31,5254.75,1.9,449.0,15051.95,48,CLT,nao,0
34,3267.74,4.7,532.0,3647.09,6,autonomo,nao,0
24,3747.34,5.9,617.0,10218.43,12,autonomo,nao,0
48,4944.01,1.2,629.0,5308.93,12,autonomo,nao,0
35,1310.86,2.0,687.0,10836.65,24,autonomo,nao,0
55,7388.81,2.1,693.0,1275.76,6,CLT,sim,0
43,3004.9,5.9,481.0,11250.23,48,autonomo,nao,0
41,4879.61,3.7,654.0,15721.58,36,autonomo,nao,0
42,5122.47,1.3,686.0,9209.45,48,autonomo,nao,0
26,7738.31,7.2,640.0,4642.15,6,CLT,nao,0
55,3436.91,1.9,665.0,35300.09,12,CLT,nao,0
23,1132.29,2.3,446.0,20981.04,18,CLT,nao,0
55,3757.17,1.6,531.0,7008.02,36,CLT,nao,0
69,4065.89,3.9,743.0,8352.65,24,CLT,nao,0
57,2061.43,2.6,595.0,2730.75,18,CLT,nao,0
41,3948.61,8.6,820.0,13463.13,12,CLT,nao,0
34,2985.25,3.7,505.0,4064.29,12,CLT,nao,0
63,1739.73,1.6,761.0,15262.25,18,CLT,nao,0
31,5267.53,3.4,565.0,19280.75,36,servidor_publico,nao,0
43,2670.31,9.4,698.0,9455.28,48,servidor_publico,nao,0
58,2911.7,1.1,593.0,4954.77,18,CLT,nao,0
65,2823.07,4.9,630.0,22289.27,48,CLT,nao,0
65,7183.29,0.6,674.0,9911.1,12,CLT,nao,0
22,3559.93,8.2,565.0,10515.4,48,servidor_publico,nao,1
64,3802.85,2.4,692.0,5401.88,6,servidor_publico,nao,0
23,2857.35,1.6,596.0,11220.36,36,CLT,sim,0
48,4696.52,9.0,636.0,8674.19,48,CLT,nao,0
66,7647.43,3.3,382.0,4173.39,12,CLT,nao,0
52,5199.53,3.4,590.0,23647.08,36,CLT,nao,0
67,5312.28,2.4,734.0,31052.4,6,CLT,nao,0
35,5081.83,2.5,683.0,19183.99,48,autonomo,nao,0
34,1704.23,0.5,700.0,17408.98,18,CLT,nao,0
34,2248.76,4.8,625.0,31173.31,18,CLT,nao,0
36,3252.75,0.9,771.0,5009.68,48,autonomo,nao,0
53,2442.49,6.5,646.0,4970.73,48,autonomo,nao,0
41,2027.39,1.4,561.0,7560.13,12,CLT,sim,0
56,1300.24,3.6,697.0,12011.33,48,autonomo,nao,0
39,1736.12,2.1,703.0,8182.84,12,CLT,nao,0
34,3161.84,2.4,677.0,5100.05,36,CLT,nao,0
27,3504.54,2.8,584.0,9933.58,36,CLT,nao,0
46,2353.88,4.3,645.0,9308.22,24,CLT,nao,1
64,3802.48,8.9,745.0,17100.46,24,CLT,sim,0
62,2868.06,2.4,663.0,10187.85,18,autonomo,sim,0
31,6633.02,0.4,487.0,2869.91,18,servidor_publico,nao,0
42,3331.26,7.6,563.0,12715.21,24,CLT,nao,0
54,5340.01,5.3,559.0,27671.56,48,CLT,nao,0
49,4071.5,1.3,552.0,10084.98,18,CLT,nao,0
21,1683.89,1.1,430.0,18798.33,24,CLT,nao,1
48,3463.86,4.4,790.0,7127.17,36,servidor_publico,nao,0
20,1845.32,3.9,541.0,14296.03,48,CLT,nao,0
24,3430.75,10.4,548.0,6099.84,48,autonomo,nao,1
51,2416.75,4.9,445.0,8431.89,18,CLT,nao,0
23,4492.12,2.0,698.0,8475.14,48,servidor_publico,nao,0
35,1740.11,1.6,612.0,13491.95,18,CLT,nao,0
48,3670.51,3.5,588.0,5792.38,6,CLT,sim,0
52,4988.19,0.5,593.0,3819.31,6,CLT,nao,0
41,5997.98,0.8,673.0,13434.39,12,autonomo,nao,0
22,2391.58,1.2,577.0,13110.14,18,CLT,nao,0
59,3676.67,1.9,441.0,10647.88,18,autonomo,nao,0
67,4029.03,3.2,504.0,18149.12,12,CLT,nao,0
64,8526.37,5.1,499.0,8675.73,12,CLT,sim,0
56,1612.06,7.9,645.0,11883.16,6,autonomo,nao,0
38,2205.91,6.9,704.0,7883.7,48,CLT,nao,0
63,17025.28,6.2,752.0,8365.76,12,servidor_publico,nao,0
43,3133.16,2.3,473.0,12346.66,24,servidor_publico,nao,0
25,1286.85,1.7,676.0,43187.06,18,CLT,sim,0
62,2642.81,4.4,565.0,16034.43,18,autonomo,nao,1
34,794.03,4.6,883.0,14137.64,12,CLT,nao,0
66,4156.82,1.3,745.0,16362.31,6,servidor_publico,sim,1
37,5683.84,2.8,773.0,2151.55,6,autonomo,nao,0
63,2205.23,1.5,692.0,12178.97,36,CLT,nao,1
45,2810.46,0.7,654.0,17886.61,18,autonomo,sim,0
42,6051.19,4.1,584.0,10455.44,48,CLT,nao,0
33,1390.45,6.1,566.0,9623.23,6,CLT,sim,0
61,1760.12,9.7,548.0,5372.45,48,CLT,nao,0
21,3211.64,2.9,676.0,7467.26,6,CLT,nao,0
42,2407.19,0.6,760.0,5757.32,36,CLT,nao,0
37,3097.57,10.9,588.0,18952.28,48,aposentado,nao,1
46,1816.99,11.5,555.0,26267.4,6,CLT,nao,0
31,4096.44,18.6,486.0,34814.63,18,servidor_publico,nao,0
52,3354.04,13.9,642.0,5695.91,48,CLT,nao,0
38,4924.88,4.0,731.0,6409.47,36,servidor_publico,nao,0
27,4065.21,3.3,735.0,6079.62,12,autonomo,nao,0
28,4079.3,5.7,744.0,5104.81,12,autonomo,nao,0
54,1643.41,0.9,657.0,5158.64,18,servidor_publico,nao,0
31,4773.93,1.8,628.0,7079.29,18,CLT,nao,0
33,3035.17,3.0,735.0,17472.97,12,autonomo,nao,0
50,3322.16,7.1,520.0,6206.84,6,servidor_publico,nao,0
35,6480.45,7.3,580.0,19623.87,18,CLT,nao,0
38,2451.14,3.1,774.0,24073.19,18,CLT,nao,0
30,7655.28,1.0,523.0,11912.13,12,aposentado,nao,0
35,8058.33,6.0,617.0,22003.02,36,servidor_publico,nao,0
54,5508.41,0.9,677.0,4085.42,12,CLT,sim,0
45,2123.16,2.1,627.0,6885.54,48,autonomo,nao,0
69,1093.94,3.9,723.0,11193.86,6,servidor_publico,nao,0
58,6590.33,0.8,757.0,11442.64,24,CLT,nao,0
18,3870.98,1.7,663.0,25059.32,48,CLT,sim,1
37,2416.66,6.7,745.0,5170.63,12,CLT,nao,1
33,6942.79,5.7,536.0,6981.22,24,CLT,nao,0
48,2266.84,1.1,606.0,9365.25,36,CLT,nao,0
31,2883.37,4.3,836.0,7064.92,18,aposentado,nao,0
68,4859.49,0.6,795.0,5025.56,24,autonomo,nao,0
33,1973.41,5.3,505.0,7260.78,24,autonomo,nao,0
45,3428.18,1.9,619.0,8437.22,18,autonomo,nao,0
24,6627.78,2.8,632.0,25359.38,18,CLT,nao,0
65,4089.23,3.6,657.0,5099.25,18,autonomo,nao,0
65,7230.65,1.2,735.0,16812.37,6,autonomo,sim,0
59,6791.87,1.8,786.0,22626.75,18,autonomo,nao,0
36,3656.48,10.0,623.0,7092.64,12,CLT,nao,0
21,1007.06,2.7,721.0,11718.58,18,servidor_publico,nao,0
54,1981.93,3.7,678.0,14391.0,12,CLT,nao,0
40,5540.47,3.8,618.0,12928.03,24,CLT,nao,0
69,1552.1,8.1,467.0,10439.93,6,autonomo,sim,0
54,3042.15,5.9,712.0,6366.23,6,aposentado,nao,0
46,4385.96,1.3,674.0,15223.52,12,CLT,nao,0
69,8170.32,8.8,655.0,7758.95,24,CLT,nao,0
59,2653.78,11.0,532.0,10083.17,12,aposentado,nao,0
41,2555.7,1.2,796.0,11095.36,18,aposentado,sim,0
18,3537.43,2.5,634.0,17264.25,6,CLT,nao,0
22,4416.06,3.1,517.0,34653.77,18,servidor_publico,nao,1
41,3344.81,2.6,503.0,6126.87,18,servidor_publico,nao,0
47,6484.03,5.3,681.0,10241.19,12,CLT,nao,0
19,2346.01,2.8,684.0,3771.13,6,autonomo,sim,0
24,3889.7,2.2,578.0,25924.33,24,CLT,nao,0
54,4651.14,5.5,662.0,10183.28,12,servidor_publico,nao,0
57,2921.56,0.4,680.0,8145.41,18,CLT,sim,0
19,5778.16,4.0,633.0,10238.87,36,autonomo,nao,0
44,3951.8,4.8,557.0,10580.8,6,servidor_publico,nao,0
22,5618.75,8.4,707.0,6150.6,36,CLT,sim,0
55,4051.15,3.5,695.0,21422.15,18,autonomo,nao,0
61,4478.41,0.6,671.0,15049.21,24,CLT,nao,0
63,2571.35,3.7,545.0,16476.83,6,CLT,nao,0
49,2573.64,0.6,500.0,6361.34,18,servidor_publico,nao,0
50,7139.64,4.5,627.0,6141.51,18,servidor_publico,nao,0
66,5164.33,7.4,704.0,9192.95,12,autonomo,nao,0
49,2074.28,3.2,714.0,16646.79,24,servidor_publico,nao,0
41,4021.76,2.8,673.0,13713.04,24,CLT,nao,0
57,986.76,5.8,579.0,5970.02,18,CLT,nao,0
48,2655.35,4.4,548.0,15276.1,24,servidor_publico,nao,0
61,6176.86,5.5,618.0,5261.24,18,servidor_publico,nao,0
45,3398.77,13.7,619.0,6437.84,36,CLT,nao,0
63,3884.9,2.3,720.0,10965.62,12,CLT,nao,0
20,692.97,4.7,577.0,4621.81,36,autonomo,nao,0
19,2934.41,8.9,584.0,5290.7,18,CLT,nao,0
23,4385.46,9.0,805.0,27143.12,24,autonomo,nao,0
46,4702.78,5.0,760.0,24054.39,6,CLT,nao,0
54,6181.37,2.7,541.0,43840.59,6,CLT,nao,0
29,3243.34,5.5,752.0,13264.84,48,CLT,nao,0
26,3323.88,5.6,519.0,15049.45,6,autonomo,nao,0
62,1749.94,6.2,581.0,8948.83,24,aposentado,nao,0
57,3253.59,1.3,591.0,7881.02,18,CLT,nao,0
51,1819.17,10.8,613.0,17443.9,24,aposentado,nao,0
43,1317.74,8.9,676.0,23987.43,6,CLT,sim,0
39,2004.5,3.3,630.0,16503.45,12,CLT,nao,0
19,8348.0,8.3,675.0,5733.73,18,servidor_publico,nao,0
27,3137.53,3.1,584.0,12766.19,48,CLT,nao,0
64,4108.99,9.7,654.0,5999.32,18,CLT,nao,0
35,2745.11,3.7,627.0,8015.04,24,autonomo,nao,0
54,1359.94,1.6,495.0,28668.3,24,CLT,nao,0
54,6092.8,12.5,663.0,4538.14,18,servidor_publico,nao,0
34,1102.45,6.1,629.0,40524.13,36,CLT,nao,0
28,2683.46,2.9,556.0,14146.14,36,CLT,nao,0
53,3533.21,10.2,582.0,7310.21,18,CLT,nao,1
22,4133.04,5.5,584.0,10345.85,12,CLT,nao,0
43,2441.68,2.6,598.0,6340.88,12,autonomo,nao,0
64,1324.94,10.3,778.0,6936.18,48,CLT,nao,0
54,2343.5,6.2,808.0,10380.06,6,servidor_publico,nao,0
57,2411.93,4.4,375.0,7992.04,12,CLT,nao,0
22,2379.86,3.5,664.0,5396.85,12,CLT,nao,0
28,6207.62,1.5,706.0,8570.52,36,autonomo,nao,0
32,1867.8,0.2,601.0,4211.19,36,CLT,nao,0
33,4296.43,5.8,704.0,4329.99,48,CLT,nao,0
28,3972.15,1.3,769.0,4301.27,36,autonomo,nao,0
68,6174.91,1.5,497.0,29329.85,18,CLT,nao,0
26,3383.88,3.0,632.0,12882.89,6,CLT,nao,0
54,5625.82,3.1,796.0,14578.56,48,servidor_publico,nao,0
48,3311.91,1.7,509.0,9969.84,36,CLT,nao,0
49,4623.54,5.8,610.0,13753.98,6,autonomo,nao,0
29,1593.01,0.7,580.0,21253.99,48,CLT,nao,0
33,853.16,5.7,715.0,12901.29,24,servidor_publico,sim,0
49,4481.22,2.8,727.0,28744.87,24,CLT,nao,0
33,4615.39,1.7,635.0,9660.78,18,CLT,nao,0
54,4729.27,0.8,623.0,14607.54,12,CLT,nao,1
20,2727.9,4.0,465.0,15640.34,18,autonomo,nao,0
21,8261.38,1.2,748.0,5400.09,6,CLT,nao,0
55,2827.27,1.0,588.0,10175.94,18,servidor_publico,nao,0
50,4589.3,8.8,607.0,2990.14,6,CLT,sim,0
20,5049.53,0.9,707.0,9095.92,24,servidor_publico,nao,0
64,9370.36,0.7,638.0,8254.99,12,servidor_publico,nao,0
18,3058.36,5.4,710.0,7940.12,24,autonomo,nao,0
67,2542.1,4.2,674.0,7594.02,18,autonomo,nao,0
55,1597.22,2.1,638.0,13804.96,12,autonomo,nao,0
69,8550.99,1.5,648.0,5564.76,6,autonomo,sim,0
67,4590.65,1.8,519.0,33156.49,18,CLT,nao,0
34,4671.26,2.2,607.0,14312.13,6,servidor_publico,nao,0
57,20215.14,4.9,718.0,5872.72,12,autonomo,nao,0
28,4353.67,4.0,539.0,15073.45,18,autonomo,nao,0
42,1778.85,2.5,556.0,18895.03,24,CLT,sim,0
30,3269.04,2.5,541.0,12580.79,18,autonomo,nao,0
43,2129.98,5.6,634.0,5147.29,6,CLT,nao,0
63,2928.58,1.6,746.0,42371.72,36,CLT,nao,0
40,2917.77,0.7,669.0,14997.79,18,CLT,nao,0
22,2636.31,8.2,424.0,4398.74,24,autonomo,sim,0
34,1692.05,2.5,678.0,11338.11,48,CLT,nao,0
58,8741.84,11.7,580.0,8576.61,6,servidor_publico,nao,0
45,4291.39,2.2,666.0,9938.56,48,servidor_publico,nao,0
47,3216.31,3.4,607.0,4555.47,48,servidor_publico,nao,0
40,5523.13,1.5,543.0,10252.86,24,servidor_publico,nao,0
33,4717.75,4.1,614.0,5765.72,6,CLT,nao,0
49,4237.08,2.6,580.0,7885.65,12,servidor_publico,sim,0
50,5306.82,2.8,648.0,12731.55,12,CLT,sim,0
64,3919.28,3.6,540.0,7260.39,24,CLT,nao,0
50,5263.87,2.3,519.0,8194.56,36,CLT,nao,0
69,5509.4,4.0,686.0,16867.61,18,CLT,nao,0
60,3981.82,1.9,720.0,5554.77,18,CLT,nao,0
22,3225.31,3.8,672.0,6493.3,6,CLT,nao,0
38,8448.29,0.6,562.0,4378.74,48,aposentado,nao,0
38,2799.38,0.9,553.0,5797.25,48,CLT,nao,0
18,4515.28,1.5,559.0,10763.66,6,servidor_publico,nao,0
27,4571.74,1.1,700.0,14997.69,12,servidor_publico,nao,0
57,2603.84,1.2,546.0,5860.51,48,servidor_publico,sim,0
36,2334.84,4.7,700.0,14711.4,18,autonomo,nao,0
25,2997.04,2.6,677.0,10597.68,24,aposentado,nao,0
32,2777.43,2.3,731.0,4029.14,24,CLT,nao,0
32,1632.76,4.0,716.0,11086.29,24,CLT,nao,0
27,2544.47,4.2,669.0,21511.27,48,CLT,nao,0
23,4215.07,2.1,488.0,2893.18,18,CLT,nao,0
57,7304.67,6.8,675.0,36438.59,36,CLT,nao,0
60,4938.99,2.7,630.0,6655.26,18,CLT,sim,0
43,871.54,5.1,586.0,3388.29,12,aposentado,nao,0
50,5180.81,1.9,743.0,10828.92,6,CLT,nao,0
65,2678.51,3.9,606.0,16987.05,36,servidor_publico,nao,0
61,4671.31,5.4,572.0,8247.94,24,CLT,nao,0
19,3612.75,5.0,721.0,12119.12,48,autonomo,nao,0
67,3274.83,4.6,584.0,39254.8,12,CLT,nao,0
21,3441.87,1.8,568.0,11312.63,36,aposentado,nao,0
19,3596.32,1.1,519.0,68776.47,6,autonomo,nao,0
38,7626.79,0.9,546.0,22516.64,6,CLT,nao,0
56,3601.79,2.2,554.0,10234.28,24,servidor_publico,nao,0
22,6614.67,2.1,676.0,11962.11,24,CLT,nao,0
33,6105.52,4.3,528.0,8041.47,24,servidor_publico,nao,0
31,5254.68,3.3,453.0,11640.27,48,CLT,nao,0
38,1362.89,1.0,647.0,14257.13,48,CLT,nao,0
69,6728.77,6.1,563.0,7610.64,12,CLT,sim,0
35,2830.35,3.7,619.0,4036.04,12,autonomo,nao,0
28,5397.28,1.7,735.0,23361.18,24,autonomo,nao,0
24,2132.62,1.9,626.0,18634.38,48,autonomo,nao,0
28,1897.34,8.1,756.0,3939.83,36,CLT,nao,0
24,10796.89,1.1,614.0,11060.6,6,CLT,nao,0
47,2150.94,8.4,711.0,19294.92,24,CLT,nao,0
39,6838.74,2.6,571.0,18041.39,18,CLT,sim,0
43,3885.98,2.7,630.0,6303.87,6,CLT,nao,0
61,2889.78,4.0,536.0,18739.26,36,CLT,nao,0
48,3552.28,0.7,547.0,9994.73,12,autonomo,nao,0
26,1780.05,3.7,600.0,12741.76,36,autonomo,nao,0
37,3613.51,5.3,500.0,5444.33,24,CLT,nao,0
34,2007.19,2.1,634.0,622.0,18,servidor_publico,nao,0
60,2929.26,3.1,593.0,5971.4,12,servidor_publico,nao,0
33,6056.67,11.8,641.0,14027.5,12,autonomo,nao,0
25,4187.27,5.7,502.0,8659.99,18,servidor_publico,nao,0
56,1611.32,1.4,683.0,15102.63,36,CLT,nao,0
40,5815.71,2.0,773.0,20312.61,18,aposentado,nao,0
22,3626.76,2.5,754.0,7983.73,6,CLT,nao,0
53,2702.14,6.0,791.0,7488.94,6,CLT,sim,0
28,5489.94,1.4,624.0,2388.79,12,servidor_publico,nao,0
63,3321.05,5.0,588.0,3619.21,24,servidor_publico,nao,0
61,1917.71,5.0,664.0,4142.46,12,CLT,nao,0
37,10059.73,3.2,599.0,14211.62,48,servidor_publico,sim,0
46,3606.5,6.1,463.0,8035.75,12,autonomo,nao,0
47,3481.57,1.5,694.0,6993.58,18,CLT,nao,0
51,2913.74,7.0,599.0,6491.93,18,servidor_publico,nao,0
21,6967.29,0.6,488.0,5964.99,12,CLT,nao,0
34,2727.98,1.4,574.0,18038.25,48,servidor_publico,nao,1
26,1556.6,0.6,601.0,10516.23,12,servidor_publico,sim,0
54,2506.71,1.6,621.0,18851.78,6,CLT,nao,0
21,7553.2,5.1,622.0,2378.68,24,servidor_publico,nao,0
44,5754.13,4.2,743.0,13992.5,24,CLT,nao,0
55,3164.47,3.7,504.0,7226.68,18,servidor_publico,nao,0
67,7748.78,1.6,606.0,8242.37,18,autonomo,nao,0
32,5493.76,3.0,541.0,23845.17,48,autonomo,nao,0
18,3144.39,7.1,733.0,7681.71,18,servidor_publico,nao,0
55,3323.42,1.6,569.0,13625.97,24,autonomo,nao,0
18,4363.91,1.7,589.0,5106.84,48,CLT,nao,0
21,2304.14,1.8,714.0,10132.18,18,autonomo,nao,0
69,3649.98,3.6,739.0,3518.15,24,autonomo,nao,0
62,4314.27,4.7,753.0,9535.22,18,CLT,nao,0
54,1439.67,5.5,472.0,12714.72,24,CLT,nao,0
61,3280.9,2.5,663.0,20315.58,24,CLT,nao,0
21,3081.95,2.3,644.0,5816.01,48,servidor_publico,nao,0
22,6408.86,2.0,615.0,7017.58,12,autonomo,nao,0
33,1320.18,4.5,626.0,6511.47,6,servidor_publico,nao,0
19,2951.8,0.7,736.0,8390.82,18,CLT,sim,0
64,2793.46,2.8,713.0,5289.4,24,servidor_publico,sim,0
20,6173.61,2.8,701.0,2435.26,12,autonomo,sim,0
46,3554.78,5.0,639.0,5025.28,48,CLT,nao,0
62,9777.63,1.0,824.0,9587.11,24,CLT,nao,0
56,5240.74,5.3,584.0,8988.8,36,aposentado,nao,0
30,2905.55,4.3,475.0,14169.93,24,aposentado,sim,0
42,4153.94,10.1,596.0,17110.13,18,CLT,sim,0
46,2996.69,8.8,625.0,7389.32,48,servidor_publico,nao,0
57,5841.06,6.7,737.0,3530.76,6,servidor_publico,nao,0
40,1749.86,0.4,574.0,12862.77,12,CLT,nao,0
32,2314.54,1.1,664.0,9834.23,36,CLT,nao,0
59,4678.02,6.2,487.0,8366.68,48,autonomo,nao,0
64,7144.99,2.7,717.0,21878.86,12,CLT,nao,0
43,1084.55,8.8,626.0,13264.63,24,servidor_publico,nao,0
19,7753.96,3.3,595.0,10720.19,18,CLT,nao,0
44,3370.87,4.9,812.0,11009.62,36,CLT,nao,0
64,1291.9,4.7,716.0,17193.88,18,CLT,nao,0
69,698.58,3.2,526.0,6322.0,24,autonomo,nao,1
38,1570.01,6.2,610.0,5585.1,36,CLT,nao,0
25,3601.7,5.2,866.0,8499.92,36,CLT,nao,0
47,3511.35,1.2,798.0,4602.44,6,CLT,nao,0
61,5157.77,12.4,703.0,9609.21,24,CLT,sim,0
67,2691.31,1.1,454.0,10540.9,12,servidor_publico,nao,0
20,1979.46,1.7,740.0,9464.27,6,CLT,sim,0
33,2900.98,4.9,563.0,7825.0,36,CLT,nao,0
42,3708.88,4.2,739.0,28982.77,18,CLT,nao,0
23,4133.69,5.5,555.0,18241.05,36,CLT,nao,0
64,2358.92,2.6,664.0,9291.54,48,CLT,nao,0
23,5977.73,4.5,562.0,10514.05,6,autonomo,nao,0
52,2586.94,1.8,587.0,24212.49,18,autonomo,sim,0
65,2256.69,3.3,676.0,6768.53,6,CLT,nao,0
53,2701.83,8.1,501.0,5283.59,36,CLT,sim,1
57,6575.87,1.1,834.0,11469.92,48,CLT,nao,0
31,3384.5,6.5,528.0,12952.43,48,servidor_publico,nao,1
61,2484.97,2.8,523.0,13595.97,48,CLT,nao,0
39,6059.36,1.5,676.0,16950.55,12,autonomo,nao,0
21,11831.39,1.6,736.0,6147.65,12,aposentado,nao,0
37,4086.02,2.7,591.0,3962.01,48,CLT,nao,0
36,7176.83,6.7,524.0,6768.48,24,CLT,nao,0
45,6437.16,4.4,537.0,14446.35,18,autonomo,nao,0
31,2609.46,1.0,527.0,5435.83,12,servidor_publico,nao,0
42,3694.68,6.3,648.0,2815.82,6,CLT,nao,0
40,1798.31,5.6,614.0,10870.14,6,autonomo,sim,0
34,3252.83,0.6,658.0,6845.83,36,autonomo,nao,0
54,2580.13,1.4,653.0,3220.82,12,CLT,nao,0
33,2917.3,7.2,694.0,10387.86,36,autonomo,nao,0
57,2410.42,3.2,583.0,7699.59,48,CLT,sim,0
31,3109.13,6.2,554.0,29418.79,18,servidor_publico,nao,0
62,4879.16,0.3,634.0,10485.5,12,CLT,nao,0
36,3409.36,0.1,615.0,14486.25,12,CLT,nao,0
20,1305.83,5.1,643.0,9786.91,12,autonomo,nao,0
25,2415.43,2.0,556.0,6711.69,24,CLT,nao,0
59,1578.66,5.3,678.0,7208.75,36,CLT,nao,0
63,4164.01,6.3,514.0,19982.72,36,CLT,nao,0
29,4802.18,2.0,580.0,16091.76,48,autonomo,sim,0
49,4192.71,3.0,722.0,3760.82,24,CLT,nao,0
47,2361.21,2.5,518.0,4395.81,24,servidor_publico,sim,1
24,4170.41,2.0,715.0,4557.37,18,autonomo,nao,0
41,2811.4,3.8,493.0,19713.62,18,CLT,nao,0
54,1946.87,5.9,477.0,3211.86,18,autonomo,nao,0
68,5475.62,1.7,486.0,16501.67,48,CLT,nao,0
62,5709.66,1.7,631.0,12822.19,24,CLT,nao,0
23,6135.78,2.0,686.0,10888.13,12,CLT,nao,0
30,2605.57,4.9,736.0,7277.58,12,CLT,nao,0
40,6964.97,6.3,729.0,21431.16,6,servidor_publico,sim,1
25,2775.34,2.5,698.0,10654.68,48,aposentado,nao,0
47,5215.69,0.4,545.0,3870.98,12,CLT,nao,0
18,2749.02,1.3,544.0,4503.64,6,CLT,nao,0
23,3218.95,2.3,691.0,3397.88,12,CLT,nao,0
20,961.36,1.5,748.0,21595.0,18,CLT,nao,0
33,3083.89,1.0,527.0,24978.38,48,servidor_publico,nao,1
57,3828.01,3.3,736.0,20051.91,48,CLT,nao,0
27,2905.83,14.4,447.0,9017.87,12,servidor_publico,nao,0
69,9565.36,1.3,655.0,3916.11,24,CLT,nao,0
32,1921.08,3.8,611.0,4988.51,36,autonomo,nao,0
20,2670.52,4.7,602.0,5204.26,36,autonomo,sim,0
35,2213.48,5.0,623.0,9607.5,18,CLT,nao,0
56,2670.24,3.1,543.0,24387.79,12,autonomo,nao,0
23,6420.67,1.0,660.0,24325.65,36,autonomo,nao,0
21,8208.43,5.8,625.0,7205.37,18,CLT,nao,0
62,2476.41,0.7,704.0,2312.85,12,CLT,nao,0
48,2446.33,2.8,763.0,4635.3,36,CLT,nao,0
35,1926.73,2.6,631.0,21430.93,48,aposentado,nao,0
57,7468.56,1.1,546.0,11505.25,48,aposentado,nao,0
61,6744.97,2.0,518.0,7854.41,48,CLT,sim,0
36,3434.79,4.9,773.0,7506.41,24,autonomo,nao,0
47,1689.43,2.8,761.0,6075.06,36,autonomo,nao,0
18,1774.61,0.8,700.0,4525.79,12,servidor_publico,nao,0
33,3999.19,5.4,625.0,38057.03,12,CLT,sim,0
48,4925.28,9.9,693.0,30242.82,6,aposentado,nao,0
28,1168.67,0.9,737.0,5801.01,6,servidor_publico,sim,0
69,3051.17,3.0,564.0,3165.24,48,autonomo,nao,0
68,8866.74,3.1,623.0,11046.42,18,CLT,sim,0
31,3230.43,0.9,520.0,8992.5,24,CLT,sim,0
38,8261.0,7.4,608.0,14887.73,6,CLT,nao,1
27,5202.92,3.1,759.0,17248.74,12,servidor_publico,nao,0
44,2005.5,6.0,717.0,4626.16,6,autonomo,nao,0
24,3099.61,4.0,632.0,22745.93,18,servidor_publico,nao,1
38,3392.15,7.2,378.0,7867.1,24,CLT,nao,0
46,2156.23,4.0,561.0,14693.22,6,servidor_publico,sim,1
49,2135.75,2.2,629.0,8350.26,36,servidor_publico,nao,0
49,8339.2,4.6,601.0,18026.87,6,CLT,sim,0
29,2126.97,1.6,623.0,2131.34,48,CLT,nao,0
59,6588.89,4.9,642.0,15993.17,48,autonomo,nao,0
53,2863.88,1.3,572.0,5763.22,24,autonomo,nao,0
57,3589.97,2.9,619.0,10381.2,24,CLT,nao,0
42,4959.27,2.5,607.0,22226.86,36,autonomo,nao,0
64,2619.64,3.8,557.0,5872.01,12,CLT,nao,0
38,4975.83,8.0,786.0,5302.81,48,autonomo,nao,0
59,1181.41,2.0,577.0,7771.46,48,servidor_publico,nao,1
28,4637.08,5.7,417.0,7459.21,36,CLT,nao,1
30,936.65,7.3,780.0,5001.01,48,CLT,nao,0
45,3213.88,5.6,544.0,10604.96,12,autonomo,nao,0
46,5824.53,3.7,701.0,10968.81,48,autonomo,nao,0
56,5126.93,3.6,559.0,13372.32,6,CLT,nao,0
33,1782.68,1.9,671.0,5809.67,36,CLT,nao,0
63,1913.49,0.7,616.0,5358.28,12,CLT,sim,0
35,2492.97,3.2,710.0,9162.85,48,servidor_publico,nao,0
45,4033.62,7.8,601.0,8439.86,24,autonomo,nao,0
66,1190.87,8.5,561.0,8545.88,12,CLT,nao,0
46,3614.57,0.8,643.0,6249.78,12,CLT,nao,0
53,4321.19,8.3,586.0,12265.26,48,CLT,nao,0
65,3116.08,4.7,446.0,5363.59,36,CLT,sim,0
68,4860.65,4.4,566.0,9141.56,18,CLT,sim,0
43,4117.69,7.7,878.0,8110.06,12,servidor_publico,nao,0
39,2702.93,6.3,456.0,9684.21,6,servidor_publico,nao,0
28,1255.26,1.3,642.0,21384.58,6,CLT,nao,0
45,3918.16,1.7,598.0,4211.5,6,servidor_publico,nao,0
65,2155.57,0.6,785.0,2091.5,12,autonomo,nao,0
43,2648.93,4.2,520.0,6726.27,12,autonomo,nao,0
36,4738.7,1.5,629.0,4682.8,6,servidor_publico,sim,0
23,7938.93,2.1,682.0,1396.73,36,CLT,sim,0
38,3565.53,7.1,604.0,30795.63,48,autonomo,nao,0
30,4938.1,4.6,551.0,14240.02,48,CLT,nao,0
68,1645.07,4.7,618.0,15270.1,48,servidor_publico,nao,0
45,4167.36,12.2,592.0,8220.99,6,CLT,nao,0
25,3522.94,0.1,592.0,13010.75,6,autonomo,nao,0
21,7158.64,1.5,704.0,7519.72,48,CLT,nao,0
62,2704.7,2.5,656.0,16802.93,6,CLT,nao,0
66,3187.84,1.6,670.0,11191.31,36,CLT,nao,0
57,6518.16,5.9,650.0,9664.92,6,autonomo,nao,0
24,3461.24,2.7,706.0,10150.75,6,CLT,nao,0
23,1978.59,1.2,737.0,25656.24,36,CLT,nao,0
28,14815.04,4.0,594.0,11034.31,36,CLT,sim,0
57,2011.78,4.5,694.0,5068.27,6,CLT,nao,0
57,3513.67,1.3,503.0,12314.39,6,CLT,nao,0
61,4405.81,2.8,417.0,13600.7,48,CLT,nao,0
23,4218.31,4.5,784.0,9008.63,12,CLT,nao,0
25,3280.14,7.4,590.0,9567.56,48,aposentado,nao,0
64,3289.14,1.8,643.0,4949.09,24,CLT,nao,0
66,3199.62,4.9,510.0,10541.75,48,CLT,nao,0
55,1970.88,2.0,506.0,4494.4,48,servidor_publico,nao,0
23,11880.11,3.4,556.0,8408.48,24,CLT,nao,0
21,3226.02,1.4,678.0,6405.68,6,servidor_publico,sim,0
20,5055.9,4.8,574.0,18748.88,48,CLT,nao,0
53,3028.86,6.5,590.0,27104.72,18,CLT,nao,0
61,2995.54,2.9,553.0,4704.1,12,aposentado,sim,0
50,2834.17,2.6,725.0,9867.45,24,CLT,nao,0
31,1552.44,2.4,698.0,8089.05,18,servidor_publico,sim,0
57,3333.1,1.1,576.0,13384.93,36,CLT,nao,0
21,2910.69,5.5,682.0,10536.04,12,CLT,sim,0
61,6935.01,7.3,598.0,7694.08,48,CLT,nao,0
64,1885.25,1.7,590.0,10518.99,6,CLT,nao,0
55,2650.67,3.8,616.0,8608.25,18,autonomo,nao,0
63,2221.32,4.7,678.0,27804.06,48,CLT,nao,0
48,8049.71,2.0,540.0,5908.4,48,CLT,nao,0
42,2257.08,8.5,665.0,11700.26,36,CLT,nao,0
34,4960.52,3.8,845.0,13783.97,24,autonomo,nao,0
65,6207.97,0.8,636.0,13160.96,24,CLT,nao,0
54,3359.79,6.8,623.0,8154.88,12,CLT,nao,0
27,1707.45,3.0,612.0,24085.81,12,CLT,sim,0
67,1719.37,2.3,663.0,2545.86,24,autonomo,nao,0
21,5842.24,5.2,475.0,4860.72,12,servidor_publico,nao,0
48,1820.15,2.1,773.0,15234.54,12,CLT,nao,0
27,4517.05,8.1,708.0,5585.5,36,CLT,nao,0
52,3877.29,7.0,562.0,5377.44,36,CLT,nao,0
39,4480.2,8.9,623.0,7305.06,18,autonomo,nao,1
40,4719.09,11.8,570.0,5939.21,12,CLT,nao,0
52,2178.69,4.7,647.0,14974.56,12,CLT,nao,0
57,2129.11,3.2,626.0,17816.19,12,autonomo,nao,0
37,5394.9,2.0,641.0,10481.9,12,CLT,nao,0
69,2575.66,5.0,527.0,19643.61,48,CLT,nao,0
43,802.25,11.5,577.0,4019.12,12,servidor_publico,nao,0
26,5202.09,1.1,723.0,10397.57,48,servidor_publico,sim,0
18,2059.17,4.1,572.0,23769.77,24,autonomo,sim,0
28,4707.56,0.8,382.0,18675.29,18,CLT,nao,0
53,7832.62,0.8,606.0,25174.61,12,CLT,nao,0
46,3674.67,7.4,837.0,6744.42,36,CLT,nao,0
35,6296.01,6.6,696.0,17964.87,48,autonomo,sim,0
43,3962.33,1.9,567.0,7499.53,48,servidor_publico,nao,0
61,8717.49,1.3,615.0,14571.89,36,CLT,nao,0
47,2030.1,9.1,681.0,23203.77,6,CLT,sim,0
21,3624.54,1.4,462.0,5906.78,48,CLT,nao,0
20,5272.39,1.0,543.0,2962.4,24,autonomo,sim,0
43,3278.93,1.4,656.0,32889.79,24,CLT,sim,0
39,6861.77,4.4,764.0,13592.63,12,autonomo,nao,0
62,2870.89,12.8,580.0,9231.7,24,autonomo,nao,0
48,11363.41,2.0,761.0,8907.91,36,CLT,nao,0
57,11698.41,7.4,552.0,2533.8,24,servidor_publico,nao,0
48,4251.98,3.6,315.0,11335.28,6,servidor_publico,nao,1
35,4934.13,0.4,687.0,7010.28,36,autonomo,sim,0
52,7012.29,2.1,669.0,10240.53,36,CLT,nao,0
50,1895.13,6.7,686.0,10093.94,36,CLT,nao,0
55,1769.41,6.4,683.0,1101.53,12,CLT,nao,0
27,7266.5,1.8,637.0,13608.87,12,CLT,nao,0
51,4233.12,5.5,597.0,11190.61,18,CLT,sim,0
32,3214.48,3.0,600.0,12211.4,48,servidor_publico,nao,0
59,3663.29,4.3,579.0,8784.79,36,CLT,nao,0
59,980.12,7.6,584.0,10216.92,6,CLT,nao,0
50,3278.66,1.9,457.0,11073.67,6,servidor_publico,sim,0
67,2406.25,2.4,511.0,11828.55,6,autonomo,sim,1
45,6032.64,7.7,605.0,13482.27,48,CLT,nao,0
19,6293.46,12.0,418.0,11894.08,48,aposentado,nao,0
49,4999.9,6.1,439.0,32936.07,12,CLT,nao,0
58,4525.59,4.1,590.0,6173.93,48,autonomo,nao,0
23,1597.92,6.1,608.0,7756.45,24,CLT,nao,0
23,5038.45,2.1,592.0,29745.16,12,autonomo,nao,0
32,5147.0,3.4,406.0,8950.89,36,autonomo,nao,0
61,7221.77,0.8,760.0,18134.38,6,autonomo,sim,0
45,11672.79,2.1,491.0,10808.39,6,CLT,nao,0
68,1435.25,4.5,546.0,8534.93,12,servidor_publico,nao,0
63,2940.51,3.8,506.0,18789.65,24,CLT,sim,0
46,2420.56,0.3,737.0,13862.94,48,servidor_publico,nao,0
53,4003.32,2.7,658.0,3651.5,24,CLT,nao,0
35,3667.89,3.7,577.0,11078.6,18,CLT,nao,0
22,3201.12,3.8,571.0,5183.37,24,servidor_publico,nao,0
38,6407.23,1.0,636.0,22612.3,6,autonomo,nao,0
48,1986.68,5.5,508.0,30940.88,24,CLT,nao,0
27,2053.67,10.9,654.0,33459.2,36,autonomo,nao,0
29,2072.84,6.0,571.0,12486.26,18,CLT,nao,0
18,2986.39,3.4,667.0,7331.83,24,CLT,nao,0
56,1852.47,9.3,664.0,12199.41,12,CLT,sim,0
64,3544.97,2.1,567.0,5373.2,48,CLT,nao,0
61,3324.19,5.0,435.0,45459.37,12,CLT,sim,1
37,2362.36,3.1,598.0,21511.27,6,autonomo,nao,0
48,5887.41,9.3,490.0,12063.53,48,autonomo,nao,0
67,3523.73,1.4,627.0,18922.03,24,CLT,nao,1
48,6531.92,1.4,597.0,7189.52,18,autonomo,nao,0
33,3270.58,7.9,567.0,4816.62,36,CLT,nao,0
35,3592.82,4.8,503.0,2348.16,12,aposentado,nao,0
55,2671.7,8.3,727.0,10446.13,12,servidor_publico,sim,0
41,3626.87,1.6,579.0,8644.68,6,servidor_publico,nao,0
61,5386.91,1.8,832.0,13870.76,24,servidor_publico,nao,0
62,2903.77,4.2,623.0,9981.59,36,autonomo,nao,0
19,4842.21,0.8,652.0,13467.38,48,CLT,sim,0
55,2328.52,4.0,624.0,16767.61,24,servidor_publico,sim,0
37,5527.43,2.4,651.0,3831.0,6,autonomo,nao,0
45,2646.65,3.1,718.0,17409.74,12,CLT,nao,0
31,5816.33,5.5,719.0,7598.63,12,CLT,nao,0
37,3765.13,5.7,461.0,13855.34,48,CLT,sim,0
35,8404.52,10.5,697.0,19234.24,24,CLT,nao,0
20,1929.98,7.1,665.0,19320.29,48,aposentado,nao,0
58,1616.64,0.4,623.0,10763.86,48,CLT,sim,0
25,2594.32,1.6,774.0,11114.54,48,CLT,nao,0
37,1700.14,1.7,778.0,17672.11,12,CLT,nao,0
28,1701.89,6.6,701.0,3730.27,24,autonomo,nao,0
26,5124.83,9.5,571.0,5331.96,6,autonomo,nao,0
37,3632.59,1.1,513.0,8254.25,18,autonomo,sim,0
65,2796.64,6.7,688.0,4161.72,12,CLT,nao,1
67,2942.96,3.4,742.0,8294.8,6,servidor_publico,nao,0
37,2621.55,3.1,437.0,8005.41,6,CLT,nao,0
44,9024.54,2.0,718.0,10473.66,18,CLT,nao,0
69,2429.58,2.7,597.0,9537.87,6,CLT,nao,0
30,1759.57,4.0,457.0,19832.49,24,CLT,nao,0
67,5641.06,2.2,662.0,14363.61,12,CLT,nao,0
23,3233.55,4.6,702.0,9450.56,12,autonomo,nao,0
29,11173.78,3.1,588.0,7969.52,6,CLT,nao,0
35,2725.99,2.8,525.0,9595.86,18,servidor_publico,nao,0
19,5798.13,5.3,774.0,9706.88,12,CLT,nao,0
60,6602.53,4.3,560.0,50878.29,24,CLT,nao,0
62,2733.3,0.3,724.0,3837.62,48,autonomo,nao,0
37,2419.69,4.8,484.0,5420.38,36,autonomo,nao,0
61,5473.93,4.1,657.0,4927.55,6,aposentado,nao,0
58,4994.99,7.4,655.0,11790.23,6,CLT,nao,0
59,1676.0,4.2,699.0,11490.64,48,CLT,sim,0
59,1957.38,2.6,754.0,6819.24,48,aposentado,nao,0
47,902.31,2.0,547.0,17720.48,18,CLT,sim,0
23,5051.61,0.7,667.0,12585.2,18,autonomo,nao,0
66,3152.64,3.4,497.0,18210.71,18,CLT,nao,0
49,3330.3,1.7,496.0,21638.84,24,CLT,nao,0
64,1436.13,8.1,568.0,2477.04,12,aposentado,nao,0
67,1990.31,3.5,657.0,15454.43,48,aposentado,sim,0
27,2799.29,1.3,771.0,4278.94,18,aposentado,nao,1
38,2515.49,0.5,787.0,11639.02,12,servidor_publico,nao,0
28,3884.73,0.7,588.0,9439.12,12,CLT,nao,0
20,5018.61,4.5,647.0,9704.66,48,autonomo,nao,0
68,12686.41,8.8,705.0,4523.3,12,CLT,nao,0
66,3601.09,5.2,689.0,19337.79,36,autonomo,nao,0
66,6724.22,3.1,605.0,4277.73,36,autonomo,nao,0
63,2306.57,12.1,627.0,16120.5,48,autonomo,nao,0
51,1449.22,6.0,610.0,3902.1,6,CLT,nao,0
45,2999.6,4.3,601.0,9782.92,18,CLT,nao,0
69,1512.1,2.5,589.0,31979.63,48,servidor_publico,nao,0
46,3670.45,9.1,609.0,45938.55,6,aposentado,nao,0
51,2370.25,2.7,583.0,3455.88,6,CLT,nao,1
29,1242.84,1.7,518.0,6260.72,6,CLT,nao,0
56,9459.87,3.2,698.0,7046.39,6,servidor_publico,sim,0
60,2709.02,3.7,666.0,42863.88,36,autonomo,nao,0
53,1479.28,6.3,789.0,9467.19,18,autonomo,sim,0
43,5966.97,1.7,653.0,19901.13,6,servidor_publico,nao,0
28,2438.8,1.9,582.0,12025.8,36,autonomo,nao,0
19,6631.53,2.0,564.0,4539.23,12,autonomo,nao,0
50,2432.4,3.1,624.0,2954.63,6,autonomo,nao,0
53,2704.05,1.3,670.0,6644.14,48,CLT,nao,0
58,4401.31,8.1,598.0,44621.34,24,CLT,nao,0
67,5045.59,0.7,488.0,11701.22,18,CLT,nao,0
43,5556.18,9.3,553.0,19640.38,48,autonomo,nao,0
61,3465.6,5.9,622.0,3936.87,12,CLT,nao,0
55,4869.46,1.6,687.0,8011.28,24,servidor_publico,nao,0
32,5486.77,2.9,486.0,16419.89,36,CLT,nao,0
61,4065.59,1.8,644.0,4869.48,6,autonomo,sim,0
20,3366.19,6.0,640.0,9494.06,12,CLT,nao,0
49,1644.33,8.6,579.0,5586.74,6,CLT,nao,0
66,5062.15,19.5,567.0,16935.76,24,CLT,nao,0
52,3726.39,4.9,554.0,12823.51,36,autonomo,nao,1
66,2900.13,0.7,633.0,15432.03,6,CLT,sim,0
20,7352.32,1.5,721.0,17434.37,6,CLT,nao,0
45,1660.2,4.8,728.0,8535.69,18,servidor_publico,sim,0
58,8993.16,3.0,519.0,18998.22,18,autonomo,nao,0
51,3596.62,5.9,603.0,6745.28,6,autonomo,nao,0
63,4335.69,4.3,423.0,14864.31,36,autonomo,sim,0
42,2929.91,1.6,630.0,2748.69,36,autonomo,nao,0
53,1455.51,2.6,674.0,6092.83,18,CLT,nao,0
39,3371.84,6.1,761.0,44590.32,18,CLT,nao,0
63,4376.96,4.5,459.0,14722.65,6,CLT,nao,0
24,5281.28,5.9,522.0,14726.08,12,CLT,nao,0
31,3265.22,1.0,633.0,5793.36,24,autonomo,nao,0
23,1090.19,1.7,474.0,4859.85,48,servidor_publico,sim,0
54,1559.45,7.7,635.0,8334.56,12,autonomo,sim,0
30,11255.48,1.1,676.0,9474.57,36,CLT,nao,0
34,1996.41,5.7,505.0,34351.59,24,servidor_publico,nao,0
61,7981.46,0.9,632.0,19193.19,24,CLT,nao,0
36,2178.2,3.7,511.0,10623.28,12,CLT,sim,0
25,3293.31,2.3,744.0,10329.03,48,CLT,sim,0
19,5135.15,1.6,639.0,16200.4,6,servidor_publico,sim,0
29,2319.0,3.9,562.0,4199.76,12,autonomo,nao,0
65,8740.46,7.4,509.0,2838.76,12,autonomo,nao,1
46,3795.8,1.9,655.0,16045.8,24,autonomo,sim,0
69,4691.31,0.4,742.0,10371.41,18,autonomo,nao,0
29,3142.63,3.1,551.0,4218.03,48,CLT,nao,0
36,5230.68,1.6,580.0,2535.96,12,autonomo,sim,0
26,8676.17,6.1,552.0,17694.58,24,CLT,nao,0
38,3387.31,2.3,760.0,7051.45,18,CLT,nao,0
47,9427.08,2.0,448.0,12838.06,12,CLT,nao,0
60,2600.92,2.5,736.0,8337.81,6,CLT,nao,0
37,5542.79,7.4,586.0,9679.3,36,servidor_publico,nao,0
58,4764.81,4.7,614.0,6734.76,12,CLT,nao,0
50,2022.88,1.3,589.0,9416.97,6,CLT,nao,0
33,4095.3,1.0,642.0,14401.64,24,CLT,nao,0
65,3655.73,9.2,554.0,8273.2,6,autonomo,nao,0
40,2277.3,1.9,715.0,7971.79,24,CLT,nao,0
25,4433.31,7.6,719.0,14689.67,36,servidor_publico,nao,0
68,3946.01,3.0,531.0,15339.97,12,CLT,nao,0
65,3498.46,1.7,680.0,4725.04,6,CLT,nao,0
20,3506.18,1.8,588.0,9712.89,6,CLT,nao,0
64,3465.09,3.1,625.0,7041.34,6,servidor_publico,nao,0
67,2974.3,0.3,757.0,9985.77,18,CLT,nao,0
61,3932.02,1.8,559.0,25136.56,18,CLT,nao,1
31,2555.1,11.5,703.0,12498.06,36,CLT,nao,1
50,15697.32,13.8,661.0,40407.04,18,CLT,nao,0
45,1677.18,1.9,603.0,11415.6,24,CLT,sim,0
50,2639.63,5.4,653.0,8882.18,18,CLT,sim,0
50,2756.84,4.6,642.0,9771.32,18,autonomo,sim,0
51,11184.36,1.2,516.0,10858.56,36,servidor_publico,nao,0
44,1761.51,5.5,565.0,12208.08,24,CLT,sim,0
53,4602.05,2.5,526.0,5193.8,24,CLT,nao,0
45,4173.94,3.6,595.0,8505.31,18,CLT,nao,0
18,4374.21,6.3,741.0,6180.43,36,servidor_publico,nao,0
19,7186.71,2.6,672.0,19326.92,12,autonomo,nao,0
67,7106.08,2.6,491.0,2830.8,6,CLT,nao,0
65,2841.18,5.1,595.0,10959.77,18,autonomo,nao,0
48,4050.96,7.7,641.0,3689.29,12,CLT,nao,0
27,1306.03,4.9,687.0,13107.69,48,CLT,nao,0
58,3844.89,2.7,561.0,7636.63,48,aposentado,nao,0
25,2352.67,7.2,509.0,3038.39,12,CLT,nao,1
37,3286.21,4.4,615.0,18259.67,18,CLT,sim,0
35,1440.93,8.9,671.0,1928.21,18,autonomo,nao,0
18,4549.08,10.5,641.0,9697.05,12,autonomo,nao,0
59,1432.09,4.8,540.0,15510.52,6,CLT,nao,0
44,3950.34,8.4,778.0,24218.59,48,autonomo,nao,0
34,1854.6,8.6,611.0,3475.17,24,autonomo,nao,0
44,2281.75,3.2,637.0,7076.85,18,servidor_publico,nao,0
18,6871.26,8.6,560.0,20017.75,12,CLT,nao,0
40,5030.9,3.7,720.0,20916.77,18,CLT,nao,0
45,6850.4,5.9,671.0,22753.71,12,servidor_publico,nao,0
35,8585.67,3.4,648.0,52314.45,12,autonomo,nao,0
61,2380.2,0.8,516.0,7110.65,48,CLT,nao,0
30,8303.52,12.6,718.0,12607.51,24,autonomo,sim,0
25,1626.15,5.7,688.0,7904.5,12,CLT,nao,0
45,5488.2,6.1,711.0,2741.27,12,aposentado,nao,0
64,2775.72,4.0,623.0,9334.74,36,autonomo,nao,0
37,2182.74,8.6,613.0,2707.18,24,servidor_publico,nao,0
20,5104.91,3.2,604.0,7054.79,48,autonomo,nao,0
68,6122.48,3.3,825.0,3811.19,36,servidor_publico,nao,0
41,6023.34,1.4,571.0,13164.21,18,CLT,nao,1
26,4097.67,4.3,513.0,5966.75,24,CLT,sim,0
50,3915.02,8.3,586.0,3101.42,18,CLT,nao,1
34,4864.78,3.2,572.0,17373.1,6,servidor_publico,nao,0
66,4303.01,1.2,733.0,6684.6,6,autonomo,sim,0
33,4903.7,7.1,498.0,7473.61,6,CLT,nao,0
46,4073.26,5.1,569.0,5242.0,48,CLT,nao,0
46,5787.94,11.6,637.0,20887.36,48,autonomo,nao,0
30,1487.77,1.8,734.0,11799.79,18,autonomo,sim,0
43,3387.34,5.7,684.0,6644.15,48,CLT,sim,0
23,1700.85,1.1,766.0,2852.29,36,autonomo,nao,0
51,4239.44,3.5,651.0,50610.39,6,CLT,nao,0
57,8982.75,4.0,602.0,35831.72,12,CLT,nao,1
67,2805.27,0.8,697.0,25286.26,18,CLT,nao,0
34,3904.9,7.9,497.0,6266.28,36,CLT,nao,0
32,5519.64,6.4,466.0,7146.55,24,CLT,nao,0
46,1167.65,5.1,708.0,12841.44,18,servidor_publico,nao,1
54,2732.14,1.2,639.0,5535.82,48,CLT,nao,0
69,4449.22,2.0,707.0,5202.48,12,CLT,nao,0
19,740.0,7.0,543.0,25541.58,48,CLT,nao,1
30,2127.61,3.5,736.0,9548.69,36,CLT,nao,0
31,6670.65,2.9,680.0,4779.47,36,servidor_publico,nao,0
31,6321.1,8.4,617.0,18383.96,6,autonomo,nao,0
42,4473.27,3.9,639.0,6815.58,6,autonomo,nao,1
63,5914.77,1.3,651.0,2733.72,48,CLT,nao,0
19,4098.22,6.9,543.0,4733.27,36,CLT,sim,0
60,4941.71,1.2,585.0,7074.69,12,CLT,nao,0
50,3060.67,3.5,650.0,11418.31,48,autonomo,sim,0
49,3880.41,4.4,582.0,11065.96,12,CLT,nao,0
53,2571.38,5.9,488.0,21983.57,18,servidor_publico,nao,0
24,7294.79,0.9,647.0,8483.93,12,aposentado,nao,0
56,8407.32,0.3,695.0,7312.39,18,autonomo,sim,0
30,7777.2,0.3,716.0,22231.83,36,CLT,nao,0
44,2908.93,9.2,668.0,18697.69,6,autonomo,nao,0
53,2154.74,0.8,694.0,8614.93,48,CLT,nao,0
49,7349.12,10.8,709.0,11965.94,12,aposentado,nao,0
34,4910.59,7.4,627.0,7266.58,48,CLT,nao,0
38,4362.15,1.6,429.0,4649.87,48,autonomo,nao,0
42,2569.59,0.4,724.0,41282.89,24,CLT,nao,0
20,4601.4,3.7,540.0,6958.87,6,autonomo,nao,0
55,2004.39,2.3,518.0,11989.01,24,CLT,nao,0
23,5160.22,8.5,521.0,3696.07,36,CLT,nao,1
41,7772.82,4.3,844.0,15973.61,48,CLT,nao,0
52,8929.14,3.5,660.0,4519.66,6,CLT,nao,0
22,5375.94,3.0,526.0,29456.59,36,CLT,nao,1
69,1702.56,5.9,558.0,31834.84,12,servidor_publico,sim,0
37,4058.35,3.3,620.0,14295.0,36,CLT,nao,0
18,11811.45,12.3,669.0,10664.47,24,autonomo,nao,0
52,2258.07,0.7,645.0,8762.01,48,CLT,nao,0
46,3524.35,2.7,536.0,9595.95,6,autonomo,nao,0
51,7922.31,5.3,649.0,12913.17,24,aposentado,nao,1
57,5112.4,4.8,565.0,10491.64,36,CLT,nao,0
42,14243.93,12.2,714.0,18734.24,18,aposentado,nao,0
60,2433.1,1.9,625.0,5448.56,12,autonomo,nao,1
37,2112.51,0.1,552.0,26722.3,12,autonomo,sim,0
46,7138.58,7.0,682.0,7519.63,36,CLT,nao,0
26,1886.1,4.2,654.0,6094.72,12,aposentado,nao,0
50,3267.49,7.1,577.0,12527.7,48,servidor_publico,nao,0
31,3511.84,4.6,686.0,13059.34,12,CLT,nao,0
54,6436.85,0.2,677.0,3200.83,18,CLT,nao,0
59,5104.34,4.8,728.0,7239.29,48,CLT,nao,0
62,4681.56,1.9,684.0,2411.89,6,CLT,nao,0
66,2918.03,2.7,601.0,6379.15,18,CLT,nao,0
24,7102.86,3.2,468.0,6560.24,48,aposentado,nao,1
25,33329.67,1.2,637.0,12008.26,12,servidor_publico,nao,0
66,5325.2,1.8,651.0,5930.91,12,CLT,nao,0
37,3846.12,6.2,625.0,6917.56,6,CLT,nao,0
19,1783.22,6.2,349.0,23098.59,6,autonomo,nao,0
32,2564.16,0.6,681.0,37862.82,12,servidor_publico,nao,0
61,3237.18,4.2,538.0,5439.34,48,autonomo,nao,0
36,2713.43,6.7,682.0,19197.15,24,servidor_publico,nao,0
21,3608.9,3.9,773.0,12734.56,12,autonomo,nao,0
55,9680.89,4.4,597.0,3196.42,36,CLT,nao,0
28,7229.62,0.7,659.0,5917.91,24,CLT,nao,0
36,3336.38,8.3,623.0,1382.86,12,servidor_publico,nao,0
18,1873.28,1.3,667.0,12213.76,12,autonomo,nao,0
49,7597.33,2.6,629.0,4915.19,12,autonomo,nao,0
41,3544.03,6.7,573.0,10797.31,36,autonomo,nao,0
63,1408.7,10.4,539.0,52634.06,36,CLT,nao,0
35,5387.5,2.8,763.0,27876.51,24,CLT,nao,1
28,6400.48,14.3,659.0,6011.6,18,servidor_publico,nao,0
26,958.87,4.0,695.0,5137.34,24,CLT,nao,0
28,2313.45,3.6,656.0,22935.43,48,CLT,nao,0
41,3426.35,1.5,708.0,5150.65,24,autonomo,nao,0
22,5453.33,2.6,539.0,18849.28,24,CLT,nao,0
38,2741.72,4.3,627.0,58589.61,12,autonomo,nao,0
62,2303.82,5.3,665.0,15352.32,18,autonomo,nao,1
57,5431.35,5.2,736.0,21367.13,6,autonomo,nao,0
51,2814.17,2.4,861.0,19815.5,18,aposentado,nao,0
64,4905.59,9.1,657.0,6890.41,36,CLT,nao,0
58,1975.68,3.7,561.0,11951.64,36,aposentado,sim,0
51,1730.59,3.6,512.0,5315.15,48,autonomo,nao,0
62,5515.94,1.4,539.0,22889.95,18,servidor_publico,nao,1
24,4183.43,5.7,550.0,4888.63,36,servidor_publico,nao,0
60,6047.2,3.4,359.0,15609.62,36,CLT,nao,0
33,2716.43,2.8,559.0,20653.02,36,CLT,nao,0
56,2351.23,1.0,685.0,7189.9,36,CLT,nao,0
65,7695.53,1.0,627.0,6194.1,18,autonomo,nao,0
43,1575.57,4.6,597.0,8863.52,18,CLT,nao,0
22,7246.71,10.0,474.0,5540.94,24,CLT,nao,0
37,7527.19,3.0,715.0,10956.17,18,servidor_publico,nao,0
39,5843.29,3.0,666.0,5453.26,36,servidor_publico,nao,0
66,2494.16,5.8,619.0,5716.08,48,autonomo,nao,0
67,2323.69,8.1,422.0,14121.97,6,CLT,nao,0
47,3243.7,2.2,576.0,14785.66,24,servidor_publico,nao,0
67,1785.99,1.4,659.0,8178.1,18,aposentado,nao,0
40,2145.37,3.3,617.0,3394.2,6,CLT,sim,0
39,5190.6,5.1,637.0,21185.23,12,CLT,nao,0
61,5203.79,0.3,682.0,7394.85,36,servidor_publico,nao,0
52,2044.14,2.5,634.0,37816.65,18,CLT,nao,0
45,5280.98,3.1,678.0,9081.02,6,autonomo,nao,0
41,4674.45,2.7,544.0,10810.31,36,autonomo,nao,0
54,8353.51,0.9,510.0,7475.32,12,CLT,nao,1
57,4979.2,2.5,663.0,11593.69,18,CLT,nao,0
43,6517.33,3.1,681.0,94823.14,12,autonomo,nao,0
19,4733.37,1.6,667.0,7888.57,36,autonomo,nao,0
23,6241.41,4.3,632.0,22688.5,48,servidor_publico,nao,0
25,1793.79,6.4,591.0,10497.7,48,CLT,nao,0
42,3405.14,6.6,639.0,21225.65,6,servidor_publico,nao,0
49,3563.72,2.0,654.0,2819.38,48,CLT,nao,0
59,3184.14,5.0,660.0,35037.61,24,CLT,nao,0
30,4647.75,4.7,855.0,12353.15,36,servidor_publico,sim,0
58,5161.12,11.6,537.0,8316.19,6,CLT,nao,0
52,4517.62,5.1,900.0,17803.52,48,CLT,nao,0
20,3303.31,5.3,507.0,10867.6,12,CLT,nao,0
36,2429.28,7.4,655.0,4693.25,18,autonomo,nao,0
33,6657.19,1.1,512.0,2048.51,48,autonomo,nao,1
64,4413.19,3.7,648.0,32433.21,36,servidor_publico,nao,0
65,2079.25,10.5,708.0,8562.5,24,CLT,nao,0
60,3273.03,10.6,623.0,6644.84,36,CLT,nao,0
45,1395.75,2.5,708.0,6989.11,18,CLT,nao,0
43,3712.47,10.3,582.0,25639.9,48,aposentado,nao,0
34,3264.6,2.8,436.0,7197.06,6,autonomo,nao,1
58,2654.58,4.4,676.0,15045.55,24,CLT,nao,0
22,8703.93,0.7,623.0,7962.44,6,CLT,nao,0
32,1927.76,8.8,577.0,4378.12,18,CLT,nao,0
25,5369.64,2.7,583.0,17780.1,24,autonomo,nao,1
43,12120.94,0.9,657.0,20271.13,48,CLT,nao,0
33,6584.66,3.2,547.0,6364.19,48,autonomo,nao,0
28,3578.34,0.2,654.0,9657.19,36,CLT,nao,0
37,1951.32,5.6,727.0,10541.3,48,CLT,nao,0
62,1721.35,7.7,805.0,13217.95,6,autonomo,nao,0
47,2903.43,1.4,746.0,35644.1,24,autonomo,sim,0
60,2495.26,1.4,635.0,8018.32,24,CLT,nao,0
65,2450.99,5.3,643.0,7986.21,6,autonomo,nao,0
64,3042.78,5.8,584.0,8831.19,24,servidor_publico,nao,0
36,3441.85,2.0,578.0,5364.51,6,autonomo,nao,0
63,4754.59,1.6,698.0,3231.15,24,autonomo,sim,0
65,1843.11,6.8,592.0,10796.16,12,autonomo,nao,0
67,2501.8,0.8,653.0,13942.96,48,CLT,nao,0
36,3334.84,2.4,533.0,9912.92,12,CLT,nao,0
29,3269.8,1.6,743.0,9501.84,24,CLT,nao,0
48,9996.93,5.3,591.0,5518.3,24,CLT,nao,0
66,4137.04,1.7,718.0,11661.66,48,autonomo,nao,0
64,1498.96,7.5,557.0,11052.46,18,autonomo,nao,0
47,4582.5,2.3,552.0,13476.19,18,CLT,nao,0
25,4915.33,4.6,740.0,12214.63,36,aposentado,sim,0
39,3398.81,1.7,564.0,12784.4,6,servidor_publico,nao,0
55,1868.02,4.0,479.0,23323.29,24,CLT,nao,0
47,9575.18,1.9,526.0,14356.07,18,CLT,nao,0
35,2021.44,1.3,697.0,13526.37,48,CLT,nao,0
35,5236.58,5.8,688.0,3188.7,24,aposentado,nao,0
21,4064.43,1.7,551.0,19629.19,36,autonomo,nao,0
33,5066.7,1.7,563.0,8155.06,36,autonomo,nao,1
52,9309.32,3.7,681.0,10420.05,6,aposentado,nao,0
30,4958.71,4.2,738.0,4326.93,24,autonomo,nao,0
69,2677.76,1.3,614.0,38500.16,36,servidor_publico,nao,0
22,6689.51,5.0,670.0,1981.8,18,CLT,nao,0
48,2573.17,1.8,699.0,26036.98,12,CLT,nao,0
43,3983.66,1.0,814.0,13047.53,18,CLT,nao,0
61,1787.91,2.7,516.0,2868.54,6,servidor_publico,nao,0
64,2062.54,2.6,560.0,37184.91,48,CLT,sim,0
46,3745.32,4.7,574.0,13821.04,6,CLT,nao,0
50,4457.97,11.9,694.0,2136.86,6,servidor_publico,nao,0
54,1427.51,3.7,597.0,7520.61,6,CLT,nao,0
45,4786.28,5.2,648.0,14008.71,12,autonomo,nao,0
27,2319.98,0.7,631.0,30139.88,12,CLT,nao,0
40,7360.1,7.7,620.0,7585.46,24,CLT,nao,0
30,3000.16,3.0,630.0,1771.37,6,CLT,nao,0
42,1962.57,1.0,713.0,25549.25,36,servidor_publico,sim,0
49,3795.96,7.5,533.0,13681.93,18,CLT,nao,0
28,2199.69,3.1,607.0,2318.88,18,CLT,nao,0
30,7316.74,6.7,511.0,12366.57,24,autonomo,sim,0
60,3642.01,12.7,640.0,13247.55,6,CLT,sim,0
37,3349.54,0.8,602.0,8013.91,24,CLT,sim,0
28,5041.66,1.7,716.0,5780.62,24,CLT,nao,0
55,2094.94,5.8,620.0,6658.67,36,servidor_publico,nao,0
55,1791.78,3.3,580.0,8010.59,6,servidor_publico,nao,0
60,4557.79,0.2,598.0,12463.61,6,CLT,nao,0
57,1988.59,2.4,775.0,16521.77,6,autonomo,nao,0
69,1988.22,2.8,479.0,2450.16,48,CLT,nao,0
47,5768.78,3.1,564.0,11688.74,18,CLT,nao,0
32,4859.96,1.7,623.0,13591.03,12,CLT,nao,0
62,1826.93,9.1,563.0,11047.31,6,servidor_publico,nao,0
31,2590.16,0.7,664.0,7607.15,12,autonomo,nao,0
33,2214.87,4.4,615.0,24906.32,18,autonomo,sim,0
61,9671.86,2.1,643.0,23714.97,48,CLT,nao,0
63,5992.75,1.9,631.0,7800.65,36,autonomo,nao,0
35,2888.62,8.3,611.0,9376.85,48,CLT,nao,0
55,4998.57,2.7,504.0,16345.31,6,CLT,nao,0
65,1726.92,4.4,636.0,22781.59,24,servidor_publico,nao,0
59,2515.04,6.1,461.0,5824.97,18,aposentado,nao,0
18,3857.12,3.4,560.0,5013.91,12,aposentado,nao,0
52,4669.12,8.3,664.0,11827.77,18,autonomo,nao,0
26,3450.92,0.9,727.0,4767.96,24,autonomo,nao,1
62,4173.07,4.6,831.0,2795.46,6,CLT,nao,0
21,3801.25,12.0,581.0,5806.63,48,servidor_publico,nao,0
69,3327.69,4.4,542.0,12979.89,36,CLT,nao,0
27,3093.69,0.5,667.0,27169.4,48,CLT,sim,0
39,2880.03,4.8,788.0,6243.54,6,CLT,nao,0
30,4136.34,9.3,758.0,9129.14,6,servidor_publico,nao,0
60,4563.97,2.5,527.0,10950.1,48,CLT,nao,0
38,4060.65,2.4,607.0,6492.55,48,autonomo,nao,0
56,1904.11,5.7,697.0,6169.32,24,autonomo,nao,0
21,2101.88,5.0,703.0,12304.74,12,CLT,nao,0
41,4534.11,3.5,673.0,4544.48,12,servidor_publico,nao,0
65,8179.78,1.8,580.0,6010.01,36,servidor_publico,nao,0
66,3959.32,2.2,672.0,8676.02,48,CLT,nao,0
28,2903.24,1.3,704.0,12204.99,36,CLT,sim,0
38,4119.09,0.5,536.0,3696.31,18,autonomo,nao,0
39,1948.37,7.7,740.0,9090.35,36,CLT,sim,0
47,7479.48,5.9,709.0,4276.73,12,CLT,nao,0
45,4034.46,5.5,553.0,6344.03,6,servidor_publico,nao,0
23,2519.46,5.4,703.0,16524.63,18,CLT,nao,0
57,3321.8,2.8,693.0,9433.29,18,CLT,nao,0
29,2724.74,2.5,697.0,29286.9,24,CLT,sim,0
34,7490.71,1.1,762.0,9443.4,36,CLT,nao,0
61,3257.67,6.3,619.0,18568.25,36,CLT,nao,0
53,3965.75,16.8,650.0,16590.8,12,CLT,nao,0
38,4991.79,4.6,383.0,9812.45,24,autonomo,nao,0
65,2422.56,6.9,720.0,4208.35,6,servidor_publico,nao,0
38,4050.28,6.9,712.0,9243.43,48,CLT,nao,0
47,4234.16,9.7,742.0,7000.24,18,servidor_publico,nao,0
30,1548.83,1.6,536.0,6826.57,48,CLT,nao,0
27,4183.83,0.7,707.0,10952.07,48,CLT,nao,0
43,3550.45,3.9,712.0,3857.52,12,servidor_publico,nao,0
47,3910.74,3.1,561.0,5608.29,6,autonomo,nao,0
59,3713.0,15.8,715.0,5126.4,48,aposentado,nao,0
38,4198.76,1.4,662.0,8389.65,18,autonomo,nao,0
64,7597.23,11.8,467.0,6007.09,6,aposentado,nao,0
49,1903.16,3.1,673.0,6269.31,24,CLT,nao,0
21,3016.39,1.2,551.0,10808.1,48,CLT,nao,0
56,5253.45,10.4,469.0,7407.92,24,CLT,nao,0
47,4743.4,1.6,653.0,9928.1,12,servidor_publico,nao,0
38,4687.59,6.9,614.0,4792.45,18,CLT,nao,0
42,16555.4,4.0,746.0,5776.34,12,CLT,nao,0
33,5103.97,11.8,636.0,37292.16,24,aposentado,nao,0
49,6781.92,8.0,690.0,6289.81,18,autonomo,nao,0
47,3075.15,3.0,666.0,2517.0,18,CLT,nao,0
41,2108.85,10.4,712.0,12362.01,12,CLT,nao,0
32,3062.92,5.1,540.0,6246.77,6,autonomo,nao,0
38,5386.11,3.6,638.0,11596.99,36,servidor_publico,nao,0
43,4553.97,4.0,607.0,9337.58,36,autonomo,nao,0
42,4545.02,7.1,679.0,14149.29,6,CLT,nao,0
34,3236.06,2.9,643.0,9276.55,12,CLT,nao,0
48,2964.34,2.3,565.0,8541.92,18,CLT,nao,0
29,3298.02,1.8,590.0,20871.68,24,servidor_publico,nao,0
44,5423.31,4.6,768.0,2340.71,48,autonomo,nao,0
24,5781.39,1.9,468.0,4181.53,36,servidor_publico,nao,0
42,2093.45,7.2,684.0,5788.85,24,CLT,nao,0
58,5537.44,2.8,732.0,3293.32,36,CLT,nao,0
60,2545.55,5.3,672.0,7247.4,24,autonomo,nao,0
54,4712.18,8.3,797.0,6797.08,48,autonomo,nao,0
56,3276.13,9.9,704.0,18649.14,48,CLT,nao,0
21,8614.34,4.2,655.0,9345.25,18,autonomo,nao,0
35,2893.03,0.4,578.0,8617.43,6,CLT,sim,0
52,4016.78,0.4,656.0,7731.86,48,autonomo,sim,1
59,5082.84,7.1,681.0,4995.05,12,autonomo,nao,0
48,2251.43,1.5,620.0,17659.27,12,CLT,nao,0
62,3497.94,2.7,553.0,21732.19,6,autonomo,nao,0
32,3144.4,7.8,512.0,4501.17,36,CLT,nao,0
25,2744.63,2.3,637.0,28368.55,12,CLT,nao,0
22,2858.79,1.1,487.0,6398.77,48,aposentado,nao,0
48,6711.7,2.8,578.0,6068.48,12,servidor_publico,nao,0
52,2619.65,6.1,401.0,13457.82,6,CLT,nao,0
32,4971.74,2.2,695.0,14261.64,24,autonomo,nao,0
58,4328.72,5.5,724.0,9449.13,12,CLT,nao,0
56,1688.61,1.1,627.0,7902.35,12,servidor_publico,nao,0
36,4844.23,1.8,785.0,21205.79,6,CLT,nao,0
30,1673.32,2.8,741.0,6600.2,24,CLT,nao,0
56,5143.3,8.6,663.0,9464.47,12,CLT,nao,0
52,2754.65,2.5,610.0,29761.23,36,servidor_publico,nao,0
26,3657.74,2.2,589.0,4150.13,12,servidor_publico,nao,0
31,1786.74,2.2,671.0,7345.75,18,CLT,nao,0
43,3894.46,5.5,607.0,19270.64,18,autonomo,nao,0
44,6062.17,6.6,669.0,13949.52,24,CLT,nao,0
26,2335.94,8.3,676.0,17696.31,36,CLT,nao,0
67,2607.27,13.1,599.0,4188.61,6,CLT,nao,0
38,4675.27,4.6,719.0,12194.31,12,servidor_publico,nao,0
37,4739.99,2.0,599.0,8222.39,36,CLT,nao,0
21,954.51,3.2,622.0,43350.39,48,CLT,nao,0
63,11031.1,1.6,532.0,16749.03,18,servidor_publico,nao,0
30,4869.29,4.0,596.0,9754.59,6,CLT,nao,0
69,5341.73,1.8,814.0,11918.34,48,CLT,nao,0
43,3364.56,8.3,539.0,10252.6,24,aposentado,nao,0
63,1312.32,4.3,659.0,15589.61,24,servidor_publico,nao,0
27,5276.92,10.1,579.0,5672.61,18,CLT,nao,0
26,2668.17,6.4,421.0,24038.0,36,CLT,nao,0
59,4910.65,6.0,670.0,4183.6,12,autonomo,nao,0
60,3228.13,1.0,570.0,11308.14,18,CLT,nao,0
46,4150.24,5.5,649.0,5791.91,36,autonomo,nao,0
19,2377.37,12.9,709.0,10176.51,18,CLT,nao,0
67,5857.12,2.6,641.0,18811.28,48,servidor_publico,nao,0
38,1893.9,7.4,650.0,3251.84,18,CLT,nao,0
66,12519.76,0.8,542.0,8864.76,24,CLT,nao,0
63,12467.39,1.4,684.0,3882.2,24,autonomo,nao,0
62,8937.26,3.3,603.0,8253.57,36,CLT,nao,0
53,7343.08,2.2,440.0,3875.56,24,autonomo,nao,0
53,3475.52,1.8,694.0,10994.61,18,aposentado,nao,0
45,6916.05,2.2,722.0,7502.48,36,autonomo,nao,0
19,3453.36,5.1,753.0,16084.79,36,CLT,nao,0
38,1549.31,7.5,815.0,21994.83,6,servidor_publico,nao,0
55,8322.86,5.4,690.0,9965.87,24,CLT,nao,0
60,6774.04,5.6,666.0,17692.14,48,CLT,nao,0
47,3578.73,3.5,718.0,24308.91,24,CLT,nao,0
54,1855.94,1.3,540.0,5435.1,48,autonomo,sim,0
19,2637.51,3.3,470.0,25153.21,18,CLT,nao,0
42,1337.25,4.1,577.0,9662.32,12,CLT,sim,0
44,6122.92,7.7,735.0,5239.89,18,CLT,sim,0
64,1507.46,11.2,561.0,12016.07,6,CLT,nao,0
34,4263.12,4.8,662.0,9444.03,6,autonomo,sim,0
29,2289.23,7.2,672.0,3965.72,24,CLT,nao,0
36,1661.23,0.3,642.0,4838.3,6,autonomo,nao,0
26,4150.96,2.8,505.0,28688.58,6,CLT,nao,0
47,3030.28,3.5,651.0,11861.74,18,servidor_publico,sim,0
51,5773.33,5.3,582.0,25930.27,12,CLT,nao,0
59,1813.14,11.4,773.0,7549.43,12,CLT,nao,0
68,2400.61,4.6,722.0,5877.82,24,CLT,sim,0
21,979.26,0.7,585.0,3313.78,12,aposentado,nao,0
30,1095.11,5.7,779.0,18567.82,24,autonomo,sim,0
33,9788.91,2.6,651.0,12924.9,18,CLT,nao,0
30,11452.68,5.3,470.0,7593.86,12,CLT,nao,1
61,3831.45,6.0,613.0,5912.19,36,CLT,sim,0
25,2314.37,0.6,767.0,20588.03,48,CLT,nao,0
19,3089.77,3.3,546.0,8819.91,36,autonomo,nao,0
62,5886.79,3.4,614.0,8881.76,12,CLT,nao,0
67,2743.76,4.5,498.0,6697.56,24,CLT,nao,0
29,4149.32,1.9,512.0,7594.29,6,autonomo,nao,0
35,3615.5,1.5,545.0,14151.56,6,CLT,nao,0
44,2662.85,11.3,510.0,3941.49,6,CLT,nao,0
45,2726.01,4.2,564.0,10430.39,36,CLT,nao,0
69,4278.37,1.6,776.0,18418.86,48,servidor_publico,nao,0
39,2127.52,2.3,617.0,9366.61,24,servidor_publico,nao,0
18,4667.84,11.6,691.0,19638.5,48,autonomo,nao,0
39,2809.13,8.7,718.0,23656.41,18,servidor_publico,nao,0
46,3905.15,2.1,520.0,17806.67,6,CLT,sim,0
44,7794.55,1.3,545.0,6979.86,48,CLT,sim,0
44,3319.25,1.4,689.0,9671.76,36,CLT,nao,0
65,6038.39,8.1,563.0,12391.31,24,CLT,nao,0
59,1358.83,2.5,683.0,7292.94,6,servidor_publico,nao,0
31,2811.01,0.9,771.0,7136.52,48,CLT,nao,0
36,3696.82,2.3,489.0,6862.63,6,CLT,nao,0
52,10486.37,4.5,588.0,51705.24,6,CLT,nao,0
39,1238.96,3.3,602.0,8298.18,6,servidor_publico,nao,0
40,3453.3,8.8,573.0,19823.81,48,servidor_publico,nao,0
26,8112.64,4.5,565.0,5624.51,36,autonomo,sim,0
31,2364.3,5.0,576.0,29916.15,6,CLT,nao,0
56,3238.74,6.9,619.0,7738.25,18,servidor_publico,nao,0
61,4369.73,6.6,635.0,10243.87,24,servidor_publico,nao,1
58,4029.83,2.3,706.0,3007.1,24,autonomo,nao,0
34,8614.26,1.4,618.0,20451.07,12,autonomo,nao,0
25,4659.49,4.3,721.0,23543.21,6,CLT,nao,0
26,7557.34,3.8,567.0,4574.6,6,autonomo,nao,0
38,2986.91,4.6,512.0,21239.6,48,servidor_publico,nao,0
44,2422.88,4.9,593.0,4149.58,24,CLT,sim,0
64,3215.87,10.7,662.0,14925.76,48,CLT,nao,0
64,1924.64,2.9,697.0,8207.63,48,CLT,nao,0
18,4750.15,5.0,751.0,23589.69,12,aposentado,nao,0
54,2944.71,1.4,646.0,11637.34,6,CLT,nao,0
33,2516.23,1.8,688.0,18132.38,24,aposentado,nao,0
28,4789.89,3.7,743.0,22126.73,12,autonomo,nao,0
46,1941.0,1.6,550.0,8191.31,36,CLT,nao,0
19,5562.35,5.8,601.0,9712.93,48,autonomo,nao,0
35,2798.71,5.2,869.0,4806.54,48,CLT,nao,0
46,6887.77,2.1,697.0,8143.57,12,CLT,nao,0
32,2933.63,3.1,666.0,34634.22,18,CLT,nao,0
48,5154.11,8.2,700.0,16175.59,36,autonomo,nao,0
41,4018.88,4.2,500.0,5019.12,12,CLT,nao,0
59,5481.57,15.0,562.0,28579.29,24,CLT,nao,0
27,3867.91,3.1,529.0,12744.46,18,servidor_publico,nao,0
20,1458.45,3.3,658.0,16979.74,24,CLT,nao,0
45,6341.28,3.7,587.0,13613.86,24,servidor_publico,nao,0
31,3469.53,0.7,629.0,13001.8,48,CLT,nao,0
54,5620.83,3.2,592.0,2701.29,18,autonomo,nao,1
22,5322.17,3.1,474.0,20323.31,12,CLT,nao,0
47,2379.6,6.1,700.0,2286.28,6,CLT,nao,0
69,2201.43,8.4,461.0,19156.4,36,autonomo,nao,0
22,5221.01,2.8,555.0,10558.84,36,servidor_publico,nao,0
33,3081.63,0.4,502.0,17035.45,18,CLT,nao,0
61,6093.85,4.1,541.0,10970.45,48,CLT,nao,0
45,3301.03,1.6,638.0,19505.25,18,autonomo,nao,0
27,6392.47,4.4,731.0,10001.56,18,servidor_publico,nao,0
29,4595.43,4.3,480.0,11879.89,6,autonomo,sim,0
57,4265.81,2.0,570.0,12875.66,24,CLT,nao,0
62,2964.0,4.1,463.0,33560.92,24,CLT,nao,1
36,4137.45,0.9,566.0,14620.48,18,servidor_publico,nao,0
42,7016.85,4.6,626.0,4205.07,24,CLT,nao,0
58,3533.99,6.6,689.0,6859.66,24,CLT,nao,0
27,4876.32,5.3,429.0,14598.92,36,autonomo,nao,0
28,3734.98,2.4,670.0,22445.26,6,CLT,nao,0
58,3899.22,6.2,532.0,6189.35,24,CLT,nao,0
27,9394.46,5.7,511.0,42443.13,18,autonomo,nao,0
58,7051.19,5.9,626.0,11093.81,18,servidor_publico,sim,0
43,3803.48,9.1,676.0,13008.64,18,servidor_publico,nao,0
69,4096.75,4.9,611.0,4380.21,36,CLT,nao,0
19,2474.94,1.4,522.0,20436.13,48,servidor_publico,nao,0
67,3310.54,1.6,611.0,7407.44,12,autonomo,nao,0
29,4316.36,4.9,555.0,6094.71,6,CLT,nao,0
19,5812.92,3.2,674.0,8053.2,18,CLT,nao,0
55,5497.63,2.7,717.0,24313.95,12,aposentado,nao,0
45,1978.13,5.6,711.0,13396.29,6,CLT,nao,0
61,6231.3,1.2,618.0,5553.01,18,CLT,nao,0
23,3467.45,5.7,721.0,7011.13,24,autonomo,nao,0
22,2115.73,3.0,528.0,24741.03,48,autonomo,nao,0
47,7593.22,4.7,780.0,8487.52,36,CLT,nao,0
63,8142.1,1.3,528.0,14246.52,18,autonomo,nao,0
39,4209.34,5.8,437.0,16703.05,24,autonomo,sim,1
59,5376.73,7.4,743.0,1072.54,12,servidor_publico,sim,0
65,5553.02,23.5,556.0,22513.13,6,autonomo,nao,0
63,7845.34,4.4,631.0,5687.19,24,CLT,nao,0
44,5434.04,7.2,527.0,7829.22,18,servidor_publico,nao,0
54,1754.21,1.6,833.0,26918.19,12,autonomo,nao,0
45,10997.18,8.8,784.0,25349.16,48,CLT,nao,0
53,6542.74,1.0,759.0,13633.8,24,CLT,nao,0
47,2751.12,11.2,628.0,15890.64,24,autonomo,nao,0
45,2066.7,4.1,708.0,18688.71,36,CLT,nao,0
40,4806.13,1.1,615.0,25073.58,12,CLT,nao,0
51,3124.27,2.8,721.0,27236.74,24,CLT,nao,0
57,4365.54,7.1,583.0,10614.82,48,autonomo,nao,0
65,5480.07,3.2,763.0,6128.66,24,CLT,nao,0
49,2666.33,3.2,579.0,8384.59,48,autonomo,nao,0
23,1970.69,6.7,589.0,10750.2,6,autonomo,nao,0
48,4501.65,3.4,578.0,9561.56,36,CLT,nao,0
34,2715.24,8.4,637.0,5125.87,24,servidor_publico,nao,0
19,3945.59,2.3,585.0,13146.57,48,CLT,nao,0
21,1739.18,0.7,664.0,3572.2,48,autonomo,nao,0
48,3169.41,3.6,577.0,10461.97,6,CLT,sim,0
67,5394.98,3.9,691.0,10907.16,18,autonomo,nao,0
44,5081.0,2.2,757.0,10666.96,48,servidor_publico,nao,0
41,2359.97,4.6,627.0,17210.75,36,CLT,sim,0
22,1914.96,0.8,820.0,15789.4,6,aposentado,nao,0
53,3672.65,4.7,721.0,41971.28,24,CLT,nao,0
20,4957.06,1.3,812.0,7069.09,18,servidor_publico,nao,0
61,4549.84,1.1,614.0,11867.59,36,CLT,nao,0
60,2747.13,3.9,470.0,11383.31,24,CLT,nao,0
69,4288.98,1.0,556.0,11040.45,12,autonomo,nao,0
32,8318.98,0.5,566.0,4349.62,18,CLT,nao,0
26,4075.83,5.1,534.0,4585.9,48,servidor_publico,nao,0
33,1482.92,1.5,422.0,9938.82,18,servidor_publico,sim,0
59,4071.47,5.5,712.0,3553.43,12,autonomo,nao,0
29,11205.68,2.9,453.0,7964.64,6,CLT,nao,0
64,1793.52,3.9,704.0,6497.02,6,aposentado,nao,0
26,3700.96,7.2,817.0,8154.41,6,servidor_publico,nao,0
20,3214.78,4.9,550.0,20661.19,6,autonomo,nao,0
29,3838.11,5.6,655.0,4910.26,24,CLT,nao,0
57,4051.48,5.5,584.0,17419.92,24,CLT,nao,0
49,6815.7,2.1,694.0,6827.15,36,CLT,nao,0
36,3814.75,4.8,513.0,7402.78,24,servidor_publico,nao,1
52,7350.27,1.7,608.0,13394.57,12,CLT,nao,0
51,3412.8,4.8,721.0,8281.7,24,CLT,sim,0
46,3003.17,2.8,616.0,5540.81,18,CLT,nao,0
44,2519.84,3.3,473.0,7780.06,12,CLT,nao,0
23,1340.24,10.3,732.0,3118.75,24,autonomo,nao,0
31,4237.29,5.3,503.0,12679.86,24,servidor_publico,nao,0
45,11267.75,2.2,627.0,1317.9,18,servidor_publico,nao,0
25,4684.57,0.8,672.0,17627.45,6,CLT,nao,0
42,5311.93,3.9,631.0,14763.6,6,CLT,nao,0
24,2901.06,0.9,848.0,28027.25,36,CLT,nao,0
58,3183.12,11.2,686.0,40878.12,6,servidor_publico,nao,0
23,6257.61,3.4,602.0,18183.16,12,servidor_publico,sim,0
22,10990.44,6.7,674.0,6582.61,36,CLT,nao,0
51,8253.32,1.1,639.0,40627.67,18,CLT,nao,0
29,5669.66,5.2,624.0,4554.83,36,servidor_publico,nao,0
36,3712.02,7.7,642.0,2873.38,18,autonomo,nao,0
34,4086.1,5.5,581.0,32994.68,48,CLT,nao,0
29,2405.64,6.4,639.0,14632.68,18,CLT,nao,0
57,1641.73,4.9,575.0,2924.03,6,CLT,nao,0
53,1959.14,2.6,449.0,4101.12,36,CLT,nao,1
30,3742.05,1.7,723.0,14162.25,24,autonomo,nao,0
53,3100.77,2.0,569.0,5622.45,48,autonomo,nao,0
55,1622.64,11.4,633.0,6173.39,6,CLT,nao,0
46,3566.97,4.3,552.0,35531.49,24,autonomo,nao,0
48,3056.0,8.2,554.0,39987.66,36,CLT,sim,0
66,1910.14,2.3,526.0,10887.77,18,CLT,nao,0
41,2970.25,6.1,705.0,8974.83,12,CLT,nao,0
38,3051.77,1.6,727.0,17793.63,12,CLT,nao,0
46,2593.72,3.0,622.0,6870.25,6,aposentado,nao,0
61,6061.23,2.5,572.0,2321.94,24,CLT,nao,0
54,1278.45,10.5,468.0,1644.19,36,CLT,nao,0
21,1221.47,1.9,692.0,9434.81,18,autonomo,nao,0
41,3647.54,5.7,559.0,17557.23,6,CLT,nao,0
56,3838.63,5.0,519.0,10000.6,36,CLT,nao,0
29,4547.43,1.2,623.0,16755.38,48,CLT,nao,0
69,2706.91,8.3,590.0,17879.17,24,CLT,nao,0
60,2197.65,8.9,483.0,24365.57,6,CLT,nao,0
62,3626.33,4.3,496.0,11170.95,18,autonomo,nao,0
22,2855.87,3.8,650.0,11840.95,24,CLT,nao,0
48,8544.89,0.7,561.0,9663.2,48,CLT,nao,0
45,3046.28,1.1,666.0,8366.9,18,autonomo,nao,0
50,3535.99,2.9,633.0,3562.37,6,CLT,nao,0
62,14206.86,1.7,714.0,21200.7,36,CLT,nao,0
36,3271.1,6.7,545.0,7712.18,36,CLT,nao,0
45,4943.78,1.0,641.0,7430.28,12,CLT,nao,0
53,5195.09,0.9,677.0,6960.09,18,autonomo,sim,0
57,5444.01,5.3,564.0,4141.23,6,CLT,nao,0
58,4269.35,4.7,721.0,9361.84,6,CLT,nao,0
35,4050.57,4.1,470.0,13844.96,12,CLT,sim,0
69,3847.52,6.1,545.0,6257.67,6,servidor_publico,nao,0
18,2652.36,2.2,467.0,19427.42,12,CLT,sim,0
43,4354.81,2.6,554.0,7789.51,24,CLT,nao,0
49,11111.71,4.6,606.0,3654.72,18,CLT,nao,0
21,7085.99,4.3,695.0,24170.88,6,CLT,nao,0
41,4303.38,1.8,606.0,11259.87,24,CLT,nao,0
48,5829.62,7.5,566.0,17346.29,48,CLT,nao,0
49,2257.36,1.3,481.0,17614.17,24,CLT,nao,0
24,3154.92,2.8,511.0,5350.95,12,servidor_publico,sim,0
32,6132.25,1.3,648.0,7049.81,36,servidor_publico,nao,0
30,8249.78,14.6,699.0,19385.6,18,CLT,nao,0
51,2382.78,3.8,582.0,32626.87,6,autonomo,sim,0
35,2790.64,1.6,729.0,10312.75,24,CLT,nao,0
47,12085.44,2.6,535.0,6583.53,36,servidor_publico,nao,0
56,3838.91,4.6,585.0,29540.53,12,autonomo,nao,1
59,9925.37,6.7,592.0,6585.94,18,autonomo,nao,0
27,4079.67,1.7,758.0,12256.73,6,CLT,nao,0
64,4168.87,9.2,632.0,7494.62,18,autonomo,nao,0
26,3077.83,3.7,458.0,11788.71,18,autonomo,nao,0
19,6114.42,5.3,706.0,5353.23,12,autonomo,sim,0
20,7683.09,2.4,786.0,7757.93,24,CLT,nao,0
28,2060.59,4.8,598.0,6583.07,36,CLT,sim,0
63,2999.35,2.3,539.0,15221.36,18,CLT,nao,0
28,6022.71,2.7,698.0,11004.83,36,CLT,nao,0
54,3390.55,6.9,797.0,17538.09,18,CLT,nao,0
39,2775.64,5.1,696.0,5786.34,18,CLT,nao,0
20,6343.89,2.9,474.0,8643.02,24,CLT,sim,0
41,6680.17,6.6,688.0,14857.66,12,CLT,sim,0
19,2843.23,4.4,656.0,17294.7,48,CLT,nao,0
42,4092.05,0.5,534.0,3867.02,24,CLT,nao,0
47,1873.08,3.3,736.0,12168.03,18,aposentado,nao,0
45,2224.94,6.8,659.0,5833.59,12,CLT,nao,0
32,3898.28,11.2,738.0,17872.98,36,autonomo,nao,0
57,3704.39,1.4,524.0,33167.58,6,CLT,nao,1
49,2139.27,6.5,656.0,1812.12,6,CLT,nao,0
31,2455.82,3.7,539.0,6461.61,24,CLT,nao,0
40,2026.82,1.2,642.0,11748.15,18,CLT,nao,0
23,4676.4,1.3,753.0,9872.43,12,servidor_publico,nao,0
66,1233.73,1.5,492.0,18229.07,18,CLT,nao,1
57,2087.31,0.9,497.0,10419.06,36,CLT,nao,0
32,1306.86,1.1,706.0,7014.03,18,autonomo,nao,0
53,4584.61,3.8,619.0,5098.92,24,autonomo,sim,0
53,1350.86,0.5,725.0,4570.84,6,autonomo,nao,0
49,3705.05,1.7,547.0,6107.13,36,CLT,nao,0
20,8970.87,2.7,625.0,6854.68,6,servidor_publico,nao,0
63,9139.75,1.8,682.0,12701.04,12,CLT,nao,0
67,1348.5,1.0,639.0,8938.54,12,CLT,nao,0
68,4290.36,3.6,459.0,6482.87,18,servidor_publico,nao,0
68,2113.43,1.7,874.0,5135.56,12,servidor_publico,nao,0
66,1888.95,1.8,639.0,6268.49,36,aposentado,nao,0
56,3420.67,3.2,499.0,6859.42,18,CLT,nao,1
20,7154.95,5.6,648.0,6085.83,6,servidor_publico,nao,0
42,5063.5,2.1,659.0,15329.33,18,CLT,nao,0
30,2456.94,2.2,709.0,24082.21,6,servidor_publico,nao,0
29,5365.63,1.2,703.0,4608.05,12,autonomo,nao,0
61,1059.93,6.7,601.0,20486.37,24,CLT,nao,0
60,2406.38,3.7,465.0,15531.16,24,CLT,nao,0
45,2314.29,6.4,662.0,11124.61,24,autonomo,nao,0
56,3801.22,7.2,472.0,26697.67,18,CLT,nao,0
24,3256.62,2.1,729.0,8860.21,48,aposentado,nao,0
29,3368.39,6.1,554.0,12851.72,6,servidor_publico,nao,1
62,3307.36,3.9,677.0,10725.94,18,autonomo,nao,0
41,3686.1,2.2,561.0,10219.76,12,CLT,nao,0
46,4900.4,2.0,576.0,13337.69,6,autonomo,nao,0
42,3952.61,3.6,548.0,10200.32,24,autonomo,nao,0
28,3113.82,4.3,684.0,13399.55,6,CLT,nao,0
60,4541.27,0.4,564.0,6403.61,24,CLT,nao,0
57,5735.14,2.5,689.0,6534.97,48,autonomo,nao,0
53,2681.65,4.1,566.0,6384.74,36,CLT,sim,0
36,3523.92,4.9,599.0,7807.82,36,CLT,nao,0
51,6898.43,3.2,623.0,19122.77,12,CLT,nao,0
67,1985.21,4.8,634.0,7328.8,24,CLT,nao,0
51,9824.03,2.0,537.0,15124.93,24,CLT,nao,0
43,1743.18,4.7,683.0,11760.95,18,CLT,nao,0
32,3011.07,4.2,596.0,7428.48,18,autonomo,nao,1
45,2158.99,7.1,669.0,23178.23,6,servidor_publico,nao,0
37,12129.06,9.6,619.0,15970.08,48,autonomo,nao,0
49,2760.47,7.2,673.0,9908.6,48,CLT,sim,0
20,2764.29,2.9,583.0,9388.68,36,CLT,nao,0
27,2969.32,1.2,549.0,10518.83,24,CLT,nao,1
58,3837.52,1.7,658.0,3662.13,6,autonomo,nao,0
37,3039.22,9.4,576.0,5789.35,24,servidor_publico,nao,0
40,3384.33,3.7,751.0,13368.21,48,servidor_publico,sim,0
46,522.66,4.3,626.0,3537.23,6,CLT,nao,0
40,3757.23,6.4,496.0,6087.81,18,CLT,sim,0
57,3676.78,3.6,567.0,7668.27,48,autonomo,nao,0
30,6445.99,8.0,530.0,65341.03,48,aposentado,nao,0
57,7479.97,1.1,717.0,15335.55,18,aposentado,nao,0
28,3283.81,5.0,690.0,20196.65,12,aposentado,nao,0
37,5704.02,11.4,615.0,5864.39,12,CLT,nao,0
48,1986.52,8.4,646.0,12523.18,18,servidor_publico,nao,1
64,5552.69,8.7,612.0,3152.3,12,CLT,nao,0
30,2657.49,1.0,697.0,7983.25,24,CLT,nao,0
48,1897.74,4.2,667.0,13745.79,6,autonomo,nao,0
21,3287.64,3.2,683.0,3938.58,6,CLT,nao,0
21,7865.65,1.7,603.0,12778.75,6,CLT,nao,0
57,4022.07,4.2,563.0,13486.53,36,CLT,nao,0
55,8292.18,1.3,680.0,6690.03,48,CLT,nao,0
37,2411.96,4.8,760.0,5752.43,6,CLT,nao,0
50,6478.98,1.6,720.0,6217.31,48,autonomo,nao,0
37,2543.54,4.6,762.0,7898.93,6,CLT,nao,0
32,4121.33,1.8,635.0,8055.39,6,autonomo,nao,0
40,4101.78,2.8,533.0,13783.75,12,autonomo,nao,0
34,5238.66,2.6,541.0,6992.81,12,CLT,nao,0
60,4179.33,3.2,744.0,28039.85,48,servidor_publico,nao,0
39,2424.66,3.4,452.0,27907.99,6,CLT,sim,1
34,5908.63,2.6,755.0,11539.5,48,servidor_publico,nao,0
45,9437.17,1.5,549.0,7910.83,48,aposentado,nao,0
57,2640.99,7.4,793.0,6997.91,18,servidor_publico,nao,0
32,1326.93,3.6,614.0,12159.83,36,CLT,nao,0
66,4791.63,4.3,685.0,13624.36,24,autonomo,nao,0
42,3034.65,2.6,835.0,8684.95,48,CLT,nao,0
52,3387.66,14.9,590.0,7665.35,12,servidor_publico,nao,0
67,4943.84,3.8,589.0,12447.6,48,CLT,nao,0
40,2832.7,7.7,557.0,10351.4,18,autonomo,nao,0
28,3140.48,2.8,530.0,6823.45,48,CLT,nao,0
56,3445.88,5.2,590.0,10651.71,48,autonomo,nao,0
18,8171.15,3.1,570.0,6678.01,48,autonomo,nao,0
41,3701.67,6.8,507.0,6071.87,36,CLT,nao,0
68,1845.27,2.3,601.0,9865.16,18,CLT,nao,0
39,1886.1,1.3,660.0,6812.16,36,autonomo,nao,0
53,3930.71,4.3,539.0,6145.96,12,aposentado,nao,0
45,1956.31,7.2,605.0,19530.14,12,CLT,nao,0
29,1541.84,3.2,747.0,7669.96,36,autonomo,nao,0
34,5164.4,2.3,492.0,32800.04,36,CLT,nao,1
45,5305.37,1.1,794.0,14873.19,12,CLT,nao,0
23,2973.59,7.2,559.0,5805.39,48,CLT,nao,0
39,4279.16,1.7,638.0,21032.91,36,autonomo,nao,0
39,4037.85,2.5,735.0,6211.75,48,CLT,nao,0
61,5071.19,2.5,763.0,35691.79,18,servidor_publico,nao,0
24,5077.69,3.4,662.0,11464.67,24,CLT,nao,0
61,868.54,5.1,557.0,14082.23,24,autonomo,nao,0
39,3189.84,12.1,550.0,10098.27,6,CLT,nao,0
51,4840.86,4.4,568.0,11764.29,12,autonomo,nao,1
46,2905.17,1.1,790.0,8527.73,48,CLT,nao,0
33,3714.17,3.2,586.0,5422.02,36,CLT,sim,0
66,5502.1,4.5,649.0,12342.31,24,CLT,nao,0
29,3806.67,8.0,526.0,19266.43,6,autonomo,nao,0
19,8344.48,7.4,516.0,4564.58,6,autonomo,nao,0
57,6767.2,3.1,622.0,26938.4,24,CLT,nao,0
50,3411.1,3.7,591.0,14628.68,6,CLT,sim,0
64,3265.19,4.1,597.0,7450.3,6,CLT,nao,0
41,759.24,3.7,487.0,7364.27,24,CLT,nao,0
18,3042.47,3.2,613.0,33246.53,48,CLT,nao,0
19,1729.7,9.7,759.0,18218.1,48,CLT,sim,0
40,4112.05,2.0,543.0,20765.19,18,CLT,nao,1
30,3960.32,6.6,701.0,8406.92,48,CLT,nao,0
65,5338.61,5.7,308.0,14201.25,24,CLT,nao,1
24,7849.21,3.1,548.0,12420.41,48,autonomo,nao,1
63,3588.72,1.9,448.0,8835.01,12,autonomo,nao,0
29,12762.02,3.5,731.0,10625.55,24,autonomo,nao,0
24,4137.51,5.3,699.0,20364.19,48,CLT,sim,0
32,1771.14,0.1,527.0,27993.69,48,CLT,nao,0
25,2672.74,1.2,646.0,8404.54,48,CLT,nao,0
38,2966.06,0.3,728.0,4215.46,6,autonomo,nao,0
35,5042.56,4.3,742.0,28805.9,24,servidor_publico,nao,0
45,2162.48,4.2,583.0,29042.13,6,autonomo,nao,0
45,3090.58,1.4,421.0,12839.12,18,servidor_publico,nao,0
18,3332.33,1.7,539.0,31736.1,6,CLT,nao,0
24,2845.61,4.0,689.0,12245.94,36,CLT,nao,0
26,5688.94,0.8,809.0,5481.38,36,CLT,nao,0
28,5180.86,5.5,615.0,4218.0,6,CLT,nao,0
22,6916.13,2.9,565.0,4191.87,48,CLT,nao,0
34,3034.91,3.4,836.0,9926.49,48,servidor_publico,nao,0
46,7054.28,3.6,657.0,7309.57,48,CLT,nao,0
34,1719.52,1.1,510.0,6793.65,18,servidor_publico,nao,0
35,1696.61,3.6,609.0,9232.74,48,servidor_publico,nao,0
42,1867.6,5.1,710.0,17286.5,48,autonomo,nao,0
46,3659.44,1.9,614.0,6935.75,24,servidor_publico,nao,0
35,7053.7,1.7,691.0,6216.7,18,CLT,nao,0
29,2614.48,11.6,476.0,7239.76,36,servidor_publico,nao,0
39,2801.24,1.6,491.0,18008.54,6,autonomo,nao,1
19,3233.08,2.4,554.0,9456.79,18,autonomo,nao,0
43,4989.32,8.6,595.0,11872.02,6,autonomo,nao,0
66,2799.81,0.7,650.0,27159.04,36,servidor_publico,nao,0
38,2715.2,3.1,677.0,62826.21,6,servidor_publico,nao,1
23,1737.2,5.0,842.0,15006.7,36,CLT,nao,0
54,2658.6,3.2,554.0,14071.15,24,CLT,nao,0
24,6957.7,0.6,592.0,4582.76,18,CLT,nao,0
28,3827.66,1.2,556.0,12575.87,24,servidor_publico,nao,0
25,2423.77,0.5,717.0,10304.1,6,CLT,nao,0
63,7185.92,2.9,722.0,17675.97,36,autonomo,nao,0
69,2638.94,4.5,580.0,7671.75,12,CLT,sim,0
47,7950.38,1.9,806.0,11276.39,48,servidor_publico,sim,0
50,7879.22,2.6,556.0,14667.67,48,servidor_publico,nao,0
51,3754.86,2.6,713.0,33997.85,24,CLT,nao,0
49,1596.87,7.7,751.0,27349.45,24,CLT,nao,0
46,12825.94,4.0,497.0,22537.75,48,servidor_publico,nao,0
69,4505.26,3.6,672.0,15877.01,18,CLT,nao,0
56,3046.85,6.8,375.0,7477.38,18,CLT,sim,0
22,6160.24,0.9,694.0,15871.02,48,servidor_publico,nao,0
38,5357.57,3.9,521.0,5991.07,18,autonomo,nao,0
68,7487.69,2.2,671.0,8655.56,18,servidor_publico,nao,0
38,2529.33,8.4,688.0,31443.25,6,CLT,nao,0
28,4337.96,6.9,721.0,14040.32,12,autonomo,nao,0
63,1896.51,2.2,700.0,11470.78,12,servidor_publico,nao,0
50,5252.63,2.7,625.0,12471.63,36,autonomo,nao,0
47,3595.29,1.5,586.0,9311.56,24,servidor_publico,nao,0
39,4249.49,6.1,613.0,2437.48,18,servidor_publico,nao,0
24,3359.37,5.2,520.0,4350.95,48,CLT,nao,0
37,3171.49,2.8,601.0,14782.58,18,CLT,sim,0
40,2258.54,2.8,594.0,5440.61,18,autonomo,nao,0
66,5623.65,2.3,549.0,9228.66,36,servidor_publico,nao,0
33,8261.3,8.0,463.0,4456.69,12,servidor_publico,sim,0
25,2680.7,3.0,505.0,6203.56,18,CLT,nao,0
40,4936.67,2.4,336.0,9869.75,36,autonomo,nao,0
69,4617.93,5.7,592.0,18042.93,12,autonomo,nao,0
43,3657.2,0.2,652.0,20554.04,18,CLT,nao,0
37,1572.42,2.7,379.0,6139.42,6,autonomo,nao,1
52,1779.56,6.3,641.0,12080.61,36,aposentado,nao,0
51,2369.56,9.3,609.0,3918.53,48,CLT,nao,0
33,1122.76,2.0,514.0,10266.76,36,CLT,nao,0
68,7898.41,4.8,581.0,18391.73,24,CLT,sim,1
48,4457.02,1.9,715.0,9475.07,48,CLT,nao,0
20,3581.44,12.3,532.0,23276.43,48,autonomo,nao,0
39,1091.57,3.8,627.0,17051.57,18,servidor_publico,nao,0
65,1335.25,5.2,651.0,11577.99,24,autonomo,nao,0
38,3636.26,0.3,546.0,8414.33,48,servidor_publico,nao,0
47,10761.92,2.3,711.0,6993.14,12,autonomo,nao,0
49,2479.34,5.7,656.0,3836.52,36,CLT,nao,0
54,5855.22,0.9,597.0,4264.79,18,CLT,nao,0
63,2796.3,3.7,833.0,18896.04,6,CLT,sim,0
25,3753.27,9.6,711.0,26473.49,18,CLT,sim,0
44,7101.61,6.0,468.0,4901.65,24,CLT,nao,0
45,3010.09,4.9,585.0,10345.65,36,autonomo,nao,0
25,2491.01,2.4,842.0,3556.71,6,CLT,nao,0
53,7942.15,1.2,532.0,5245.32,24,CLT,nao,0
24,3733.33,3.2,626.0,11718.09,24,CLT,nao,0
41,6635.32,5.4,731.0,7064.57,24,aposentado,nao,0
35,2497.67,1.5,679.0,2848.29,36,CLT,sim,0
26,7892.52,5.9,692.0,30250.32,36,autonomo,nao,0
60,4232.28,3.9,686.0,9585.96,18,CLT,nao,0
30,4624.54,1.7,622.0,4827.75,12,CLT,nao,0
31,3914.32,0.7,549.0,10756.03,48,CLT,nao,0
62,2757.25,0.9,659.0,9390.34,48,CLT,nao,0
63,3637.58,3.1,584.0,13019.28,6,CLT,nao,1
19,2854.28,7.3,577.0,7935.44,18,CLT,nao,0
32,6171.83,1.8,753.0,12140.08,36,autonomo,nao,0
54,3256.21,8.0,586.0,18276.35,24,CLT,nao,0
58,1598.66,0.6,774.0,4201.43,48,CLT,nao,0
69,1445.65,3.5,643.0,6306.81,12,CLT,nao,0
46,1408.53,3.3,606.0,17077.55,48,servidor_publico,nao,0
18,5114.75,4.5,456.0,6916.05,12,CLT,nao,1
63,1932.7,3.9,811.0,9385.42,6,autonomo,nao,0
26,4294.31,2.4,619.0,7289.9,36,autonomo,nao,0
24,3924.98,2.4,416.0,7591.49,48,CLT,sim,0
53,3513.65,6.4,709.0,7183.86,18,CLT,sim,1
49,4633.76,3.7,615.0,4367.09,6,autonomo,nao,0
21,3972.17,0.3,536.0,13339.41,48,servidor_publico,sim,0
26,820.28,2.6,704.0,19741.87,6,servidor_publico,nao,0
48,3047.28,2.8,391.0,8824.45,24,CLT,nao,0
31,4599.98,2.8,556.0,18345.71,6,CLT,sim,0
53,8974.62,5.8,593.0,7192.52,24,CLT,nao,0
39,9205.46,2.1,697.0,6921.76,6,CLT,nao,0
48,1720.32,4.1,822.0,12925.44,18,aposentado,nao,0
42,3003.85,9.7,598.0,13066.32,18,CLT,nao,0
36,1538.61,7.4,661.0,9197.68,48,CLT,nao,0
35,8399.58,1.9,867.0,15364.0,36,CLT,nao,0
54,6355.47,3.7,620.0,4287.53,48,servidor_publico,nao,0
44,4415.27,0.1,662.0,8122.7,24,CLT,nao,0
48,3989.22,5.1,509.0,18529.73,12,CLT,nao,0
48,7780.28,1.1,796.0,18497.34,18,CLT,nao,0
28,7088.5,3.4,556.0,17041.67,24,CLT,sim,0
65,6883.79,3.0,644.0,19215.65,24,CLT,nao,0
47,4680.56,7.1,642.0,7768.63,48,servidor_publico,nao,0
55,3004.67,4.1,628.0,3266.98,48,autonomo,nao,0
63,5552.03,3.0,581.0,8364.81,6,autonomo,nao,0
66,5703.43,5.4,642.0,14963.92,36,CLT,nao,0
52,3278.53,7.9,778.0,16641.15,12,CLT,sim,0
58,3001.34,0.2,825.0,7029.87,24,autonomo,nao,0
42,6790.79,2.0,604.0,5275.29,48,CLT,nao,1
56,9093.03,9.9,580.0,5627.77,48,autonomo,nao,0
34,2411.09,13.1,547.0,6950.82,18,autonomo,nao,0
55,3149.95,1.7,862.0,2883.79,6,CLT,nao,0
22,4416.1,6.3,632.0,7025.88,48,CLT,nao,0
65,4758.22,1.7,720.0,10209.97,48,servidor_publico,nao,0
30,2731.75,1.3,683.0,9287.04,18,servidor_publico,nao,0
52,10259.26,3.1,819.0,7985.03,6,CLT,nao,0
18,4592.37,6.9,598.0,6323.2,24,CLT,nao,0
26,4876.88,2.8,520.0,6820.41,36,autonomo,nao,0
69,9579.55,6.8,787.0,6899.26,18,autonomo,nao,0
61,2844.14,7.2,701.0,15655.26,6,CLT,nao,0
29,3468.1,2.3,661.0,9891.15,18,servidor_publico,nao,0
24,1827.44,2.3,758.0,77532.03,24,servidor_publico,nao,0
60,3311.67,2.9,666.0,7974.32,48,CLT,nao,0
69,1605.34,3.5,761.0,13155.79,36,CLT,nao,0
26,5493.48,3.1,642.0,8090.76,36,CLT,nao,0
52,4587.08,3.7,701.0,7963.96,18,servidor_publico,nao,0
32,3126.32,2.5,667.0,27324.57,48,autonomo,nao,0
56,3445.3,1.2,591.0,18928.17,12,servidor_publico,nao,0
39,5534.78,11.4,602.0,3163.55,12,autonomo,nao,0
24,1949.47,2.0,585.0,5091.65,48,autonomo,nao,0
34,4073.64,0.7,644.0,9058.36,48,CLT,nao,0
46,5349.35,5.7,579.0,7071.85,36,CLT,nao,0
59,1366.15,1.4,659.0,3712.97,36,servidor_publico,nao,0
19,5306.65,5.3,656.0,10670.87,48,CLT,nao,0
67,1449.92,2.0,638.0,2919.65,6,aposentado,nao,0
51,3412.92,12.9,640.0,10747.08,36,CLT,nao,0
63,1920.1,8.7,569.0,15906.53,18,autonomo,sim,0
66,7999.91,3.0,595.0,17453.2,24,autonomo,nao,0
25,1926.74,4.9,470.0,9010.95,12,CLT,nao,0
22,1469.09,4.2,609.0,26424.06,18,CLT,sim,1
58,3918.03,1.9,531.0,12277.91,12,servidor_publico,nao,0
27,2899.99,5.6,629.0,17150.57,24,CLT,nao,0
25,1591.56,3.7,556.0,6132.93,48,CLT,nao,0
42,4861.97,4.1,435.0,26610.54,6,autonomo,nao,0
65,1217.65,5.2,823.0,9878.12,48,autonomo,nao,0
59,2059.19,3.2,599.0,27581.52,24,servidor_publico,nao,0
44,2653.49,1.7,750.0,23927.88,6,CLT,nao,0
28,5660.24,4.9,573.0,11701.41,24,CLT,nao,0
35,7424.25,5.9,773.0,12883.42,6,CLT,nao,0
53,6677.71,5.9,516.0,8804.7,36,aposentado,nao,0
26,3346.6,6.0,636.0,5811.13,12,servidor_publico,nao,0
45,958.13,4.5,522.0,14572.32,6,autonomo,nao,0
18,4514.14,0.7,854.0,14095.73,48,CLT,nao,0
34,8174.83,13.3,598.0,3455.99,24,servidor_publico,nao,0
30,7176.63,5.9,695.0,9378.67,24,CLT,nao,0
53,4696.73,2.6,661.0,17399.72,36,CLT,nao,0
65,1892.73,6.5,618.0,25661.04,24,CLT,nao,0
25,2727.34,1.3,667.0,15858.42,36,autonomo,nao,0
59,10547.01,5.3,742.0,3691.46,24,CLT,nao,0
52,1670.37,2.8,680.0,4987.11,6,CLT,nao,0
68,1936.6,1.3,635.0,7903.82,48,autonomo,nao,1
65,6114.41,1.3,667.0,24568.68,48,autonomo,sim,0
23,2872.28,4.8,792.0,6670.17,12,CLT,nao,0
56,1900.81,5.2,582.0,19694.41,24,CLT,nao,0
48,8437.02,1.6,453.0,6600.92,6,autonomo,nao,0
23,4691.84,2.8,521.0,13991.45,12,CLT,nao,0
31,2951.32,4.4,528.0,5372.14,24,CLT,nao,0
66,1938.8,2.3,541.0,8725.64,18,aposentado,nao,1
46,11226.96,11.8,544.0,4743.13,48,autonomo,nao,0
35,3592.31,4.8,618.0,25286.22,6,CLT,nao,0
34,7852.05,3.2,642.0,6300.26,36,autonomo,nao,0
61,5952.09,7.2,641.0,3620.45,24,autonomo,nao,0
32,2733.95,5.1,554.0,3438.86,48,CLT,nao,0
26,2745.95,4.4,709.0,9362.51,36,autonomo,nao,0
47,8066.49,4.9,668.0,7348.53,48,autonomo,nao,0
69,8138.69,6.0,762.0,15088.23,36,CLT,nao,0
27,1296.85,2.1,696.0,8494.5,12,CLT,nao,0
31,4926.48,0.5,589.0,21117.94,18,CLT,nao,0
42,3406.13,7.6,737.0,7703.88,36,autonomo,nao,0
28,2062.5,3.7,645.0,19287.51,48,autonomo,sim,1
51,4204.71,2.4,692.0,5328.57,48,servidor_publico,nao,0
31,1733.19,1.7,685.0,3725.04,24,CLT,nao,0
24,2817.06,1.5,609.0,5795.46,6,autonomo,sim,0
31,2346.87,4.0,629.0,4751.98,18,autonomo,nao,1
66,2765.88,3.4,608.0,4418.65,24,CLT,nao,0
66,3500.59,7.2,543.0,12950.3,36,aposentado,nao,1
44,2082.74,5.3,427.0,8334.8,12,CLT,nao,1
38,8649.43,5.9,558.0,10852.54,18,CLT,nao,0
60,4775.75,7.0,638.0,13945.43,36,servidor_publico,sim,0
28,9769.39,4.1,718.0,3308.66,48,autonomo,nao,0
52,3334.09,9.5,692.0,14334.93,12,CLT,nao,0
53,2692.34,2.0,595.0,4521.58,12,CLT,nao,0
54,9577.09,6.9,559.0,6802.65,18,autonomo,nao,0
29,2649.34,0.5,604.0,2893.2,24,CLT,nao,0
55,3300.86,0.6,532.0,15145.78,36,autonomo,nao,0
49,5410.12,1.2,430.0,3301.42,36,autonomo,nao,1
63,1843.19,3.2,481.0,4536.58,24,CLT,nao,0
27,5384.14,0.5,744.0,4755.57,48,autonomo,nao,0
49,5018.27,3.1,787.0,9102.51,6,CLT,nao,0
61,7318.27,2.6,688.0,8923.78,24,autonomo,nao,0
32,5940.36,12.5,615.0,16776.49,12,CLT,nao,0
56,7442.69,1.0,495.0,9246.77,24,CLT,nao,0
23,3426.41,3.9,605.0,18541.2,48,CLT,nao,0
55,2265.46,5.2,675.0,12664.54,48,CLT,nao,0
49,11620.1,9.1,695.0,5353.14,48,autonomo,nao,0
28,1572.34,5.8,682.0,6414.55,18,CLT,nao,0
21,1661.4,7.7,729.0,26420.07,36,CLT,nao,1
56,4968.24,4.3,795.0,21978.72,18,aposentado,nao,0
30,8899.43,1.8,584.0,16909.84,6,CLT,nao,0
43,4041.02,0.9,872.0,18417.71,12,CLT,nao,0
21,6308.27,6.2,438.0,13390.91,36,CLT,nao,0
68,1214.77,2.5,550.0,12305.72,6,servidor_publico,nao,0
46,2766.26,0.4,638.0,10222.18,24,CLT,nao,0
66,1298.97,2.7,669.0,29859.31,18,CLT,nao,0
26,5592.75,3.4,604.0,7317.12,18,servidor_publico,nao,0
28,1554.68,8.4,575.0,11570.28,36,CLT,nao,0
49,1802.99,2.8,818.0,3260.46,12,servidor_publico,sim,0
49,4830.54,3.4,571.0,3905.08,12,CLT,nao,0
59,6528.96,3.5,528.0,32204.31,6,CLT,nao,0
66,3336.13,6.8,772.0,14778.18,6,autonomo,nao,0
60,4982.04,1.9,696.0,8619.19,6,CLT,nao,0
25,4894.09,4.7,719.0,10414.05,6,CLT,nao,0
34,3234.13,2.3,638.0,4093.77,24,CLT,nao,0
65,1994.03,8.3,496.0,7492.98,12,CLT,nao,0
46,4967.59,9.6,628.0,3836.1,18,servidor_publico,nao,0
63,5101.05,3.9,484.0,8168.59,36,servidor_publico,nao,0
47,5953.37,4.4,642.0,15401.32,24,CLT,nao,0
20,4322.7,2.9,679.0,13288.39,6,CLT,sim,0
42,1914.72,0.6,717.0,27803.79,24,servidor_publico,nao,0
60,5322.44,3.5,612.0,11986.98,24,autonomo,nao,0
52,3638.19,3.3,687.0,1976.31,24,autonomo,nao,0
24,2791.95,2.6,539.0,35169.47,48,servidor_publico,nao,0
28,3096.26,2.9,707.0,5730.45,24,CLT,nao,0
62,2490.8,4.7,681.0,10996.88,36,CLT,nao,0
68,5936.44,4.5,548.0,10574.37,24,servidor_publico,nao,1
57,1669.1,2.9,668.0,11574.78,24,CLT,sim,0
23,2108.19,8.8,718.0,10211.18,6,autonomo,nao,0
